id,date,bedrooms,bathrooms,sqft_living,sqft_lot,floors,waterfront,view,condition,grade,sqft_above,sqft_basement,yr_built,yr_renovated,zipcode,lat,long,sqft_living15,sqft_lot15,sale_year,sale_month,sale_day,renovated,low_grade,high_grade,sqft_living_x_grade,waterfront_x_sqft_living,has_basement,age_at_sale,median_income,avg_household_size_2015,percent_married_2015,housing_units_2015,percent_owner_occupied_2015,percent_renter_occupied_2015,unemployment_rate_2015,percent_hs_grad_or_higher_2015,percent_bachelors_or_higher_2015,avg_household_size_2014,percent_married_2014,housing_units_2014,percent_owner_occupied_2014,percent_renter_occupied_2014,unemployment_rate_2014,percent_hs_grad_or_higher_2014,percent_bachelors_or_higher_2014
2591820310,2014-10-06,4,2.25,2070,8893,2.0,0,0,4,8,2070,0,1986,0,98058,47.4388,-122.162,2390,7700,2014,10,0,0,0,0,16560,0,0,28,106611,2.78,15.935921408835924,16692,73.01956836343044,26.980431636569556,5.35431150140261,97.63669462323647,42.85157011897796,2.74,16.106225715036956,16367,72.2486806538808,27.751319346119192,6.590114827758363,97.51918859649122,44.01041666666667
7974200820,2014-08-21,5,3.0,2900,6730,1.0,0,0,5,8,1830,1070,1977,0,98115,47.6784,-122.285,2370,6283,2014,8,3,0,0,0,23200,0,1,37,141013,2.36,20.038971348841685,22085,62.56938184923383,37.430618150766165,5.07985950029823,99.48958702950569,21.213527308458662,2.32,19.346653198985,21778,62.75248864405142,37.24751135594858,5.230427913543313,99.63049016040087,21.893457996248916
7701450110,2014-08-15,4,2.5,3770,10893,2.0,0,2,3,11,3770,0,1997,0,98006,47.5646,-122.129,3710,9685,2014,8,4,0,0,1,41470,0,0,17,185991,2.82,14.267360653577546,13727,77.46436154079466,22.535638459205337,6.640385009215646,100.15012703056432,27.042112556778815,2.81,13.709650387155165,13558,77.95756373072813,22.042436269271867,7.3147711184521,100.43854542632049,26.78619940233632
9522300010,2015-03-31,3,3.5,4560,14608,2.0,0,2,3,12,4560,0,1990,0,98034,47.6995,-122.228,4050,14226,2015,3,1,0,0,1,54720,0,0,25,119806,2.43,16.05333943799004,18001,61.237125332716126,38.76287466728388,6.750954198473283,99.64536699635606,34.17816241540864,2.44,17.057790319329666,18171,60.109001406469766,39.89099859353024,7.7933415340661085,99.85536782591545,35.227795674183156
9510861140,2014-07-14,3,2.5,2550,5376,2.0,0,0,3,9,2550,0,2004,0,98052,47.6647,-122.083,2250,4050,2014,7,0,0,0,0,22950,0,0,10,158457,2.49,16.67975909924064,26354,53.58728109111451,46.41271890888548,5.135890711012479,99.32081320083873,22.76187437323366,2.43,16.793908754119162,26472,53.10328204716185,46.896717952838145,5.753945061367621,99.18121641257467,25.27158244343474
1761300310,2014-08-27,4,2.0,1710,8288,1.5,0,0,3,7,1710,0,1970,0,98031,47.3947,-122.174,1710,7200,2014,8,2,0,0,0,11970,0,0,44,98657,2.97,17.82141658274589,12676,64.00824742268041,35.99175257731959,8.799066842478954,97.82912276247302,50.04020143032457,2.99,17.766172506738545,12903,63.46782097353806,36.53217902646194,10.101061398608502,97.60154576385098,48.943588020330154
7732410120,2014-08-19,4,2.5,2690,8036,2.0,0,0,4,9,2690,0,1987,0,98007,47.6596,-122.144,2420,8087,2014,8,1,0,0,0,24210,0,0,27,118634,2.48,20.499565396404225,11154,35.96800304732883,64.03199695267118,5.613278442135529,98.00031408679266,22.378683976338795,2.46,20.650383547461058,10912,35.5564209911401,64.4435790088599,7.187732216442614,98.34565872363737,24.130375239660367
7010701383,2014-10-17,3,2.5,1800,4400,1.0,0,0,5,7,1350,450,1970,0,98199,47.6599,-122.396,1920,4400,2014,10,4,0,0,0,12600,0,1,44,168132,2.27,15.401888530631044,9920,62.062574948217595,37.937425051782405,4.147350993377484,99.1690635985938,22.416107382550337,2.24,15.287600188590286,9908,63.396185047138786,36.603814952861214,4.887626368117638,99.1062108559499,21.711899791231733
291310170,2014-08-04,3,2.5,1600,2610,2.0,0,0,3,8,1600,0,2005,0,98027,47.5344,-122.068,1445,1288,2014,8,0,0,0,0,12800,0,0,9,140556,2.54,13.249890206411946,11360,71.30082050336497,28.699179496635015,4.680932365303783,100.03016439595798,34.07571263385451,2.48,13.001025458112265,11363,70.81061096219614,29.189389037803863,5.410590943975442,99.23960116829488,32.964044717494204
4232901990,2014-05-16,2,1.0,910,3600,1.0,0,0,4,7,910,0,1909,0,98119,47.6341,-122.361,1720,3600,2014,5,4,0,0,0,6370,0,0,105,112865,1.9,25.481150100191062,12166,40.59950184660311,59.40049815339689,4.838109415705247,98.6912347167212,21.78979392686987,1.89,25.428950611432366,12075,40.114135206321336,59.885864793678664,5.074963929489995,99.02767835838702,20.561918396564067
6840701125,2015-04-22,3,1.0,1830,4400,1.5,0,0,4,8,1720,110,1930,0,98122,47.6052,-122.3,1650,4400,2015,4,2,0,0,0,14640,0,1,85,94548,1.96,34.44654683065279,17551,33.21537815630061,66.7846218436994,4.870675176352032,98.85230330853253,23.880006332119677,1.95,33.01648693828051,17176,33.65877772971637,66.34122227028362,6.536089637800748,98.60956388992037,25.23827206337418
3971700580,2015-03-03,3,1.75,1930,14389,1.0,0,0,3,7,1130,800,1963,1998,98155,47.7733,-122.317,1730,14378,2015,3,1,1,0,0,13510,0,1,52,124531,2.48,16.52716001821175,13838,68.1508643268727,31.849135673127293,8.176812638295683,98.1925078457077,38.148015731140504,2.48,17.143465606587636,13823,68.9590238023501,31.040976197649893,9.775827429417362,98.56964422418308,37.801684193561385
4202400078,2015-01-28,2,1.0,1410,7000,1.0,0,0,3,7,1410,0,1968,0,98055,47.4908,-122.223,1540,6000,2015,1,2,0,0,0,9870,0,0,47,90525,2.52,17.770148765734834,9457,52.904097253489425,47.09590274651058,6.387272021730695,100.09902828495389,48.560995234263785,2.46,17.95350415747497,9186,54.91396235131077,45.08603764868923,6.44159566844494,98.96273530541683,49.161224228454344
6064800090,2015-05-07,3,2.25,1960,1985,2.0,0,0,3,7,1750,210,2003,0,98118,47.5419,-122.289,1760,1985,2015,5,3,0,0,0,13720,0,1,12,106930,2.75,18.80646044347112,17060,56.44829520663217,43.551704793367826,9.809241901003125,97.62032677053377,37.58809215308283,2.76,18.663888888888888,16861,55.8023285244242,44.1976714755758,10.945570971184631,97.02670100740065,37.2020995663939
2626119028,2015-03-23,3,1.0,1140,3240,1.5,0,0,4,6,1140,0,1910,0,98014,47.7093,-121.364,1140,4700,2015,3,0,0,0,0,6840,0,0,105,149028,2.67,15.914655473941938,2760,80.12255840674071,19.877441593259288,5.053892215568863,98.49246231155779,41.447236180904525,2.71,16.475644699140403,2796,80.17309205350118,19.82690794649882,5.778769841269842,97.50727046115496,41.29621936019942
3303980660,2014-06-03,4,3.75,4130,12320,2.0,0,0,3,11,4130,0,2001,0,98059,47.5194,-122.151,3690,11227,2014,6,1,0,0,1,45430,0,0,13,126846,2.75,13.177344215208938,13637,79.87440417643943,20.125595823560566,4.938333752831613,99.5200838844975,40.75657364090983,2.79,13.745595489781536,13401,78.51442602823818,21.485573971761816,6.100010041168792,99.15702883205734,41.01237986642776
862000020,2015-02-06,6,1.0,1430,20620,2.0,0,0,3,7,1430,0,1954,0,98004,47.6255,-122.209,2450,10080,2015,2,4,0,0,0,10010,0,0,61,157784,2.09,16.09075919420747,17462,44.548266529191906,55.451733470808094,6.039425544695026,99.71498371335505,20.39087947882736,2.11,16.54254118709095,16773,45.298507462686565,54.701492537313435,6.137602970182156,99.6095090971507,22.202197047717128
2386000070,2014-10-29,4,3.25,4360,91158,1.0,0,0,3,10,3360,1000,1993,0,98053,47.6398,-121.985,3540,90940,2014,10,2,0,0,0,43600,0,1,21,171822,2.69,9.269278791842558,8377,85.93194514982224,14.068054850177756,4.442119280890326,99.83973288814691,26.8313856427379,2.67,10.823743185947912,8200,82.85419620987496,17.145803790125047,5.704032486542639,99.89091900736297,26.56803926915735
1138000450,2014-10-16,4,1.0,1440,7215,1.5,0,0,3,7,1440,0,1969,0,98034,47.7133,-122.212,1150,7215,2014,10,3,0,0,0,10080,0,0,45,119806,2.43,16.05333943799004,18001,61.237125332716126,38.76287466728388,6.750954198473283,99.64536699635606,34.17816241540864,2.44,17.057790319329666,18171,60.109001406469766,39.89099859353024,7.7933415340661085,99.85536782591545,35.227795674183156
1775800420,2015-02-02,4,2.25,1960,14834,1.0,0,0,4,8,1330,630,1976,0,98072,47.7434,-122.095,1540,15000,2015,2,0,0,0,0,15680,0,1,39,157963,2.6,13.507779349363508,9217,75.10030952653904,24.899690473460964,4.844401668270773,98.9697933227345,34.97615262321145,2.6,13.562575408577382,9093,75.71628232005591,24.283717679944093,4.9586119070359755,99.31105530873737,35.92814371257485
2291401425,2014-09-10,5,2.0,1910,5508,1.0,0,0,3,7,1020,890,1968,0,98133,47.7074,-122.349,1030,7440,2014,9,2,0,0,0,13370,0,1,46,85059,2.18,19.780409147977647,22049,47.43003034828267,52.56996965171733,6.900681086745005,98.7952152014652,40.53628663003663,2.2,19.916468960063266,21780,48.4259846747035,51.57401532529649,9.163212725439678,98.85203345832132,41.53446783963081
2025770560,2014-11-03,4,4.25,4830,24663,2.0,0,0,3,11,5710,0,2007,0,98092,47.3065,-122.158,4060,23847,2014,11,0,0,0,1,62810,0,0,7,112735,2.77,17.21767115272089,16100,70.074142116659,29.92585788334099,8.37161127623165,98.55946766114585,47.855654272238674,2.7,17.027911100241507,15769,70.4232874883162,29.5767125116838,8.278795811518325,98.43809669288933,49.83960895134805
3525069037,2014-11-20,3,2.75,2590,211729,2.0,0,0,3,9,2590,0,1983,0,98074,47.6145,-122.001,3410,212137,2014,11,3,0,0,0,23310,0,0,31,229104,3.02,10.366720845184885,9070,87.03577124629757,12.96422875370244,4.483074107959744,100.24147476294245,16.24359502915366,3.03,10.087027329635095,8959,87.40808823529412,12.591911764705882,4.416132562138502,100.35249133707731,17.803799737125104
9324800450,2014-10-09,3,1.5,2790,6900,1.0,0,2,3,8,1700,1090,1955,0,98125,47.7328,-122.288,2410,8100,2014,10,3,0,0,0,22320,0,1,59,89983,2.18,19.775984583885343,18882,47.03408836061897,52.96591163938103,6.25,100.80028203772255,32.942005993301606,2.12,19.175038337558288,18728,45.79247434435576,54.20752565564424,6.600554974298321,100.34034541438865,33.71592019986242
8080400136,2014-06-20,3,3.25,1530,1565,2.0,0,0,3,8,1280,250,2005,0,98122,47.6179,-122.312,1530,1381,2014,6,4,0,0,0,12240,0,1,9,94548,1.96,34.44654683065279,17551,33.21537815630061,66.7846218436994,4.870675176352032,98.85230330853253,23.880006332119677,1.95,33.01648693828051,17176,33.65877772971637,66.34122227028362,6.536089637800748,98.60956388992037,25.23827206337418
8651540040,2014-07-18,3,2.25,1920,10961,2.0,0,0,3,8,1920,0,1981,0,98074,47.6432,-122.057,2000,10706,2014,7,4,0,0,0,15360,0,0,33,229104,3.02,10.366720845184885,9070,87.03577124629757,12.96422875370244,4.483074107959744,100.24147476294245,16.24359502915366,3.03,10.087027329635095,8959,87.40808823529412,12.591911764705882,4.416132562138502,100.35249133707731,17.803799737125104
9407001790,2014-08-26,3,1.0,1010,10800,1.0,0,0,4,7,1010,0,1972,0,98045,47.4483,-121.773,1370,9500,2014,8,1,0,0,0,7070,0,0,42,154803,2.6,11.896235479081142,5848,76.05357142857143,23.946428571428573,4.146459747817652,98.97304236200257,46.04522563444257,2.62,12.452140619561435,5880,76.65285534137993,23.34714465862007,4.789620468048987,98.46000993541976,46.656731246895184
1773101530,2014-12-18,1,1.0,520,4800,1.0,0,0,3,5,520,0,1930,0,98106,47.5533,-122.363,800,4960,2014,12,3,0,0,0,2600,0,0,84,94762,2.43,20.256740681998416,10747,46.417630200612706,53.58236979938729,9.329466197085837,100.42269832078749,44.035900405327155,2.5,19.96174407768895,10674,48.08038392321536,51.91961607678465,9.873452927270199,101.05257103416542,44.05843782353618
9432900250,2015-03-09,4,2.75,2420,8438,2.0,0,0,3,8,2420,0,1997,0,98022,47.2089,-122.011,2270,8770,2015,3,0,0,0,0,19360,0,0,18,112818,2.51,14.782116581777025,9214,71.14731044181414,28.85268955818587,6.198934280639431,94.7731755424063,59.927679158448385,2.52,13.98300218215229,9049,70.50333969465649,29.496660305343514,7.5844202251206,95.85578394199428,61.64438235881061
1794500695,2015-03-04,2,1.5,1110,3600,1.0,0,0,5,7,1110,0,1904,0,98119,47.6382,-122.359,1670,5400,2015,3,2,0,0,0,7770,0,0,111,112865,1.9,25.481150100191062,12166,40.59950184660311,59.40049815339689,4.838109415705247,98.6912347167212,21.78979392686987,1.89,25.428950611432366,12075,40.114135206321336,59.885864793678664,5.074963929489995,99.02767835838702,20.561918396564067
2220069003,2015-02-23,3,2.75,1360,211729,1.0,0,2,4,7,1140,220,1955,0,98022,47.2069,-122.024,1700,60548,2015,2,0,0,0,0,9520,0,1,60,112818,2.51,14.782116581777025,9214,71.14731044181414,28.85268955818587,6.198934280639431,94.7731755424063,59.927679158448385,2.52,13.98300218215229,9049,70.50333969465649,29.496660305343514,7.5844202251206,95.85578394199428,61.64438235881061
923000120,2015-04-08,3,1.5,2200,7620,1.0,0,0,4,7,1130,1070,1942,0,98177,47.7263,-122.363,2170,7672,2015,4,2,0,0,0,15400,0,1,73,153542,2.43,13.07924984875983,8212,79.67166859048352,20.32833140951648,5.038420387121875,99.43356309288201,27.4619531836484,2.43,12.346137193047566,8127,81.14840062926062,18.85159937073938,4.7893884163628995,99.46581196581197,26.716524216524217
5728000060,2014-08-01,3,1.75,1850,8823,1.0,0,0,4,8,1370,480,1973,0,98008,47.6379,-122.112,1880,7580,2014,8,4,0,0,0,14800,0,1,41,164219,2.69,15.393666045690754,9357,72.43788819875776,27.562111801242235,6.570794767842117,99.65975011155734,31.626506024096386,2.69,15.761031234506692,9349,72.46019286835613,27.53980713164387,7.243693589446886,99.19940949352714,32.716329775153305
16000200,2014-10-24,3,2.25,1640,4420,2.0,0,0,4,7,1640,0,1918,1983,98002,47.31100000000001,-122.21,1230,6632,2014,10,4,1,0,0,11480,0,0,96,68040,2.64,18.596016244440147,13738,50.49263025143848,49.50736974856152,8.921506062539885,96.5053019824804,61.71046565237437,2.61,18.7400560648534,13981,49.973103819257666,50.026896180742334,11.200844877927564,96.62962288212789,60.11568591728912
1926059094,2014-08-12,3,1.75,1340,10276,1.0,0,0,4,7,1340,0,1961,0,98034,47.7207,-122.222,2950,7987,2014,8,1,0,0,0,9380,0,0,53,119806,2.43,16.05333943799004,18001,61.237125332716126,38.76287466728388,6.750954198473283,99.64536699635606,34.17816241540864,2.44,17.057790319329666,18171,60.109001406469766,39.89099859353024,7.7933415340661085,99.85536782591545,35.227795674183156
6672900220,2015-01-12,4,2.25,2390,12292,1.0,0,0,5,9,2390,0,1962,0,98040,47.5528,-122.221,2870,12337,2015,1,0,0,0,0,21510,0,0,53,190985,2.51,9.818010174647295,10179,71.95032870708546,28.049671292914535,5.143830092302178,100.51344885932669,15.986930392671683,2.49,9.62381105055039,10139,74.13847948255751,25.861520517442475,4.498525073746313,100.2252118769632,17.157589047590825
3629860060,2015-03-12,5,4.25,3920,5823,2.0,0,0,3,9,3000,920,2000,0,98029,47.5492,-122.008,3000,5297,2015,3,3,0,0,0,35280,0,1,15,156427,2.51,10.307103610675039,11144,68.2339558251967,31.766044174803298,6.658926376178117,99.6974697469747,23.432343234323433,2.49,9.80519156992676,11047,66.38615281629531,33.6138471837047,7.2508398656215,99.70228064262442,25.536456577912592
1822069109,2014-09-10,3,2.5,2540,51836,1.0,0,0,4,8,1820,720,1976,0,98042,47.389,-122.088,1650,51836,2014,9,2,0,0,0,20320,0,1,38,122709,2.84,14.728895746087723,16573,81.84237202230106,18.157627977698937,5.7493896195951795,98.46322368633011,50.75872289700055,2.8,15.359349774536549,16818,82.74386406544997,17.25613593455003,6.523882775213978,98.58030168589174,52.2264944625193
6675500105,2014-07-29,3,2.0,1160,7217,1.0,0,0,3,7,1160,0,1969,0,98034,47.7279,-122.227,1870,9104,2014,7,1,0,0,0,8120,0,0,45,119806,2.43,16.05333943799004,18001,61.237125332716126,38.76287466728388,6.750954198473283,99.64536699635606,34.17816241540864,2.44,17.057790319329666,18171,60.109001406469766,39.89099859353024,7.7933415340661085,99.85536782591545,35.227795674183156
249000180,2014-12-01,4,4.25,4285,9345,2.0,0,0,3,10,4285,0,2013,0,98004,47.6332,-122.199,1570,8994,2014,12,0,0,0,0,42850,0,0,1,157784,2.09,16.09075919420747,17462,44.548266529191906,55.451733470808094,6.039425544695026,99.71498371335505,20.39087947882736,2.11,16.54254118709095,16773,45.298507462686565,54.701492537313435,6.137602970182156,99.6095090971507,22.202197047717128
226059065,2014-09-03,3,2.25,2260,54014,1.0,0,0,3,7,1450,810,1962,0,98072,47.7657,-122.131,2140,44431,2014,9,2,0,0,0,15820,0,1,52,157963,2.6,13.507779349363508,9217,75.10030952653904,24.899690473460964,4.844401668270773,98.9697933227345,34.97615262321145,2.6,13.562575408577382,9093,75.71628232005591,24.283717679944093,4.9586119070359755,99.31105530873737,35.92814371257485
396100110,2014-05-16,2,1.0,830,6017,1.0,0,0,4,6,830,0,1954,0,98133,47.7466,-122.334,1340,6040,2014,5,4,0,0,0,4980,0,0,60,85059,2.18,19.780409147977647,22049,47.43003034828267,52.56996965171733,6.900681086745005,98.7952152014652,40.53628663003663,2.2,19.916468960063266,21780,48.4259846747035,51.57401532529649,9.163212725439678,98.85203345832132,41.53446783963081
9264450460,2014-06-03,5,2.75,2481,4045,2.0,0,0,3,8,2481,0,2014,0,98001,47.2602,-122.284,2363,4175,2014,6,1,0,0,0,19848,0,0,0,103338,2.88,16.70823899612418,11853,78.03582680709334,21.964173192906653,7.520990889060918,99.03689573349462,55.469222537570374,2.84,16.314553990610328,11718,77.66858997475659,22.33141002524342,8.275337739049068,97.7865131732884,55.145303944967004
7853361210,2015-02-18,3,2.0,1650,5027,1.5,0,0,3,7,1650,0,2009,0,98065,47.515,-121.874,2430,6000,2015,2,2,0,0,0,11550,0,0,6,175750,2.93,10.615415255925114,4953,79.75811584977721,20.241884150222788,4.1850514774702505,99.11081471601645,30.999221962876515,2.91,8.78239184647078,4755,78.93797411869701,21.06202588130299,4.645161290322581,99.65219477092828,32.369872871192136
9474700020,2014-05-03,3,1.0,1010,9945,1.0,0,0,4,6,1010,0,1973,0,98065,47.5324,-121.763,1390,12710,2014,5,5,0,0,0,6060,0,0,41,175750,2.93,10.615415255925114,4953,79.75811584977721,20.241884150222788,4.1850514774702505,99.11081471601645,30.999221962876515,2.91,8.78239184647078,4755,78.93797411869701,21.06202588130299,4.645161290322581,99.65219477092828,32.369872871192136
421000455,2015-05-02,3,1.0,1360,5840,1.0,0,0,4,5,1360,0,1953,0,98056,47.4945,-122.166,1250,6708,2015,5,5,0,0,0,6800,0,0,62,102196,2.51,19.700650139315567,13893,51.64368244502423,48.356317554975774,6.624963057826815,97.99134991266739,42.58920402561757,2.56,20.747436492907926,13631,51.246200607902736,48.753799392097264,7.454338464584468,97.1547942343848,43.680802172550656
3755200220,2014-07-18,4,2.0,1650,9305,1.0,0,0,4,6,1650,0,1960,0,98034,47.7183,-122.213,1860,7486,2014,7,4,0,0,0,9900,0,0,54,119806,2.43,16.05333943799004,18001,61.237125332716126,38.76287466728388,6.750954198473283,99.64536699635606,34.17816241540864,2.44,17.057790319329666,18171,60.109001406469766,39.89099859353024,7.7933415340661085,99.85536782591545,35.227795674183156
7960100075,2015-03-25,3,2.0,1540,3600,1.0,0,0,3,7,890,650,1994,0,98122,47.6103,-122.296,1540,3600,2015,3,2,0,0,0,10780,0,1,21,94548,1.96,34.44654683065279,17551,33.21537815630061,66.7846218436994,4.870675176352032,98.85230330853253,23.880006332119677,1.95,33.01648693828051,17176,33.65877772971637,66.34122227028362,6.536089637800748,98.60956388992037,25.23827206337418
9477100490,2015-04-24,3,1.75,1510,7700,1.0,0,0,3,7,1510,0,1968,0,98034,47.7283,-122.194,1440,7416,2015,4,4,0,0,0,10570,0,0,47,119806,2.43,16.05333943799004,18001,61.237125332716126,38.76287466728388,6.750954198473283,99.64536699635606,34.17816241540864,2.44,17.057790319329666,18171,60.109001406469766,39.89099859353024,7.7933415340661085,99.85536782591545,35.227795674183156
9138100350,2015-02-18,4,2.0,2290,6000,1.5,0,3,5,7,2290,0,1900,0,98115,47.6807,-122.318,2000,3150,2015,2,2,0,0,0,16030,0,0,115,141013,2.36,20.038971348841685,22085,62.56938184923383,37.430618150766165,5.07985950029823,99.48958702950569,21.213527308458662,2.32,19.346653198985,21778,62.75248864405142,37.24751135594858,5.230427913543313,99.63049016040087,21.893457996248916
1624049275,2014-08-12,4,2.5,1630,5361,2.0,0,0,3,7,1630,0,1999,0,98144,47.5704,-122.294,1920,5046,2014,8,1,0,0,0,11410,0,0,15,97953,2.26,24.435394298408,13211,47.05356417134033,52.94643582865967,4.982979222913488,99.13933472900675,31.98883461270063,2.24,23.04151393743074,12994,47.69384193467963,52.306158065320375,6.687801012009999,99.23316558830577,31.929067816918284
2770606890,2014-08-07,4,1.75,1520,5250,1.0,0,0,3,6,1520,0,1949,0,98199,47.6581,-122.39,1530,5250,2014,8,3,0,0,0,9120,0,0,65,168132,2.27,15.401888530631044,9920,62.062574948217595,37.937425051782405,4.147350993377484,99.1690635985938,22.416107382550337,2.24,15.287600188590286,9908,63.396185047138786,36.603814952861214,4.887626368117638,99.1062108559499,21.711899791231733
1157200189,2014-05-14,3,3.5,2100,12384,2.0,0,0,3,9,2100,0,1980,0,98188,47.4687,-122.263,2400,7776,2014,5,2,0,0,0,18900,0,0,34,77722,2.57,21.355714002772828,10041,42.85119667013528,57.14880332986473,8.525003709749221,99.28014754000833,56.91593789041585,2.5,21.801283022680202,10236,44.501647446457994,55.498352553542006,9.433817315817777,98.1617870838152,56.87503804248585
2770601800,2014-10-24,3,1.75,1560,6000,1.0,0,0,3,6,780,780,1944,0,98199,47.6501,-122.384,1560,1734,2014,10,4,0,0,0,9360,0,1,70,168132,2.27,15.401888530631044,9920,62.062574948217595,37.937425051782405,4.147350993377484,99.1690635985938,22.416107382550337,2.24,15.287600188590286,9908,63.396185047138786,36.603814952861214,4.887626368117638,99.1062108559499,21.711899791231733
9301300805,2014-12-15,3,2.5,1300,1590,2.0,0,0,3,8,1100,200,2014,0,98109,47.6384,-122.343,1070,1223,2014,12,0,0,0,0,10400,0,1,0,124408,1.7,27.800957442136237,15202,28.230758246465797,71.7692417535342,3.0450204638472034,99.08156134571229,20.355395827093943,1.67,27.266207687894433,14434,30.246109023997548,69.75389097600245,3.8523274478330656,99.60608676883228,22.17785452190805
2325069032,2014-07-31,5,4.25,4720,18741,2.0,0,0,3,11,3210,1510,2005,0,98053,47.6347,-122.013,3880,37328,2014,7,3,0,0,1,51920,0,1,9,171822,2.69,9.269278791842558,8377,85.93194514982224,14.068054850177756,4.442119280890326,99.83973288814691,26.8313856427379,2.67,10.823743185947912,8200,82.85419620987496,17.145803790125047,5.704032486542639,99.89091900736297,26.56803926915735
1021079099,2014-11-06,3,2.5,1990,20466,1.5,0,0,4,8,1410,580,1987,0,98010,47.3259,-121.896,1660,93393,2014,11,3,0,0,0,15920,0,1,27,141579,2.57,13.38701560140916,2023,89.75431259801358,10.245687401986409,4.837398373983739,98.27384435342306,56.31948507899356,2.54,11.838658983761132,1978,90.11689691817216,9.883103081827842,4.036620890553475,98.94736842105263,61.702786377708975
7215730040,2014-05-15,4,3.0,3150,9130,2.0,0,0,3,9,3150,0,2001,0,98075,47.5974,-122.017,2970,6228,2014,5,3,0,0,0,28350,0,0,13,234261,3.16,10.383283441920526,7595,87.0674447007735,12.93255529922649,3.5686033224927485,99.95167414566794,21.139109423541594,3.16,11.460327261500463,7356,87.72919605077574,12.270803949224259,4.311893639956881,99.93420090656528,21.340839303991814
1853200080,2014-06-19,2,1.0,1620,9205,1.0,0,0,5,6,850,770,1921,0,98034,47.7119,-122.23,2460,5469,2014,6,3,0,0,0,9720,0,1,93,119806,2.43,16.05333943799004,18001,61.237125332716126,38.76287466728388,6.750954198473283,99.64536699635606,34.17816241540864,2.44,17.057790319329666,18171,60.109001406469766,39.89099859353024,7.7933415340661085,99.85536782591545,35.227795674183156
3224600340,2014-10-13,4,2.5,2790,6540,2.0,0,0,3,9,2790,0,1999,0,98074,47.6087,-122.016,2790,6270,2014,10,0,0,0,0,25110,0,0,15,229104,3.02,10.366720845184885,9070,87.03577124629757,12.96422875370244,4.483074107959744,100.24147476294245,16.24359502915366,3.03,10.087027329635095,8959,87.40808823529412,12.591911764705882,4.416132562138502,100.35249133707731,17.803799737125104
3222049120,2015-01-23,4,3.0,2320,13068,2.0,0,2,3,8,2320,0,1998,0,98198,47.3497,-122.317,2220,25265,2015,1,4,0,0,0,18560,0,0,17,76062,2.67,22.07152903355435,14123,54.47965869267103,45.52034130732896,7.476339026066727,96.01030110935024,51.96909667194929,2.66,22.372788556958557,14108,54.52003727865797,45.479962721342034,9.229583126824165,96.58536585365853,50.707716913234705
2113700025,2015-04-09,2,1.0,1129,3840,1.0,0,0,3,7,1129,0,1953,0,98106,47.5313,-122.351,1300,3880,2015,4,3,0,0,0,7903,0,0,62,94762,2.43,20.256740681998416,10747,46.417630200612706,53.58236979938729,9.329466197085837,100.42269832078749,44.035900405327155,2.5,19.96174407768895,10674,48.08038392321536,51.91961607678465,9.873452927270199,101.05257103416542,44.05843782353618
7893207925,2014-10-22,3,1.5,1290,7100,1.0,0,0,3,6,1290,0,1954,0,98198,47.4227,-122.332,1300,7183,2014,10,2,0,0,0,7740,0,0,60,76062,2.67,22.07152903355435,14123,54.47965869267103,45.52034130732896,7.476339026066727,96.01030110935024,51.96909667194929,2.66,22.372788556958557,14108,54.52003727865797,45.479962721342034,9.229583126824165,96.58536585365853,50.707716913234705
3586501085,2014-08-08,4,2.5,2290,26720,2.0,0,0,3,8,2290,0,1977,0,98177,47.7502,-122.374,2290,26720,2014,8,4,0,0,0,18320,0,0,37,153542,2.43,13.07924984875983,8212,79.67166859048352,20.32833140951648,5.038420387121875,99.43356309288201,27.4619531836484,2.43,12.346137193047566,8127,81.14840062926062,18.85159937073938,4.7893884163628995,99.46581196581197,26.716524216524217
8024200010,2014-10-28,2,1.0,1460,6000,1.0,0,0,2,7,1260,200,1925,0,98115,47.7009,-122.317,1580,6380,2014,10,1,0,0,0,10220,0,1,89,141013,2.36,20.038971348841685,22085,62.56938184923383,37.430618150766165,5.07985950029823,99.48958702950569,21.213527308458662,2.32,19.346653198985,21778,62.75248864405142,37.24751135594858,5.230427913543313,99.63049016040087,21.893457996248916
7116500705,2015-01-29,2,1.0,920,5889,1.0,0,0,4,6,920,0,1950,0,98002,47.3012,-122.218,1210,6180,2015,1,3,0,0,0,5520,0,0,65,68040,2.64,18.596016244440147,13738,50.49263025143848,49.50736974856152,8.921506062539885,96.5053019824804,61.71046565237437,2.61,18.7400560648534,13981,49.973103819257666,50.026896180742334,11.200844877927564,96.62962288212789,60.11568591728912
1598600209,2014-10-20,6,2.5,3080,8163,1.0,0,0,3,7,1580,1500,1985,0,98030,47.3859,-122.221,1850,8658,2014,10,0,0,0,0,21560,0,1,29,85188,3.09,19.65576092087585,12484,47.11751662971175,52.88248337028825,8.260646485377118,97.17440872714266,52.62663745696785,3.0,17.600482618203756,12534,46.087481666810454,53.91251833318954,8.848456113317134,97.94284650470073,53.155543144373084
7204200025,2014-10-28,4,2.5,3120,49456,2.0,1,4,4,9,2590,530,1974,1989,98198,47.3535,-122.323,2030,32181,2014,10,1,1,0,0,28080,3120,1,40,76062,2.67,22.07152903355435,14123,54.47965869267103,45.52034130732896,7.476339026066727,96.01030110935024,51.96909667194929,2.66,22.372788556958557,14108,54.52003727865797,45.479962721342034,9.229583126824165,96.58536585365853,50.707716913234705
4206901505,2015-03-26,2,1.0,1120,4000,1.0,0,0,3,7,1120,0,1926,0,98105,47.6567,-122.327,1620,4000,2015,3,3,0,0,0,7840,0,0,89,75214,2.39,34.427767354596625,16374,36.709440879926674,63.29055912007333,10.222291797119599,99.00454237943366,17.87474630327631,2.36,35.428375934705045,16197,36.734693877551024,63.26530612244898,9.713006949079345,99.13663286818593,17.643810862363214
2937300440,2014-09-08,4,2.5,3600,6055,2.0,0,0,3,9,3600,0,2014,0,98052,47.7053,-122.126,3590,6050,2014,9,0,0,0,0,32400,0,0,0,158457,2.49,16.67975909924064,26354,53.58728109111451,46.41271890888548,5.135890711012479,99.32081320083873,22.76187437323366,2.43,16.793908754119162,26472,53.10328204716185,46.896717952838145,5.753945061367621,99.18121641257467,25.27158244343474
7205000180,2015-04-17,4,2.25,2000,10374,2.0,0,1,4,7,2000,0,1967,0,98023,47.3342,-122.34,2170,10374,2015,4,4,0,0,0,14000,0,0,48,98057,2.84,17.422428414646312,18530,66.81093394077449,33.18906605922551,7.981084030556566,98.90960038986356,53.08845029239766,2.81,18.088104608353433,18625,64.76571428571428,35.23428571428571,8.736678507992895,98.46469418199901,51.54462953754351
8718500665,2014-07-24,3,1.0,1610,11250,1.0,0,0,3,7,1090,520,1975,0,98028,47.7391,-122.256,2040,10692,2014,7,3,0,0,0,11270,0,1,39,132191,2.67,13.599013968775678,8536,72.67970599227607,27.320294007723934,6.275532377227293,98.3883964544722,35.38812785388128,2.64,14.729697547035009,8635,73.22834645669292,26.77165354330709,7.076760377192209,98.22348793056686,36.54054787089775
5318101765,2014-06-02,3,1.75,1670,5400,2.0,0,0,5,8,1670,0,1912,0,98112,47.635,-122.284,2100,5400,2014,6,0,0,0,0,13360,0,0,102,153204,2.12,20.965110771983372,10930,55.615488345212874,44.38451165478713,5.323420074349442,99.23632488752072,17.546767700686715,2.12,21.08649789029536,11036,54.353054353054354,45.646945646945646,6.614844158756259,99.30969930969931,17.801567801567803
4122700020,2014-07-10,5,2.0,2310,13430,1.5,0,0,4,8,2310,0,1966,0,98004,47.6395,-122.203,2810,13906,2014,7,3,0,0,0,18480,0,0,48,157784,2.09,16.09075919420747,17462,44.548266529191906,55.451733470808094,6.039425544695026,99.71498371335505,20.39087947882736,2.11,16.54254118709095,16773,45.298507462686565,54.701492537313435,6.137602970182156,99.6095090971507,22.202197047717128
8078700020,2014-06-03,3,2.25,1800,43647,1.0,0,0,4,8,1800,0,1976,0,98072,47.7757,-122.132,2480,25608,2014,6,1,0,0,0,14400,0,0,38,157963,2.6,13.507779349363508,9217,75.10030952653904,24.899690473460964,4.844401668270773,98.9697933227345,34.97615262321145,2.6,13.562575408577382,9093,75.71628232005591,24.283717679944093,4.9586119070359755,99.31105530873737,35.92814371257485
3303980680,2015-02-28,4,3.5,3430,13609,2.0,0,0,3,11,3430,0,2001,0,98059,47.5196,-122.151,3880,11614,2015,2,5,0,0,1,37730,0,0,14,126846,2.75,13.177344215208938,13637,79.87440417643943,20.125595823560566,4.938333752831613,99.5200838844975,40.75657364090983,2.79,13.745595489781536,13401,78.51442602823818,21.485573971761816,6.100010041168792,99.15702883205734,41.01237986642776
8924100372,2015-04-23,4,3.5,3590,5334,2.0,0,2,3,9,3140,450,2006,0,98115,47.6763,-122.267,2100,6250,2015,4,3,0,0,0,32310,0,1,9,141013,2.36,20.038971348841685,22085,62.56938184923383,37.430618150766165,5.07985950029823,99.48958702950569,21.213527308458662,2.32,19.346653198985,21778,62.75248864405142,37.24751135594858,5.230427913543313,99.63049016040087,21.893457996248916
2781270210,2015-02-24,2,2.0,1180,3003,2.0,0,0,3,6,1180,0,2005,0,98038,47.3491,-122.02,1310,3003,2015,2,1,0,0,0,7080,0,0,10,135304,2.86,12.556807332442238,12545,84.88178488178488,15.118215118215117,8.23751596956063,99.08171413361725,51.89424185963978,2.88,13.27901930178551,12318,84.63165017339085,15.368349826609151,8.409014463504876,99.04576700434153,54.23299565846599
519000043,2014-07-14,3,2.5,1640,3804,2.0,0,0,3,8,1640,0,1998,0,98122,47.6103,-122.3,1440,3230,2014,7,0,0,0,0,13120,0,0,16,94548,1.96,34.44654683065279,17551,33.21537815630061,66.7846218436994,4.870675176352032,98.85230330853253,23.880006332119677,1.95,33.01648693828051,17176,33.65877772971637,66.34122227028362,6.536089637800748,98.60956388992037,25.23827206337418
3225069301,2014-06-12,4,2.5,4830,44947,2.0,0,4,3,11,4280,1450,1991,0,98074,47.6052,-122.064,3310,17628,2014,6,3,0,0,1,63030,0,1,23,229104,3.02,10.366720845184885,9070,87.03577124629757,12.96422875370244,4.483074107959744,100.24147476294245,16.24359502915366,3.03,10.087027329635095,8959,87.40808823529412,12.591911764705882,4.416132562138502,100.35249133707731,17.803799737125104
151000075,2015-02-06,3,2.5,2160,3920,2.0,0,0,3,9,2160,0,2014,0,98116,47.5762,-122.415,1500,4920,2015,2,4,0,0,0,19440,0,0,1,129924,2.05,15.481481481481483,12313,56.0263408716749,43.9736591283251,3.855525297405762,99.08641444539983,26.660576096302663,2.06,16.790914094161206,12217,55.1675732584664,44.8324267415336,4.419769214021336,99.34274850624661,28.636610537751224
2297400020,2014-09-02,3,2.25,1790,7125,1.0,0,0,3,7,1220,570,1974,0,98034,47.7184,-122.226,2040,7950,2014,9,1,0,0,0,12530,0,1,40,119806,2.43,16.05333943799004,18001,61.237125332716126,38.76287466728388,6.750954198473283,99.64536699635606,34.17816241540864,2.44,17.057790319329666,18171,60.109001406469766,39.89099859353024,7.7933415340661085,99.85536782591545,35.227795674183156
6617500085,2015-04-22,4,2.5,2900,5760,1.0,0,0,4,8,1660,1240,1959,0,98118,47.55,-122.272,2250,6098,2015,4,2,0,0,0,23200,0,1,56,106930,2.75,18.80646044347112,17060,56.44829520663217,43.551704793367826,9.809241901003125,97.62032677053377,37.58809215308283,2.76,18.663888888888888,16861,55.8023285244242,44.1976714755758,10.945570971184631,97.02670100740065,37.2020995663939
104510180,2015-02-11,3,2.25,1500,7210,1.0,0,0,3,7,1150,350,1984,0,98023,47.3124,-122.352,1500,7210,2015,2,2,0,0,0,10500,0,1,31,98057,2.84,17.422428414646312,18530,66.81093394077449,33.18906605922551,7.981084030556566,98.90960038986356,53.08845029239766,2.81,18.088104608353433,18625,64.76571428571428,35.23428571428571,8.736678507992895,98.46469418199901,51.54462953754351
3528900060,2014-06-26,3,2.5,2490,4000,2.0,0,0,5,8,1670,820,1918,0,98109,47.6403,-122.35,2310,4000,2014,6,3,0,0,0,19920,0,1,96,124408,1.7,27.800957442136237,15202,28.230758246465797,71.7692417535342,3.0450204638472034,99.08156134571229,20.355395827093943,1.67,27.266207687894433,14434,30.246109023997548,69.75389097600245,3.8523274478330656,99.60608676883228,22.17785452190805
3345100286,2015-02-19,4,2.5,3270,24750,1.0,0,0,4,8,1690,1580,1979,0,98056,47.5221,-122.178,1520,13480,2015,2,3,0,0,0,26160,0,1,36,102196,2.51,19.700650139315567,13893,51.64368244502423,48.356317554975774,6.624963057826815,97.99134991266739,42.58920402561757,2.56,20.747436492907926,13631,51.246200607902736,48.753799392097264,7.454338464584468,97.1547942343848,43.680802172550656
1226039130,2014-10-09,3,2.25,1980,7200,1.0,0,0,3,8,1300,680,1964,0,98177,47.7625,-122.36,1820,8250,2014,10,3,0,0,0,15840,0,1,50,153542,2.43,13.07924984875983,8212,79.67166859048352,20.32833140951648,5.038420387121875,99.43356309288201,27.4619531836484,2.43,12.346137193047566,8127,81.14840062926062,18.85159937073938,4.7893884163628995,99.46581196581197,26.716524216524217
8712100720,2014-08-15,3,2.0,2090,5015,1.5,0,0,5,7,2090,0,1920,0,98112,47.6378,-122.301,1930,4250,2014,8,4,0,0,0,14630,0,0,94,153204,2.12,20.965110771983372,10930,55.615488345212874,44.38451165478713,5.323420074349442,99.23632488752072,17.546767700686715,2.12,21.08649789029536,11036,54.353054353054354,45.646945646945646,6.614844158756259,99.30969930969931,17.801567801567803
3037200010,2015-03-05,2,2.25,1180,2090,2.0,0,0,3,7,1180,0,2004,0,98122,47.6032,-122.31,1550,2812,2015,3,3,0,0,0,8260,0,0,11,94548,1.96,34.44654683065279,17551,33.21537815630061,66.7846218436994,4.870675176352032,98.85230330853253,23.880006332119677,1.95,33.01648693828051,17176,33.65877772971637,66.34122227028362,6.536089637800748,98.60956388992037,25.23827206337418
3626039268,2014-05-16,1,1.0,1140,6700,1.5,0,0,3,7,1140,0,1920,0,98103,47.6958,-122.357,1350,6700,2014,5,4,0,0,0,7980,0,0,94,122656,2.11,22.87456037514654,24340,48.11213812347401,51.88786187652599,3.97510133178923,99.1585414718846,18.936823827968478,2.08,23.163301875522638,24335,48.10872624912034,51.89127375087966,4.7532645230375685,99.01151866677559,19.094300574571793
104510230,2014-11-19,3,2.0,1540,7210,2.0,0,0,4,7,1540,0,1984,0,98023,47.3128,-122.351,1500,7210,2014,11,2,0,0,0,10780,0,0,30,98057,2.84,17.422428414646312,18530,66.81093394077449,33.18906605922551,7.981084030556566,98.90960038986356,53.08845029239766,2.81,18.088104608353433,18625,64.76571428571428,35.23428571428571,8.736678507992895,98.46469418199901,51.54462953754351
5112800060,2014-06-06,4,1.75,2050,94525,1.0,0,0,4,7,1250,800,1959,0,98058,47.4492,-122.084,2270,47480,2014,6,4,0,0,0,14350,0,1,55,106611,2.78,15.935921408835924,16692,73.01956836343044,26.980431636569556,5.35431150140261,97.63669462323647,42.85157011897796,2.74,16.106225715036956,16367,72.2486806538808,27.751319346119192,6.590114827758363,97.51918859649122,44.01041666666667
6072400280,2014-06-19,4,2.5,2270,9247,1.0,0,0,5,8,1500,770,1972,0,98006,47.5602,-122.176,2270,9163,2014,6,3,0,0,0,18160,0,1,42,185991,2.82,14.267360653577546,13727,77.46436154079466,22.535638459205337,6.640385009215646,100.15012703056432,27.042112556778815,2.81,13.709650387155165,13558,77.95756373072813,22.042436269271867,7.3147711184521,100.43854542632049,26.78619940233632
5317100570,2014-12-15,3,2.5,2070,4944,2.0,0,0,3,9,2070,0,1930,0,98112,47.6256,-122.284,3300,6179,2014,12,0,0,0,0,18630,0,0,84,153204,2.12,20.965110771983372,10930,55.615488345212874,44.38451165478713,5.323420074349442,99.23632488752072,17.546767700686715,2.12,21.08649789029536,11036,54.353054353054354,45.646945646945646,6.614844158756259,99.30969930969931,17.801567801567803
9528102993,2014-12-29,3,1.5,1580,1228,3.0,0,0,3,8,1580,0,2014,0,98115,47.6765,-122.32,1580,3605,2014,12,0,0,0,0,12640,0,0,0,141013,2.36,20.038971348841685,22085,62.56938184923383,37.430618150766165,5.07985950029823,99.48958702950569,21.213527308458662,2.32,19.346653198985,21778,62.75248864405142,37.24751135594858,5.230427913543313,99.63049016040087,21.893457996248916
2919201095,2015-03-27,3,1.0,1270,3840,1.5,0,0,3,7,1270,0,1926,0,98103,47.6896,-122.357,1270,4175,2015,3,4,0,0,0,8890,0,0,89,122656,2.11,22.87456037514654,24340,48.11213812347401,51.88786187652599,3.97510133178923,99.1585414718846,18.936823827968478,2.08,23.163301875522638,24335,48.10872624912034,51.89127375087966,4.7532645230375685,99.01151866677559,19.094300574571793
6181400920,2015-04-30,3,2.5,1830,4997,2.0,0,0,3,7,1830,0,2004,0,98001,47.3035,-122.283,2488,4998,2015,4,3,0,0,0,12810,0,0,11,103338,2.88,16.70823899612418,11853,78.03582680709334,21.964173192906653,7.520990889060918,99.03689573349462,55.469222537570374,2.84,16.314553990610328,11718,77.66858997475659,22.33141002524342,8.275337739049068,97.7865131732884,55.145303944967004
185000161,2014-10-15,3,1.0,1780,7800,1.0,0,0,3,7,1060,720,1957,0,98178,47.4932,-122.263,1450,7800,2014,10,2,0,0,0,12460,0,1,57,96875,2.82,20.090596844044004,9752,59.93050885451693,40.06949114548308,5.811326633948742,99.90720334067974,49.350423384758145,2.76,19.902357951594475,9374,62.577187463590825,37.42281253640918,7.69108659417414,99.64886790168302,47.354401259232354
8691400010,2015-03-27,4,3.25,3330,7809,2.0,0,0,3,9,3330,0,2004,0,98075,47.5977,-121.976,3100,6465,2015,3,4,0,0,0,29970,0,0,11,234261,3.16,10.383283441920526,7595,87.0674447007735,12.93255529922649,3.5686033224927485,99.95167414566794,21.139109423541594,3.16,11.460327261500463,7356,87.72919605077574,12.270803949224259,4.311893639956881,99.93420090656528,21.340839303991814
3345700165,2014-12-02,3,2.25,2530,27227,2.0,0,0,3,8,2530,0,1987,0,98056,47.527,-122.193,2160,30192,2014,12,1,0,0,0,20240,0,0,27,102196,2.51,19.700650139315567,13893,51.64368244502423,48.356317554975774,6.624963057826815,97.99134991266739,42.58920402561757,2.56,20.747436492907926,13631,51.246200607902736,48.753799392097264,7.454338464584468,97.1547942343848,43.680802172550656
6151800486,2014-07-18,2,1.0,1270,19602,1.0,0,0,3,6,1270,0,1977,0,98010,47.3375,-122.048,1270,17699,2014,7,4,0,0,0,7620,0,0,37,141579,2.57,13.38701560140916,2023,89.75431259801358,10.245687401986409,4.837398373983739,98.27384435342306,56.31948507899356,2.54,11.838658983761132,1978,90.11689691817216,9.883103081827842,4.036620890553475,98.94736842105263,61.702786377708975
4340000080,2015-03-27,4,3.5,2820,7809,2.0,0,0,3,10,2820,0,1995,0,98004,47.622,-122.195,2630,7904,2015,3,4,0,0,0,28200,0,0,20,157784,2.09,16.09075919420747,17462,44.548266529191906,55.451733470808094,6.039425544695026,99.71498371335505,20.39087947882736,2.11,16.54254118709095,16773,45.298507462686565,54.701492537313435,6.137602970182156,99.6095090971507,22.202197047717128
4136960010,2015-03-27,5,3.5,3480,12821,2.0,0,2,3,10,2890,590,2004,0,98092,47.2641,-122.215,3400,9870,2015,3,4,0,0,0,34800,0,1,11,112735,2.77,17.21767115272089,16100,70.074142116659,29.92585788334099,8.37161127623165,98.55946766114585,47.855654272238674,2.7,17.027911100241507,15769,70.4232874883162,29.5767125116838,8.278795811518325,98.43809669288933,49.83960895134805
3634100030,2015-01-09,4,2.0,1830,5220,1.5,0,0,3,7,1830,0,1951,0,98118,47.5331,-122.278,1760,5757,2015,1,4,0,0,0,12810,0,0,64,106930,2.75,18.80646044347112,17060,56.44829520663217,43.551704793367826,9.809241901003125,97.62032677053377,37.58809215308283,2.76,18.663888888888888,16861,55.8023285244242,44.1976714755758,10.945570971184631,97.02670100740065,37.2020995663939
1624059224,2014-06-18,4,3.5,4680,9700,2.0,0,0,3,10,3360,1320,2005,0,98006,47.5703,-122.165,2800,12343,2014,6,2,0,0,0,46800,0,1,9,185991,2.82,14.267360653577546,13727,77.46436154079466,22.535638459205337,6.640385009215646,100.15012703056432,27.042112556778815,2.81,13.709650387155165,13558,77.95756373072813,22.042436269271867,7.3147711184521,100.43854542632049,26.78619940233632
2788400090,2014-08-07,3,1.0,1700,7700,1.0,0,0,3,7,1120,580,1960,0,98168,47.5114,-122.318,1700,8800,2014,8,3,0,0,0,11900,0,1,54,77935,2.8,20.49963262307127,12139,52.17844124283978,47.82155875716022,8.562583961217218,96.41425186805176,54.26006925460178,2.89,20.8829290342022,12234,50.7457509538675,49.2542490461325,11.205219182785854,97.16754897968418,53.68535360390933
9828200762,2014-06-28,2,1.0,1050,2542,1.0,0,0,3,7,880,170,1904,0,98122,47.6172,-122.298,1620,1809,2014,6,5,0,0,0,7350,0,1,110,94548,1.96,34.44654683065279,17551,33.21537815630061,66.7846218436994,4.870675176352032,98.85230330853253,23.880006332119677,1.95,33.01648693828051,17176,33.65877772971637,66.34122227028362,6.536089637800748,98.60956388992037,25.23827206337418
7524400250,2014-11-24,3,2.0,2080,12094,2.0,0,0,4,8,2080,0,1982,0,98052,47.7035,-122.164,2230,12204,2014,11,0,0,0,0,16640,0,0,32,158457,2.49,16.67975909924064,26354,53.58728109111451,46.41271890888548,5.135890711012479,99.32081320083873,22.76187437323366,2.43,16.793908754119162,26472,53.10328204716185,46.896717952838145,5.753945061367621,99.18121641257467,25.27158244343474
3528000290,2014-06-09,4,2.5,2610,33206,2.0,0,0,3,10,2610,0,1988,0,98053,47.6662,-122.057,2870,28295,2014,6,0,0,0,0,26100,0,0,26,171822,2.69,9.269278791842558,8377,85.93194514982224,14.068054850177756,4.442119280890326,99.83973288814691,26.8313856427379,2.67,10.823743185947912,8200,82.85419620987496,17.145803790125047,5.704032486542639,99.89091900736297,26.56803926915735
5700003630,2014-06-30,5,4.25,4830,8050,2.5,0,2,4,11,3710,1120,1914,0,98144,47.5789,-122.286,4470,9194,2014,6,0,0,0,1,53130,0,1,100,97953,2.26,24.435394298408,13211,47.05356417134033,52.94643582865967,4.982979222913488,99.13933472900675,31.98883461270063,2.24,23.04151393743074,12994,47.69384193467963,52.306158065320375,6.687801012009999,99.23316558830577,31.929067816918284
2720069019,2014-11-03,3,1.75,1120,98445,1.5,0,2,4,7,1120,0,1917,0,98022,47.1853,-122.017,1620,34200,2014,11,0,0,0,0,7840,0,0,97,112818,2.51,14.782116581777025,9214,71.14731044181414,28.85268955818587,6.198934280639431,94.7731755424063,59.927679158448385,2.52,13.98300218215229,9049,70.50333969465649,29.496660305343514,7.5844202251206,95.85578394199428,61.64438235881061
7227501170,2014-06-26,4,2.0,1330,5926,1.0,0,0,4,5,1330,0,1942,0,98056,47.496,-122.19,1150,5485,2014,6,3,0,0,0,6650,0,0,72,102196,2.51,19.700650139315567,13893,51.64368244502423,48.356317554975774,6.624963057826815,97.99134991266739,42.58920402561757,2.56,20.747436492907926,13631,51.246200607902736,48.753799392097264,7.454338464584468,97.1547942343848,43.680802172550656
2397101270,2015-01-26,3,2.0,1420,3600,1.5,0,0,4,7,1420,0,1904,0,98119,47.6367,-122.364,1250,3600,2015,1,0,0,0,0,9940,0,0,111,112865,1.9,25.481150100191062,12166,40.59950184660311,59.40049815339689,4.838109415705247,98.6912347167212,21.78979392686987,1.89,25.428950611432366,12075,40.114135206321336,59.885864793678664,5.074963929489995,99.02767835838702,20.561918396564067
6792100090,2014-09-14,4,2.5,2620,10489,2.0,0,0,3,9,2620,0,1990,0,98052,47.6732,-122.143,2430,7701,2014,9,6,0,0,0,23580,0,0,24,158457,2.49,16.67975909924064,26354,53.58728109111451,46.41271890888548,5.135890711012479,99.32081320083873,22.76187437323366,2.43,16.793908754119162,26472,53.10328204716185,46.896717952838145,5.753945061367621,99.18121641257467,25.27158244343474
2770602265,2015-02-24,3,2.0,1430,4200,1.0,0,0,4,7,830,600,1908,0,98199,47.6462,-122.384,1540,5000,2015,2,1,0,0,0,10010,0,1,107,168132,2.27,15.401888530631044,9920,62.062574948217595,37.937425051782405,4.147350993377484,99.1690635985938,22.416107382550337,2.24,15.287600188590286,9908,63.396185047138786,36.603814952861214,4.887626368117638,99.1062108559499,21.711899791231733
3971700937,2014-08-27,3,1.75,1260,7500,1.0,0,0,3,6,840,420,1947,0,98155,47.772,-122.323,1340,7500,2014,8,2,0,0,0,7560,0,1,67,124531,2.48,16.52716001821175,13838,68.1508643268727,31.849135673127293,8.176812638295683,98.1925078457077,38.148015731140504,2.48,17.143465606587636,13823,68.9590238023501,31.040976197649893,9.775827429417362,98.56964422418308,37.801684193561385
422049203,2014-10-24,3,1.5,1330,6540,1.0,0,0,3,7,900,430,1971,0,98188,47.4239,-122.292,1400,11500,2014,10,4,0,0,0,9310,0,1,43,77722,2.57,21.355714002772828,10041,42.85119667013528,57.14880332986473,8.525003709749221,99.28014754000833,56.91593789041585,2.5,21.801283022680202,10236,44.501647446457994,55.498352553542006,9.433817315817777,98.1617870838152,56.87503804248585
3076500830,2014-10-29,1,1.0,710,6000,1.5,0,0,3,6,710,0,2014,0,98144,47.5756,-122.316,1440,4800,2014,10,2,0,0,0,4260,0,0,0,97953,2.26,24.435394298408,13211,47.05356417134033,52.94643582865967,4.982979222913488,99.13933472900675,31.98883461270063,2.24,23.04151393743074,12994,47.69384193467963,52.306158065320375,6.687801012009999,99.23316558830577,31.929067816918284
1423400260,2015-04-02,3,1.75,2050,9045,2.0,0,0,4,6,2050,0,1959,0,98058,47.4572,-122.18,1200,9045,2015,4,3,0,0,0,12300,0,0,56,106611,2.78,15.935921408835924,16692,73.01956836343044,26.980431636569556,5.35431150140261,97.63669462323647,42.85157011897796,2.74,16.106225715036956,16367,72.2486806538808,27.751319346119192,6.590114827758363,97.51918859649122,44.01041666666667
9161100795,2015-05-06,3,1.0,1240,5758,1.5,0,0,4,6,960,280,1910,0,98116,47.5675,-122.396,1460,5750,2015,5,2,0,0,0,7440,0,1,105,129924,2.05,15.481481481481483,12313,56.0263408716749,43.9736591283251,3.855525297405762,99.08641444539983,26.660576096302663,2.06,16.790914094161206,12217,55.1675732584664,44.8324267415336,4.419769214021336,99.34274850624661,28.636610537751224
3126049052,2015-03-18,4,1.75,2040,6348,1.0,0,0,3,7,1020,1020,1962,0,98103,47.6964,-122.336,1770,5047,2015,3,2,0,0,0,14280,0,1,53,122656,2.11,22.87456037514654,24340,48.11213812347401,51.88786187652599,3.97510133178923,99.1585414718846,18.936823827968478,2.08,23.163301875522638,24335,48.10872624912034,51.89127375087966,4.7532645230375685,99.01151866677559,19.094300574571793
5100401468,2014-07-15,2,1.0,1110,5413,1.0,0,0,3,6,890,220,1937,0,98115,47.6925,-122.32,1300,5413,2014,7,1,0,0,0,6660,0,1,77,141013,2.36,20.038971348841685,22085,62.56938184923383,37.430618150766165,5.07985950029823,99.48958702950569,21.213527308458662,2.32,19.346653198985,21778,62.75248864405142,37.24751135594858,5.230427913543313,99.63049016040087,21.893457996248916
514500235,2014-10-20,3,1.5,1040,10323,1.0,0,0,4,7,1040,0,1958,0,98005,47.5882,-122.155,1580,7200,2014,10,0,0,0,0,7280,0,0,56,151297,2.35,15.897297661567492,8146,56.48061808978287,43.51938191021713,7.278904560897765,100.07012622720896,23.796166432912578,2.35,15.411255411255413,8229,55.90447288560496,44.09552711439504,8.25257574211976,99.94462463412704,24.04081955541492
1423200170,2014-06-12,2,1.0,910,9869,1.0,0,0,3,6,910,0,1957,0,98058,47.4572,-122.184,1480,9750,2014,6,3,0,0,0,5460,0,0,57,106611,2.78,15.935921408835924,16692,73.01956836343044,26.980431636569556,5.35431150140261,97.63669462323647,42.85157011897796,2.74,16.106225715036956,16367,72.2486806538808,27.751319346119192,6.590114827758363,97.51918859649122,44.01041666666667
1402100070,2014-08-01,5,3.0,2240,19090,1.0,0,0,4,8,1700,540,1968,0,98058,47.4416,-122.149,2280,20000,2014,8,4,0,0,0,17920,0,1,46,106611,2.78,15.935921408835924,16692,73.01956836343044,26.980431636569556,5.35431150140261,97.63669462323647,42.85157011897796,2.74,16.106225715036956,16367,72.2486806538808,27.751319346119192,6.590114827758363,97.51918859649122,44.01041666666667
624110020,2014-09-25,3,3.0,3460,13129,2.0,0,0,3,9,2560,900,1988,0,98077,47.7315,-122.058,3460,12568,2014,9,3,0,0,0,31140,0,1,26,169573,2.96,13.307618129218902,4923,94.13233458177278,5.867665418227216,4.543605045436051,99.69715956558062,31.47451963241437,2.98,14.185654756627361,4928,92.30282581189371,7.697174188106285,5.255087817117368,99.70955249569707,33.04647160068847
2407000145,2015-01-20,3,1.0,1140,8775,1.0,0,0,3,6,990,150,1942,0,98146,47.4824,-122.336,1300,8775,2015,1,1,0,0,0,6840,0,1,73,101051,2.8,20.73438156114403,10239,60.939156243375024,39.060843756624976,7.612875658738072,98.09803704114451,45.38649218143507,2.71,20.303089178162036,10155,59.27780144865786,40.72219855134214,9.27133130522961,98.80675038354451,49.75282686516279
1890000225,2014-06-20,6,1.75,2380,4080,2.0,0,0,3,8,2380,0,1917,0,98105,47.6629,-122.325,2030,4080,2014,6,4,0,0,0,19040,0,0,97,75214,2.39,34.427767354596625,16374,36.709440879926674,63.29055912007333,10.222291797119599,99.00454237943366,17.87474630327631,2.36,35.428375934705045,16197,36.734693877551024,63.26530612244898,9.713006949079345,99.13663286818593,17.643810862363214
1320069271,2014-06-12,3,2.0,2080,11375,1.0,0,0,3,8,2080,0,2002,0,98022,47.214,-121.993,1080,12899,2014,6,3,0,0,0,16640,0,0,12,112818,2.51,14.782116581777025,9214,71.14731044181414,28.85268955818587,6.198934280639431,94.7731755424063,59.927679158448385,2.52,13.98300218215229,9049,70.50333969465649,29.496660305343514,7.5844202251206,95.85578394199428,61.64438235881061
5490700085,2014-09-11,5,2.0,1750,8220,1.0,0,0,3,7,1750,0,1956,0,98155,47.7694,-122.321,1210,6760,2014,9,3,0,0,0,12250,0,0,58,124531,2.48,16.52716001821175,13838,68.1508643268727,31.849135673127293,8.176812638295683,98.1925078457077,38.148015731140504,2.48,17.143465606587636,13823,68.9590238023501,31.040976197649893,9.775827429417362,98.56964422418308,37.801684193561385
263000155,2014-05-05,3,2.0,1410,6030,1.5,0,0,4,7,1410,0,1930,0,98103,47.6994,-122.347,1410,6300,2014,5,0,0,0,0,9870,0,0,84,122656,2.11,22.87456037514654,24340,48.11213812347401,51.88786187652599,3.97510133178923,99.1585414718846,18.936823827968478,2.08,23.163301875522638,24335,48.10872624912034,51.89127375087966,4.7532645230375685,99.01151866677559,19.094300574571793
3726800201,2015-04-17,3,1.75,2160,4000,1.0,0,0,3,7,1080,1080,1953,0,98144,47.5721,-122.309,1260,3200,2015,4,4,0,0,0,15120,0,1,62,97953,2.26,24.435394298408,13211,47.05356417134033,52.94643582865967,4.982979222913488,99.13933472900675,31.98883461270063,2.24,23.04151393743074,12994,47.69384193467963,52.306158065320375,6.687801012009999,99.23316558830577,31.929067816918284
5153200358,2014-10-29,5,1.75,2460,16000,1.0,0,0,3,7,1230,1230,1957,0,98023,47.3305,-122.351,1990,16000,2014,10,2,0,0,0,17220,0,1,57,98057,2.84,17.422428414646312,18530,66.81093394077449,33.18906605922551,7.981084030556566,98.90960038986356,53.08845029239766,2.81,18.088104608353433,18625,64.76571428571428,35.23428571428571,8.736678507992895,98.46469418199901,51.54462953754351
2725079018,2014-05-09,4,3.25,3540,159430,2.0,0,0,3,9,3540,0,2007,0,98014,47.6285,-121.899,1940,392040,2014,5,4,0,0,0,31860,0,0,7,149028,2.67,15.914655473941938,2760,80.12255840674071,19.877441593259288,5.053892215568863,98.49246231155779,41.447236180904525,2.71,16.475644699140403,2796,80.17309205350118,19.82690794649882,5.778769841269842,97.50727046115496,41.29621936019942
7165700200,2014-06-05,3,3.0,1390,1080,2.0,0,0,3,7,1140,250,2006,0,98118,47.5323,-122.281,1450,1081,2014,6,3,0,0,0,9730,0,1,8,106930,2.75,18.80646044347112,17060,56.44829520663217,43.551704793367826,9.809241901003125,97.62032677053377,37.58809215308283,2.76,18.663888888888888,16861,55.8023285244242,44.1976714755758,10.945570971184631,97.02670100740065,37.2020995663939
9429000170,2015-03-26,4,2.5,2410,7950,2.0,0,0,3,8,2410,0,1997,0,98034,47.7185,-122.226,1920,7713,2015,3,3,0,0,0,19280,0,0,18,119806,2.43,16.05333943799004,18001,61.237125332716126,38.76287466728388,6.750954198473283,99.64536699635606,34.17816241540864,2.44,17.057790319329666,18171,60.109001406469766,39.89099859353024,7.7933415340661085,99.85536782591545,35.227795674183156
8718500075,2014-11-17,3,1.5,1300,8280,1.0,0,0,5,7,1300,0,1956,0,98028,47.7403,-122.256,1570,8692,2014,11,0,0,0,0,9100,0,0,58,132191,2.67,13.599013968775678,8536,72.67970599227607,27.320294007723934,6.275532377227293,98.3883964544722,35.38812785388128,2.64,14.729697547035009,8635,73.22834645669292,26.77165354330709,7.076760377192209,98.22348793056686,36.54054787089775
1760650950,2015-04-23,3,2.5,1950,3825,2.0,0,0,3,7,1950,0,2013,0,98042,47.3588,-122.082,1950,3825,2015,4,3,0,0,0,13650,0,0,2,122709,2.84,14.728895746087723,16573,81.84237202230106,18.157627977698937,5.7493896195951795,98.46322368633011,50.75872289700055,2.8,15.359349774536549,16818,82.74386406544997,17.25613593455003,6.523882775213978,98.58030168589174,52.2264944625193
1068000559,2014-10-03,4,1.75,3720,8448,1.0,0,3,4,9,1960,1760,1947,0,98199,47.6425,-122.406,2540,7064,2014,10,4,0,0,0,33480,0,1,67,168132,2.27,15.401888530631044,9920,62.062574948217595,37.937425051782405,4.147350993377484,99.1690635985938,22.416107382550337,2.24,15.287600188590286,9908,63.396185047138786,36.603814952861214,4.887626368117638,99.1062108559499,21.711899791231733
4113800500,2015-02-12,3,2.5,2490,7589,2.0,0,0,3,9,2490,0,1991,0,98056,47.5355,-122.179,2500,10386,2015,2,3,0,0,0,22410,0,0,24,102196,2.51,19.700650139315567,13893,51.64368244502423,48.356317554975774,6.624963057826815,97.99134991266739,42.58920402561757,2.56,20.747436492907926,13631,51.246200607902736,48.753799392097264,7.454338464584468,97.1547942343848,43.680802172550656
4077800507,2014-08-21,4,3.0,2120,5520,1.5,0,0,3,8,1420,700,1985,0,98125,47.7085,-122.286,2020,8700,2014,8,3,0,0,0,16960,0,1,29,89983,2.18,19.775984583885343,18882,47.03408836061897,52.96591163938103,6.25,100.80028203772255,32.942005993301606,2.12,19.175038337558288,18728,45.79247434435576,54.20752565564424,6.600554974298321,100.34034541438865,33.71592019986242
2725069150,2014-08-17,3,2.5,2830,9680,2.0,0,0,3,10,2830,0,1991,0,98074,47.6249,-122.024,2970,8691,2014,8,6,0,0,0,28300,0,0,23,229104,3.02,10.366720845184885,9070,87.03577124629757,12.96422875370244,4.483074107959744,100.24147476294245,16.24359502915366,3.03,10.087027329635095,8959,87.40808823529412,12.591911764705882,4.416132562138502,100.35249133707731,17.803799737125104
4008400035,2014-10-15,5,3.25,4410,58157,2.0,0,0,4,9,2330,2080,2001,0,98058,47.4395,-122.111,2460,42565,2014,10,2,0,0,0,39690,0,1,13,106611,2.78,15.935921408835924,16692,73.01956836343044,26.980431636569556,5.35431150140261,97.63669462323647,42.85157011897796,2.74,16.106225715036956,16367,72.2486806538808,27.751319346119192,6.590114827758363,97.51918859649122,44.01041666666667
7016310270,2015-04-10,4,2.5,2220,7210,1.0,0,0,3,7,1270,950,1973,0,98011,47.7428,-122.183,2220,7313,2015,4,4,0,0,0,15540,0,1,42,124418,2.46,15.247978855721392,13329,65.2180746561886,34.781925343811395,6.342825237297599,99.00660763248978,39.452510450847306,2.46,15.129648719371977,13089,66.21599871237727,33.78400128762273,7.092279579716767,99.87127028642361,40.38435014482093
1432701230,2014-07-29,3,1.0,1280,9656,1.0,0,0,4,6,920,360,1959,0,98058,47.4485,-122.175,1340,8808,2014,7,1,0,0,0,7680,0,1,55,106611,2.78,15.935921408835924,16692,73.01956836343044,26.980431636569556,5.35431150140261,97.63669462323647,42.85157011897796,2.74,16.106225715036956,16367,72.2486806538808,27.751319346119192,6.590114827758363,97.51918859649122,44.01041666666667
3278606050,2015-04-01,3,3.5,1710,2212,2.0,0,0,3,7,1400,310,2013,0,98126,47.5459,-122.368,1580,2212,2015,4,2,0,0,0,11970,0,1,2,108072,2.36,17.374538643750345,10242,56.54861693210393,43.45138306789606,4.653176915203527,100.23680854939583,34.264375493351146,2.27,16.627794527561296,10016,55.87763397154776,44.12236602845224,5.641737426518615,99.87504685742846,36.67374734474572
2473350710,2014-10-27,4,1.75,2330,8364,1.0,0,0,4,8,2330,0,1968,0,98058,47.4568,-122.146,2180,9630,2014,10,0,0,0,0,18640,0,0,46,106611,2.78,15.935921408835924,16692,73.01956836343044,26.980431636569556,5.35431150140261,97.63669462323647,42.85157011897796,2.74,16.106225715036956,16367,72.2486806538808,27.751319346119192,6.590114827758363,97.51918859649122,44.01041666666667
2185000685,2014-11-24,2,1.0,840,4200,1.0,0,0,3,5,840,0,1938,0,98108,47.5292,-122.316,830,5000,2014,11,0,0,0,0,4200,0,0,76,90179,3.03,19.908830157754558,8612,54.59848578875513,45.40151421124488,8.936391301120759,96.30263002712583,38.9019931595707,3.04,20.018841262364578,8329,53.53791529292417,46.46208470707583,9.09441233140655,96.94831433568542,39.52716965201134
7792000025,2015-02-11,3,1.0,3180,27586,1.0,0,0,3,8,1400,1780,1969,0,98022,47.1986,-121.967,2180,27586,2015,2,2,0,0,0,25440,0,1,46,112818,2.51,14.782116581777025,9214,71.14731044181414,28.85268955818587,6.198934280639431,94.7731755424063,59.927679158448385,2.52,13.98300218215229,9049,70.50333969465649,29.496660305343514,7.5844202251206,95.85578394199428,61.64438235881061
6868200029,2014-09-29,3,1.75,2260,8512,1.0,0,0,3,7,1130,1130,1948,0,98125,47.7129,-122.304,2240,8040,2014,9,0,0,0,0,15820,0,1,66,89983,2.18,19.775984583885343,18882,47.03408836061897,52.96591163938103,6.25,100.80028203772255,32.942005993301606,2.12,19.175038337558288,18728,45.79247434435576,54.20752565564424,6.600554974298321,100.34034541438865,33.71592019986242
624069003,2015-01-02,4,2.75,2970,59677,1.0,0,2,4,8,1610,1360,1973,0,98075,47.5953,-122.08,2930,42489,2015,1,4,0,0,0,23760,0,1,42,234261,3.16,10.383283441920526,7595,87.0674447007735,12.93255529922649,3.5686033224927485,99.95167414566794,21.139109423541594,3.16,11.460327261500463,7356,87.72919605077574,12.270803949224259,4.311893639956881,99.93420090656528,21.340839303991814
7431500280,2014-11-10,4,3.0,3060,50002,1.0,0,2,4,8,2460,600,1957,0,98008,47.6205,-122.096,2740,16181,2014,11,0,0,0,0,24480,0,1,57,164219,2.69,15.393666045690754,9357,72.43788819875776,27.562111801242235,6.570794767842117,99.65975011155734,31.626506024096386,2.69,15.761031234506692,9349,72.46019286835613,27.53980713164387,7.243693589446886,99.19940949352714,32.716329775153305
3296000040,2014-09-23,3,2.5,1990,15985,1.0,0,0,3,8,1540,450,1964,0,98007,47.6205,-122.141,2470,10125,2014,9,1,0,0,0,15920,0,1,50,118634,2.48,20.499565396404225,11154,35.96800304732883,64.03199695267118,5.613278442135529,98.00031408679266,22.378683976338795,2.46,20.650383547461058,10912,35.5564209911401,64.4435790088599,7.187732216442614,98.34565872363737,24.130375239660367
1118001215,2015-02-04,3,2.5,3420,8700,1.0,0,0,3,9,2890,530,1951,0,98112,47.6352,-122.29,3370,8700,2015,2,2,0,0,0,30780,0,1,64,153204,2.12,20.965110771983372,10930,55.615488345212874,44.38451165478713,5.323420074349442,99.23632488752072,17.546767700686715,2.12,21.08649789029536,11036,54.353054353054354,45.646945646945646,6.614844158756259,99.30969930969931,17.801567801567803
6453900040,2014-07-14,5,2.5,2990,7500,1.0,0,2,3,9,1800,1190,1972,0,98177,47.7707,-122.369,2800,9860,2014,7,0,0,0,0,26910,0,1,42,153542,2.43,13.07924984875983,8212,79.67166859048352,20.32833140951648,5.038420387121875,99.43356309288201,27.4619531836484,2.43,12.346137193047566,8127,81.14840062926062,18.85159937073938,4.7893884163628995,99.46581196581197,26.716524216524217
333100209,2015-03-18,3,1.75,2330,16300,2.0,0,0,3,9,2330,0,1964,0,98034,47.7037,-122.24,2330,16300,2015,3,2,0,0,0,20970,0,0,51,119806,2.43,16.05333943799004,18001,61.237125332716126,38.76287466728388,6.750954198473283,99.64536699635606,34.17816241540864,2.44,17.057790319329666,18171,60.109001406469766,39.89099859353024,7.7933415340661085,99.85536782591545,35.227795674183156
34001765,2015-03-25,3,3.25,2230,5460,1.0,0,1,4,8,1430,800,1977,0,98136,47.53,-122.388,2070,5600,2015,3,2,0,0,0,17840,0,1,38,144659,2.13,15.69451876767831,7483,65.10981373366694,34.89018626633305,3.7052720728350628,99.55093555093555,32.71517671517671,2.14,17.20172866183053,7488,65.71508929827029,34.284910701729714,5.032728833565833,98.98634497780012,33.358465276032504
8946700100,2014-12-08,4,2.5,2720,7043,2.0,0,0,3,9,2720,0,2003,0,98092,47.3315,-122.169,2640,6958,2014,12,0,0,0,0,24480,0,0,11,112735,2.77,17.21767115272089,16100,70.074142116659,29.92585788334099,8.37161127623165,98.55946766114585,47.855654272238674,2.7,17.027911100241507,15769,70.4232874883162,29.5767125116838,8.278795811518325,98.43809669288933,49.83960895134805
5561401210,2015-01-08,4,3.0,3680,35736,1.5,0,0,4,8,2320,1360,1970,0,98027,47.4703,-122.015,3210,39512,2015,1,3,0,0,0,29440,0,1,45,140556,2.54,13.249890206411946,11360,71.30082050336497,28.699179496635015,4.680932365303783,100.03016439595798,34.07571263385451,2.48,13.001025458112265,11363,70.81061096219614,29.189389037803863,5.410590943975442,99.23960116829488,32.964044717494204
6671900095,2014-05-27,3,1.75,1320,6205,1.0,0,0,5,7,1320,0,1948,0,98133,47.7412,-122.343,1210,6205,2014,5,1,0,0,0,9240,0,0,66,85059,2.18,19.780409147977647,22049,47.43003034828267,52.56996965171733,6.900681086745005,98.7952152014652,40.53628663003663,2.2,19.916468960063266,21780,48.4259846747035,51.57401532529649,9.163212725439678,98.85203345832132,41.53446783963081
3275850020,2015-04-13,4,2.5,2590,8571,2.0,0,0,3,9,2590,0,1988,0,98052,47.691,-122.105,2360,8155,2015,4,0,0,0,0,23310,0,0,27,158457,2.49,16.67975909924064,26354,53.58728109111451,46.41271890888548,5.135890711012479,99.32081320083873,22.76187437323366,2.43,16.793908754119162,26472,53.10328204716185,46.896717952838145,5.753945061367621,99.18121641257467,25.27158244343474
3876300600,2014-12-12,4,1.75,1610,11305,1.0,0,0,3,7,1610,0,1968,0,98034,47.727,-122.176,1870,11850,2014,12,4,0,0,0,11270,0,0,46,119806,2.43,16.05333943799004,18001,61.237125332716126,38.76287466728388,6.750954198473283,99.64536699635606,34.17816241540864,2.44,17.057790319329666,18171,60.109001406469766,39.89099859353024,7.7933415340661085,99.85536782591545,35.227795674183156
1450900020,2014-10-03,3,2.0,1610,8416,1.0,0,0,3,7,1610,0,1994,0,98031,47.397,-122.187,1600,8308,2014,10,4,0,0,0,11270,0,0,20,98657,2.97,17.82141658274589,12676,64.00824742268041,35.99175257731959,8.799066842478954,97.82912276247302,50.04020143032457,2.99,17.766172506738545,12903,63.46782097353806,36.53217902646194,10.101061398608502,97.60154576385098,48.943588020330154
8562780280,2015-02-20,2,2.25,1240,720,2.0,0,0,3,7,1150,90,2008,0,98027,47.5322,-122.072,1260,810,2015,2,4,0,0,0,8680,0,1,7,140556,2.54,13.249890206411946,11360,71.30082050336497,28.699179496635015,4.680932365303783,100.03016439595798,34.07571263385451,2.48,13.001025458112265,11363,70.81061096219614,29.189389037803863,5.410590943975442,99.23960116829488,32.964044717494204
7663700973,2014-05-22,3,2.25,1347,1292,3.0,0,0,3,7,1347,0,2010,0,98125,47.7306,-122.291,1480,1865,2014,5,3,0,0,0,9429,0,0,4,89983,2.18,19.775984583885343,18882,47.03408836061897,52.96591163938103,6.25,100.80028203772255,32.942005993301606,2.12,19.175038337558288,18728,45.79247434435576,54.20752565564424,6.600554974298321,100.34034541438865,33.71592019986242
2126049032,2014-09-05,3,1.75,1330,9417,1.0,0,0,5,6,710,620,1936,0,98125,47.7231,-122.301,1690,7937,2014,9,4,0,0,0,7980,0,1,78,89983,2.18,19.775984583885343,18882,47.03408836061897,52.96591163938103,6.25,100.80028203772255,32.942005993301606,2.12,19.175038337558288,18728,45.79247434435576,54.20752565564424,6.600554974298321,100.34034541438865,33.71592019986242
1823059159,2015-05-06,2,1.0,850,5000,1.0,0,0,3,5,850,0,1907,0,98055,47.4874,-122.207,910,4815,2015,5,2,0,0,0,4250,0,0,108,90525,2.52,17.770148765734834,9457,52.904097253489425,47.09590274651058,6.387272021730695,100.09902828495389,48.560995234263785,2.46,17.95350415747497,9186,54.91396235131077,45.08603764868923,6.44159566844494,98.96273530541683,49.161224228454344
3438503426,2015-04-06,3,1.5,970,5488,1.0,0,0,3,7,970,0,1976,0,98106,47.5366,-122.359,1040,5488,2015,4,0,0,0,0,6790,0,0,39,94762,2.43,20.256740681998416,10747,46.417630200612706,53.58236979938729,9.329466197085837,100.42269832078749,44.035900405327155,2.5,19.96174407768895,10674,48.08038392321536,51.91961607678465,9.873452927270199,101.05257103416542,44.05843782353618
9297301495,2015-02-03,3,2.5,2160,3738,2.0,0,0,3,8,2160,0,1994,0,98126,47.5661,-122.375,1500,4000,2015,2,1,0,0,0,17280,0,0,21,108072,2.36,17.374538643750345,10242,56.54861693210393,43.45138306789606,4.653176915203527,100.23680854939583,34.264375493351146,2.27,16.627794527561296,10016,55.87763397154776,44.12236602845224,5.641737426518615,99.87504685742846,36.67374734474572
7140700850,2015-03-26,4,2.5,2560,5428,2.0,0,0,3,8,2560,0,2012,0,98042,47.3835,-122.095,2620,5428,2015,3,3,0,0,0,20480,0,0,3,122709,2.84,14.728895746087723,16573,81.84237202230106,18.157627977698937,5.7493896195951795,98.46322368633011,50.75872289700055,2.8,15.359349774536549,16818,82.74386406544997,17.25613593455003,6.523882775213978,98.58030168589174,52.2264944625193
7942601805,2014-09-11,3,2.5,2340,3630,2.0,0,0,3,9,2340,0,1998,0,98122,47.6059,-122.307,1820,5120,2014,9,3,0,0,0,21060,0,0,16,94548,1.96,34.44654683065279,17551,33.21537815630061,66.7846218436994,4.870675176352032,98.85230330853253,23.880006332119677,1.95,33.01648693828051,17176,33.65877772971637,66.34122227028362,6.536089637800748,98.60956388992037,25.23827206337418
2555900030,2014-11-07,3,1.0,1520,8870,1.5,0,0,4,7,1520,0,1951,0,98155,47.7638,-122.317,1520,7800,2014,11,4,0,0,0,10640,0,0,63,124531,2.48,16.52716001821175,13838,68.1508643268727,31.849135673127293,8.176812638295683,98.1925078457077,38.148015731140504,2.48,17.143465606587636,13823,68.9590238023501,31.040976197649893,9.775827429417362,98.56964422418308,37.801684193561385
2887970040,2015-04-08,2,2.5,1720,3132,2.0,0,0,3,8,1720,0,1999,0,98042,47.3728,-122.157,1740,4220,2015,4,2,0,0,0,13760,0,0,16,122709,2.84,14.728895746087723,16573,81.84237202230106,18.157627977698937,5.7493896195951795,98.46322368633011,50.75872289700055,2.8,15.359349774536549,16818,82.74386406544997,17.25613593455003,6.523882775213978,98.58030168589174,52.2264944625193
7419700010,2014-07-07,5,2.0,2800,17788,1.0,0,0,4,8,1400,1400,1963,0,98033,47.6719,-122.163,1760,18282,2014,7,0,0,0,0,22400,0,1,51,163786,2.29,14.715707890692858,16640,64.64853771164701,35.351462288353005,6.13177729151471,100.35475872592028,25.88212855235552,2.3,14.803502341681938,16431,65.22136010953903,34.77863989046098,6.479481641468683,100.68666848737857,27.48234559712848
2239000011,2015-01-27,4,2.0,1530,7816,1.0,0,0,3,7,1530,0,1955,0,98133,47.7309,-122.332,1480,7816,2015,1,1,0,0,0,10710,0,0,60,85059,2.18,19.780409147977647,22049,47.43003034828267,52.56996965171733,6.900681086745005,98.7952152014652,40.53628663003663,2.2,19.916468960063266,21780,48.4259846747035,51.57401532529649,9.163212725439678,98.85203345832132,41.53446783963081
9283800050,2014-08-19,2,1.5,1750,19709,1.5,0,0,4,8,1440,310,1978,0,98010,47.3351,-122.044,1950,21075,2014,8,1,0,0,0,14000,0,1,36,141579,2.57,13.38701560140916,2023,89.75431259801358,10.245687401986409,4.837398373983739,98.27384435342306,56.31948507899356,2.54,11.838658983761132,1978,90.11689691817216,9.883103081827842,4.036620890553475,98.94736842105263,61.702786377708975
9407001340,2014-05-22,3,2.0,1110,10500,1.0,0,0,5,7,1110,0,1978,0,98045,47.4456,-121.773,1230,10395,2014,5,3,0,0,0,7770,0,0,36,154803,2.6,11.896235479081142,5848,76.05357142857143,23.946428571428573,4.146459747817652,98.97304236200257,46.04522563444257,2.62,12.452140619561435,5880,76.65285534137993,23.34714465862007,4.789620468048987,98.46000993541976,46.656731246895184
217500140,2014-05-13,5,2.5,3400,8970,1.0,0,0,4,8,1700,1700,1959,0,98133,47.7358,-122.335,1890,8475,2014,5,1,0,0,0,27200,0,1,55,85059,2.18,19.780409147977647,22049,47.43003034828267,52.56996965171733,6.900681086745005,98.7952152014652,40.53628663003663,2.2,19.916468960063266,21780,48.4259846747035,51.57401532529649,9.163212725439678,98.85203345832132,41.53446783963081
7212660520,2015-03-26,4,2.0,1600,6861,1.0,0,0,3,7,1600,0,1994,0,98003,47.2701,-122.313,1870,7455,2015,3,3,0,0,0,11200,0,0,21,67547,2.55,19.24448767833982,19289,48.22101062334889,51.77898937665112,8.09211372700373,97.76363151579788,55.309292094387416,2.53,17.855201652353518,19279,47.96962879640045,52.03037120359954,8.922079628575183,97.993265993266,55.535353535353536
3298201170,2014-11-10,3,1.0,940,7811,1.0,0,0,3,6,940,0,1959,0,98008,47.6195,-122.118,1180,7490,2014,11,0,0,0,0,5640,0,0,55,164219,2.69,15.393666045690754,9357,72.43788819875776,27.562111801242235,6.570794767842117,99.65975011155734,31.626506024096386,2.69,15.761031234506692,9349,72.46019286835613,27.53980713164387,7.243693589446886,99.19940949352714,32.716329775153305
3057000400,2014-07-08,2,1.5,1090,2686,2.0,0,0,3,7,1090,0,1982,0,98034,47.717,-122.19,1160,2158,2014,7,1,0,0,0,7630,0,0,32,119806,2.43,16.05333943799004,18001,61.237125332716126,38.76287466728388,6.750954198473283,99.64536699635606,34.17816241540864,2.44,17.057790319329666,18171,60.109001406469766,39.89099859353024,7.7933415340661085,99.85536782591545,35.227795674183156
6865200444,2014-05-05,2,3.0,1270,1175,2.0,0,0,3,8,1110,160,2000,0,98103,47.6634,-122.34,1290,1800,2014,5,0,0,0,0,10160,0,1,14,122656,2.11,22.87456037514654,24340,48.11213812347401,51.88786187652599,3.97510133178923,99.1585414718846,18.936823827968478,2.08,23.163301875522638,24335,48.10872624912034,51.89127375087966,4.7532645230375685,99.01151866677559,19.094300574571793
6071600340,2014-11-13,3,2.25,1840,8400,1.0,0,0,3,8,1290,550,1961,0,98006,47.5497,-122.172,2110,8400,2014,11,3,0,0,0,14720,0,1,53,185991,2.82,14.267360653577546,13727,77.46436154079466,22.535638459205337,6.640385009215646,100.15012703056432,27.042112556778815,2.81,13.709650387155165,13558,77.95756373072813,22.042436269271867,7.3147711184521,100.43854542632049,26.78619940233632
6821600005,2015-04-03,4,1.75,2120,5400,1.0,0,0,4,8,1060,1060,1941,0,98199,47.6501,-122.395,2052,6000,2015,4,4,0,0,0,16960,0,1,74,168132,2.27,15.401888530631044,9920,62.062574948217595,37.937425051782405,4.147350993377484,99.1690635985938,22.416107382550337,2.24,15.287600188590286,9908,63.396185047138786,36.603814952861214,4.887626368117638,99.1062108559499,21.711899791231733
1235100371,2014-07-17,5,2.75,3550,9600,2.0,0,0,3,7,3550,0,1960,0,98033,47.6766,-122.186,3370,9600,2014,7,3,0,0,0,24850,0,0,54,163786,2.29,14.715707890692858,16640,64.64853771164701,35.351462288353005,6.13177729151471,100.35475872592028,25.88212855235552,2.3,14.803502341681938,16431,65.22136010953903,34.77863989046098,6.479481641468683,100.68666848737857,27.48234559712848
7796450340,2014-12-05,4,2.5,2980,5674,2.0,0,0,3,8,2980,0,2003,0,98023,47.277,-122.347,2610,5495,2014,12,4,0,0,0,23840,0,0,11,98057,2.84,17.422428414646312,18530,66.81093394077449,33.18906605922551,7.981084030556566,98.90960038986356,53.08845029239766,2.81,18.088104608353433,18625,64.76571428571428,35.23428571428571,8.736678507992895,98.46469418199901,51.54462953754351
3603000410,2014-12-08,2,1.0,730,6000,1.0,0,0,3,6,730,0,1950,1985,98198,47.3832,-122.3,1750,7200,2014,12,0,1,0,0,4380,0,0,64,76062,2.67,22.07152903355435,14123,54.47965869267103,45.52034130732896,7.476339026066727,96.01030110935024,51.96909667194929,2.66,22.372788556958557,14108,54.52003727865797,45.479962721342034,9.229583126824165,96.58536585365853,50.707716913234705
9297300255,2014-07-16,3,3.0,2110,4000,1.0,0,2,4,7,1110,1000,1965,0,98126,47.5696,-122.375,1730,4000,2014,7,2,0,0,0,14770,0,1,49,108072,2.36,17.374538643750345,10242,56.54861693210393,43.45138306789606,4.653176915203527,100.23680854939583,34.264375493351146,2.27,16.627794527561296,10016,55.87763397154776,44.12236602845224,5.641737426518615,99.87504685742846,36.67374734474572
9126100850,2014-11-20,5,2.0,2280,3600,2.0,0,0,3,7,2280,0,1992,0,98122,47.6056,-122.305,1740,1800,2014,11,3,0,0,0,15960,0,0,22,94548,1.96,34.44654683065279,17551,33.21537815630061,66.7846218436994,4.870675176352032,98.85230330853253,23.880006332119677,1.95,33.01648693828051,17176,33.65877772971637,66.34122227028362,6.536089637800748,98.60956388992037,25.23827206337418
2770601462,2015-04-23,3,2.5,1810,1750,2.0,0,0,3,7,1350,460,1997,0,98199,47.6513,-122.386,1640,1563,2015,4,3,0,0,0,12670,0,1,18,168132,2.27,15.401888530631044,9920,62.062574948217595,37.937425051782405,4.147350993377484,99.1690635985938,22.416107382550337,2.24,15.287600188590286,9908,63.396185047138786,36.603814952861214,4.887626368117638,99.1062108559499,21.711899791231733
2599001500,2014-07-12,3,1.75,1420,7920,1.0,0,0,4,7,1420,0,1962,0,98092,47.2931,-122.188,1420,7920,2014,7,5,0,0,0,9940,0,0,52,112735,2.77,17.21767115272089,16100,70.074142116659,29.92585788334099,8.37161127623165,98.55946766114585,47.855654272238674,2.7,17.027911100241507,15769,70.4232874883162,29.5767125116838,8.278795811518325,98.43809669288933,49.83960895134805
1102000095,2014-08-05,4,2.5,3220,5120,2.0,0,0,3,9,2420,800,2000,0,98118,47.5434,-122.27,1770,7680,2014,8,1,0,0,0,28980,0,1,14,106930,2.75,18.80646044347112,17060,56.44829520663217,43.551704793367826,9.809241901003125,97.62032677053377,37.58809215308283,2.76,18.663888888888888,16861,55.8023285244242,44.1976714755758,10.945570971184631,97.02670100740065,37.2020995663939
1853080640,2014-05-14,5,4.5,3810,8019,2.0,0,0,3,10,3810,0,2008,0,98074,47.5915,-122.058,3390,7713,2014,5,2,0,0,0,38100,0,0,6,229104,3.02,10.366720845184885,9070,87.03577124629757,12.96422875370244,4.483074107959744,100.24147476294245,16.24359502915366,3.03,10.087027329635095,8959,87.40808823529412,12.591911764705882,4.416132562138502,100.35249133707731,17.803799737125104
9551201585,2014-07-01,6,2.75,2630,9420,2.0,0,0,5,9,2510,120,1900,0,98103,47.6695,-122.337,1540,4969,2014,7,1,0,0,0,23670,0,1,114,122656,2.11,22.87456037514654,24340,48.11213812347401,51.88786187652599,3.97510133178923,99.1585414718846,18.936823827968478,2.08,23.163301875522638,24335,48.10872624912034,51.89127375087966,4.7532645230375685,99.01151866677559,19.094300574571793
3438500796,2015-04-30,3,1.5,1060,6954,1.0,0,0,4,6,1060,0,1983,0,98106,47.5497,-122.355,1560,6372,2015,4,3,0,0,0,6360,0,0,32,94762,2.43,20.256740681998416,10747,46.417630200612706,53.58236979938729,9.329466197085837,100.42269832078749,44.035900405327155,2.5,19.96174407768895,10674,48.08038392321536,51.91961607678465,9.873452927270199,101.05257103416542,44.05843782353618
7518504291,2014-12-15,2,1.0,1520,3360,1.0,0,0,4,7,830,690,1927,0,98117,47.6815,-122.382,1470,3774,2014,12,0,0,0,0,10640,0,1,87,166029,2.29,15.29702030745872,14220,69.81104756388909,30.18895243611091,4.762847806713536,99.83316649983317,23.652819486152822,2.32,15.579379562043796,14093,70.67265234030027,29.327347659699736,4.742001293725432,99.6292707587311,24.463917091460587
9269200340,2015-04-23,4,1.75,1970,5160,1.5,0,0,3,7,1970,0,1942,0,98126,47.534,-122.373,1230,4920,2015,4,3,0,0,0,13790,0,0,73,108072,2.36,17.374538643750345,10242,56.54861693210393,43.45138306789606,4.653176915203527,100.23680854939583,34.264375493351146,2.27,16.627794527561296,10016,55.87763397154776,44.12236602845224,5.641737426518615,99.87504685742846,36.67374734474572
715010130,2015-02-02,6,4.25,4830,13928,2.0,0,3,3,10,4150,1710,2013,0,98006,47.5382,-122.114,5790,13928,2015,2,0,0,0,0,58600,0,1,2,185991,2.82,14.267360653577546,13727,77.46436154079466,22.535638459205337,6.640385009215646,100.15012703056432,27.042112556778815,2.81,13.709650387155165,13558,77.95756373072813,22.042436269271867,7.3147711184521,100.43854542632049,26.78619940233632
1982201485,2014-05-12,4,3.0,2400,3340,1.0,0,0,4,7,1200,1200,1964,0,98107,47.6646,-122.365,1520,3758,2014,5,0,0,0,0,16800,0,1,50,131559,1.93,23.823613629855874,12707,35.71075197889182,64.28924802110818,5.1404627006610015,99.34580861098434,21.74552462092398,1.92,23.06289432176656,12416,34.91419393017161,65.0858060698284,6.3046647230320705,99.24250394529194,22.530247238295633
9526500080,2014-07-29,4,2.0,1590,8779,1.0,0,0,3,8,1590,0,2001,0,98019,47.7408,-121.974,2090,9600,2014,7,1,0,0,0,12720,0,0,13,149479,2.7,12.106593154146566,4391,82.10296260320544,17.89703739679456,7.84727863525589,98.49849849849849,41.80999180999181,2.75,12.650887573964498,4151,85.6704980842912,14.329501915708812,9.496822943499913,98.77597495018503,47.3242243097068
9277200180,2015-04-20,3,1.0,1410,5000,1.0,0,0,3,6,980,430,1925,0,98116,47.5769,-122.397,1410,5000,2015,4,0,0,0,0,8460,0,1,90,129924,2.05,15.481481481481483,12313,56.0263408716749,43.9736591283251,3.855525297405762,99.08641444539983,26.660576096302663,2.06,16.790914094161206,12217,55.1675732584664,44.8324267415336,4.419769214021336,99.34274850624661,28.636610537751224
6669150280,2015-04-14,4,2.5,2130,9653,1.0,0,0,3,7,1500,630,1978,0,98031,47.4068,-122.175,2000,7988,2015,4,1,0,0,0,14910,0,1,37,98657,2.97,17.82141658274589,12676,64.00824742268041,35.99175257731959,8.799066842478954,97.82912276247302,50.04020143032457,2.99,17.766172506738545,12903,63.46782097353806,36.53217902646194,10.101061398608502,97.60154576385098,48.943588020330154
8917100153,2014-09-10,4,2.5,2370,15200,1.0,0,0,3,8,1660,710,1975,0,98052,47.6295,-122.089,2360,13879,2014,9,2,0,0,0,18960,0,1,39,158457,2.49,16.67975909924064,26354,53.58728109111451,46.41271890888548,5.135890711012479,99.32081320083873,22.76187437323366,2.43,16.793908754119162,26472,53.10328204716185,46.896717952838145,5.753945061367621,99.18121641257467,25.27158244343474
3760500516,2014-07-24,5,4.0,3600,14720,1.0,0,2,5,8,1800,1800,1960,0,98034,47.7022,-122.227,3600,15358,2014,7,3,0,0,0,28800,0,1,54,119806,2.43,16.05333943799004,18001,61.237125332716126,38.76287466728388,6.750954198473283,99.64536699635606,34.17816241540864,2.44,17.057790319329666,18171,60.109001406469766,39.89099859353024,7.7933415340661085,99.85536782591545,35.227795674183156
2725069050,2014-06-13,4,2.5,4120,22370,2.0,0,0,3,10,4120,0,1997,0,98074,47.6239,-122.023,3180,7257,2014,6,4,0,0,0,41200,0,0,17,229104,3.02,10.366720845184885,9070,87.03577124629757,12.96422875370244,4.483074107959744,100.24147476294245,16.24359502915366,3.03,10.087027329635095,8959,87.40808823529412,12.591911764705882,4.416132562138502,100.35249133707731,17.803799737125104
3332000091,2015-02-24,3,1.0,1190,4120,1.0,0,0,3,6,1190,0,1929,0,98118,47.5513,-122.272,1360,4635,2015,2,1,0,0,0,7140,0,0,86,106930,2.75,18.80646044347112,17060,56.44829520663217,43.551704793367826,9.809241901003125,97.62032677053377,37.58809215308283,2.76,18.663888888888888,16861,55.8023285244242,44.1976714755758,10.945570971184631,97.02670100740065,37.2020995663939
8562770080,2014-10-30,3,3.25,2440,2812,2.0,0,0,3,8,1710,730,2005,0,98027,47.5362,-122.072,2440,2836,2014,10,3,0,0,0,19520,0,1,9,140556,2.54,13.249890206411946,11360,71.30082050336497,28.699179496635015,4.680932365303783,100.03016439595798,34.07571263385451,2.48,13.001025458112265,11363,70.81061096219614,29.189389037803863,5.410590943975442,99.23960116829488,32.964044717494204
8151601190,2014-12-03,5,1.0,1460,11726,1.5,0,0,3,6,1290,170,1936,0,98146,47.5039,-122.361,1460,10450,2014,12,2,0,0,0,8760,0,1,78,101051,2.8,20.73438156114403,10239,60.939156243375024,39.060843756624976,7.612875658738072,98.09803704114451,45.38649218143507,2.71,20.303089178162036,10155,59.27780144865786,40.72219855134214,9.27133130522961,98.80675038354451,49.75282686516279
8563040160,2015-01-21,4,2.25,2550,7800,1.0,0,0,3,8,1580,970,1968,0,98052,47.6283,-122.095,2420,8050,2015,1,2,0,0,0,20400,0,1,47,158457,2.49,16.67975909924064,26354,53.58728109111451,46.41271890888548,5.135890711012479,99.32081320083873,22.76187437323366,2.43,16.793908754119162,26472,53.10328204716185,46.896717952838145,5.753945061367621,99.18121641257467,25.27158244343474
240000269,2015-01-24,4,4.5,4060,10800,2.0,0,0,3,10,4060,0,2007,0,98188,47.4241,-122.29,1830,9768,2015,1,5,0,0,0,40600,0,0,8,77722,2.57,21.355714002772828,10041,42.85119667013528,57.14880332986473,8.525003709749221,99.28014754000833,56.91593789041585,2.5,21.801283022680202,10236,44.501647446457994,55.498352553542006,9.433817315817777,98.1617870838152,56.87503804248585
4307350200,2015-05-12,3,2.5,1680,4308,2.0,0,0,3,7,1680,0,2004,0,98056,47.4802,-122.179,2160,4182,2015,5,1,0,0,0,11760,0,0,11,102196,2.51,19.700650139315567,13893,51.64368244502423,48.356317554975774,6.624963057826815,97.99134991266739,42.58920402561757,2.56,20.747436492907926,13631,51.246200607902736,48.753799392097264,7.454338464584468,97.1547942343848,43.680802172550656
1311910300,2015-02-04,5,2.25,2320,6375,1.0,0,0,4,7,1270,1050,1967,0,98001,47.3351,-122.282,1760,7600,2015,2,2,0,0,0,16240,0,1,48,103338,2.88,16.70823899612418,11853,78.03582680709334,21.964173192906653,7.520990889060918,99.03689573349462,55.469222537570374,2.84,16.314553990610328,11718,77.66858997475659,22.33141002524342,8.275337739049068,97.7865131732884,55.145303944967004
3574900030,2015-03-27,4,2.5,2200,9099,2.0,0,0,3,8,2200,0,1994,0,98034,47.733,-122.225,2270,8900,2015,3,4,0,0,0,17600,0,0,21,119806,2.43,16.05333943799004,18001,61.237125332716126,38.76287466728388,6.750954198473283,99.64536699635606,34.17816241540864,2.44,17.057790319329666,18171,60.109001406469766,39.89099859353024,7.7933415340661085,99.85536782591545,35.227795674183156
7853230570,2014-09-15,3,2.5,2230,5800,2.0,0,0,3,7,2230,0,2004,0,98065,47.5308,-121.847,2230,6088,2014,9,0,0,0,0,15610,0,0,10,175750,2.93,10.615415255925114,4953,79.75811584977721,20.241884150222788,4.1850514774702505,99.11081471601645,30.999221962876515,2.91,8.78239184647078,4755,78.93797411869701,21.06202588130299,4.645161290322581,99.65219477092828,32.369872871192136
320069049,2014-05-14,4,1.5,1590,131551,1.0,0,3,4,7,1590,0,1966,0,98022,47.2558,-122.024,2280,108028,2014,5,2,0,0,0,11130,0,0,48,112818,2.51,14.782116581777025,9214,71.14731044181414,28.85268955818587,6.198934280639431,94.7731755424063,59.927679158448385,2.52,13.98300218215229,9049,70.50333969465649,29.496660305343514,7.5844202251206,95.85578394199428,61.64438235881061
9839301060,2015-04-06,3,1.75,1740,4400,1.5,0,0,3,8,1740,0,1903,0,98122,47.6115,-122.292,1740,4400,2015,4,0,0,0,0,13920,0,0,112,94548,1.96,34.44654683065279,17551,33.21537815630061,66.7846218436994,4.870675176352032,98.85230330853253,23.880006332119677,1.95,33.01648693828051,17176,33.65877772971637,66.34122227028362,6.536089637800748,98.60956388992037,25.23827206337418
7011201333,2014-09-17,3,3.25,1290,1230,2.0,0,2,3,9,1090,200,2008,0,98119,47.6367,-122.37,1710,1797,2014,9,2,0,0,0,11610,0,1,6,112865,1.9,25.481150100191062,12166,40.59950184660311,59.40049815339689,4.838109415705247,98.6912347167212,21.78979392686987,1.89,25.428950611432366,12075,40.114135206321336,59.885864793678664,5.074963929489995,99.02767835838702,20.561918396564067
2781320100,2015-03-09,3,1.75,1670,24650,1.0,0,0,4,7,1670,0,1974,0,98022,47.1764,-122.026,1810,19465,2015,3,0,0,0,0,11690,0,0,41,112818,2.51,14.782116581777025,9214,71.14731044181414,28.85268955818587,6.198934280639431,94.7731755424063,59.927679158448385,2.52,13.98300218215229,9049,70.50333969465649,29.496660305343514,7.5844202251206,95.85578394199428,61.64438235881061
3421069120,2015-02-19,3,2.75,3360,41250,1.0,0,0,4,7,1820,1540,1988,0,98022,47.2604,-122.023,2580,98881,2015,2,3,0,0,0,23520,0,1,27,112818,2.51,14.782116581777025,9214,71.14731044181414,28.85268955818587,6.198934280639431,94.7731755424063,59.927679158448385,2.52,13.98300218215229,9049,70.50333969465649,29.496660305343514,7.5844202251206,95.85578394199428,61.64438235881061
7852030320,2015-02-17,3,2.5,2620,4874,2.0,0,0,3,7,2620,0,1999,0,98065,47.5328,-121.879,2360,4231,2015,2,1,0,0,0,18340,0,0,16,175750,2.93,10.615415255925114,4953,79.75811584977721,20.241884150222788,4.1850514774702505,99.11081471601645,30.999221962876515,2.91,8.78239184647078,4755,78.93797411869701,21.06202588130299,4.645161290322581,99.65219477092828,32.369872871192136
5316101075,2014-09-26,7,3.0,4830,14400,2.5,0,0,4,10,5020,330,1910,0,98112,47.6295,-122.285,3050,7469,2014,9,4,0,0,0,53500,0,1,104,153204,2.12,20.965110771983372,10930,55.615488345212874,44.38451165478713,5.323420074349442,99.23632488752072,17.546767700686715,2.12,21.08649789029536,11036,54.353054353054354,45.646945646945646,6.614844158756259,99.30969930969931,17.801567801567803
5309100750,2015-01-23,3,1.75,1460,2800,2.0,0,0,3,7,1460,0,1928,0,98117,47.6779,-122.371,1220,4062,2015,1,4,0,0,0,10220,0,0,87,166029,2.29,15.29702030745872,14220,69.81104756388909,30.18895243611091,4.762847806713536,99.83316649983317,23.652819486152822,2.32,15.579379562043796,14093,70.67265234030027,29.327347659699736,4.742001293725432,99.6292707587311,24.463917091460587
629000730,2014-05-28,3,1.75,1490,9800,1.0,0,0,4,7,1140,350,1947,0,98004,47.584,-122.198,2310,9800,2014,5,2,0,0,0,10430,0,1,67,157784,2.09,16.09075919420747,17462,44.548266529191906,55.451733470808094,6.039425544695026,99.71498371335505,20.39087947882736,2.11,16.54254118709095,16773,45.298507462686565,54.701492537313435,6.137602970182156,99.6095090971507,22.202197047717128
511700170,2015-05-05,4,2.25,1780,10416,1.0,0,0,5,7,1060,720,1963,0,98055,47.4414,-122.189,1780,9975,2015,5,1,0,0,0,12460,0,1,52,90525,2.52,17.770148765734834,9457,52.904097253489425,47.09590274651058,6.387272021730695,100.09902828495389,48.560995234263785,2.46,17.95350415747497,9186,54.91396235131077,45.08603764868923,6.44159566844494,98.96273530541683,49.161224228454344
1562100030,2014-09-10,4,1.75,1730,7980,1.0,0,0,4,8,1730,0,1965,0,98007,47.6219,-122.138,2080,8400,2014,9,2,0,0,0,13840,0,0,49,118634,2.48,20.499565396404225,11154,35.96800304732883,64.03199695267118,5.613278442135529,98.00031408679266,22.378683976338795,2.46,20.650383547461058,10912,35.5564209911401,64.4435790088599,7.187732216442614,98.34565872363737,24.130375239660367
2489200230,2015-03-11,4,2.0,2000,8317,1.5,0,0,4,8,2000,0,1917,0,98126,47.5394,-122.379,1390,6001,2015,3,2,0,0,0,16000,0,0,98,108072,2.36,17.374538643750345,10242,56.54861693210393,43.45138306789606,4.653176915203527,100.23680854939583,34.264375493351146,2.27,16.627794527561296,10016,55.87763397154776,44.12236602845224,5.641737426518615,99.87504685742846,36.67374734474572
524069116,2014-06-02,3,2.0,1750,15500,1.0,0,0,3,7,1490,260,1982,0,98075,47.5887,-122.065,2450,50094,2014,6,0,0,0,0,12250,0,1,32,234261,3.16,10.383283441920526,7595,87.0674447007735,12.93255529922649,3.5686033224927485,99.95167414566794,21.139109423541594,3.16,11.460327261500463,7356,87.72919605077574,12.270803949224259,4.311893639956881,99.93420090656528,21.340839303991814
5315100737,2014-05-28,6,2.75,2300,24773,1.5,0,0,4,9,2300,0,1950,1985,98040,47.5833,-122.242,2720,11740,2014,5,2,1,0,0,20700,0,0,64,190985,2.51,9.818010174647295,10179,71.95032870708546,28.049671292914535,5.143830092302178,100.51344885932669,15.986930392671683,2.49,9.62381105055039,10139,74.13847948255751,25.861520517442475,4.498525073746313,100.2252118769632,17.157589047590825
1868900675,2014-09-12,4,2.75,2640,4000,2.0,0,0,5,8,1730,910,1925,0,98115,47.6727,-122.297,1530,3740,2014,9,4,0,0,0,21120,0,1,89,141013,2.36,20.038971348841685,22085,62.56938184923383,37.430618150766165,5.07985950029823,99.48958702950569,21.213527308458662,2.32,19.346653198985,21778,62.75248864405142,37.24751135594858,5.230427913543313,99.63049016040087,21.893457996248916
1608000120,2015-02-02,3,2.5,2555,5720,2.0,0,0,3,8,2555,0,2006,0,98031,47.386,-122.184,2844,5769,2015,2,0,0,0,0,20440,0,0,9,98657,2.97,17.82141658274589,12676,64.00824742268041,35.99175257731959,8.799066842478954,97.82912276247302,50.04020143032457,2.99,17.766172506738545,12903,63.46782097353806,36.53217902646194,10.101061398608502,97.60154576385098,48.943588020330154
705700240,2015-02-18,4,2.5,2320,10079,2.0,0,0,3,7,2320,0,1994,0,98038,47.3828,-122.026,2010,7438,2015,2,2,0,0,0,16240,0,0,21,135304,2.86,12.556807332442238,12545,84.88178488178488,15.118215118215117,8.23751596956063,99.08171413361725,51.89424185963978,2.88,13.27901930178551,12318,84.63165017339085,15.368349826609151,8.409014463504876,99.04576700434153,54.23299565846599
7575600610,2015-02-09,3,2.5,1660,5250,2.0,0,0,4,8,1660,0,1988,0,98003,47.3541,-122.3,1630,5505,2015,2,0,0,0,0,13280,0,0,27,67547,2.55,19.24448767833982,19289,48.22101062334889,51.77898937665112,8.09211372700373,97.76363151579788,55.309292094387416,2.53,17.855201652353518,19279,47.96962879640045,52.03037120359954,8.922079628575183,97.993265993266,55.535353535353536
1778500015,2014-10-16,3,1.5,1940,4000,1.5,0,0,3,8,1310,630,1915,0,98112,47.6205,-122.291,1940,4000,2014,10,3,0,0,0,15520,0,1,99,153204,2.12,20.965110771983372,10930,55.615488345212874,44.38451165478713,5.323420074349442,99.23632488752072,17.546767700686715,2.12,21.08649789029536,11036,54.353054353054354,45.646945646945646,6.614844158756259,99.30969930969931,17.801567801567803
5423500240,2014-06-24,3,1.0,1050,7577,1.0,0,0,3,7,1050,0,1983,0,98023,47.2891,-122.357,1430,7245,2014,6,1,0,0,0,7350,0,0,31,98057,2.84,17.422428414646312,18530,66.81093394077449,33.18906605922551,7.981084030556566,98.90960038986356,53.08845029239766,2.81,18.088104608353433,18625,64.76571428571428,35.23428571428571,8.736678507992895,98.46469418199901,51.54462953754351
6713700025,2014-05-15,3,1.0,1220,13000,1.0,0,0,4,7,1220,0,1955,0,98133,47.7608,-122.353,1510,12600,2014,5,3,0,0,0,8540,0,0,59,85059,2.18,19.780409147977647,22049,47.43003034828267,52.56996965171733,6.900681086745005,98.7952152014652,40.53628663003663,2.2,19.916468960063266,21780,48.4259846747035,51.57401532529649,9.163212725439678,98.85203345832132,41.53446783963081
2734100734,2014-10-15,3,3.5,1540,1427,2.0,0,0,3,7,1360,180,2007,0,98109,47.542,-122.322,1220,4000,2014,10,2,0,0,0,10780,0,1,7,124408,1.7,27.800957442136237,15202,28.230758246465797,71.7692417535342,3.0450204638472034,99.08156134571229,20.355395827093943,1.67,27.266207687894433,14434,30.246109023997548,69.75389097600245,3.8523274478330656,99.60608676883228,22.17785452190805
301402280,2015-03-31,2,2.25,1061,2884,2.0,0,0,3,7,1061,0,2013,0,98002,47.346,-122.218,1481,2887,2015,3,1,0,0,0,7427,0,0,2,68040,2.64,18.596016244440147,13738,50.49263025143848,49.50736974856152,8.921506062539885,96.5053019824804,61.71046565237437,2.61,18.7400560648534,13981,49.973103819257666,50.026896180742334,11.200844877927564,96.62962288212789,60.11568591728912
2113700205,2014-07-03,4,1.0,1200,6000,1.5,0,0,3,6,1200,0,1923,0,98106,47.5307,-122.352,950,4000,2014,7,3,0,0,0,7200,0,0,91,94762,2.43,20.256740681998416,10747,46.417630200612706,53.58236979938729,9.329466197085837,100.42269832078749,44.035900405327155,2.5,19.96174407768895,10674,48.08038392321536,51.91961607678465,9.873452927270199,101.05257103416542,44.05843782353618
4114601570,2014-11-18,3,3.25,4830,12431,2.0,1,4,3,10,3420,1600,1941,2002,98144,47.5925,-122.287,3680,12620,2014,11,1,1,0,0,50200,5020,1,73,97953,2.26,24.435394298408,13211,47.05356417134033,52.94643582865967,4.982979222913488,99.13933472900675,31.98883461270063,2.24,23.04151393743074,12994,47.69384193467963,52.306158065320375,6.687801012009999,99.23316558830577,31.929067816918284
3332000615,2014-10-20,3,1.0,1330,3740,1.5,0,0,3,6,1330,0,1903,0,98118,47.5502,-122.274,1330,5053,2014,10,0,0,0,0,7980,0,0,111,106930,2.75,18.80646044347112,17060,56.44829520663217,43.551704793367826,9.809241901003125,97.62032677053377,37.58809215308283,2.76,18.663888888888888,16861,55.8023285244242,44.1976714755758,10.945570971184631,97.02670100740065,37.2020995663939
3630050180,2014-09-26,2,1.75,1230,1107,2.0,0,0,3,8,1230,0,2006,0,98029,47.5475,-121.999,1380,1107,2014,9,4,0,0,0,9840,0,0,8,156427,2.51,10.307103610675039,11144,68.2339558251967,31.766044174803298,6.658926376178117,99.6974697469747,23.432343234323433,2.49,9.80519156992676,11047,66.38615281629531,33.6138471837047,7.2508398656215,99.70228064262442,25.536456577912592
6852700520,2015-04-06,2,2.5,1390,1132,2.0,0,0,3,8,1130,260,2006,0,98102,47.6228,-122.319,1400,1237,2015,4,0,0,0,0,11120,0,1,9,114026,1.64,32.88064183586572,15038,28.637943015983318,71.36205698401668,4.007043005015473,99.6177954441217,19.624929929164754,1.61,33.5729757131665,14696,28.04420202592619,71.9557979740738,4.6355078809106836,99.60608964122218,19.620994357500265
6870310010,2014-07-02,4,3.5,2500,3080,2.0,0,0,3,8,1810,690,2008,0,98052,47.6749,-122.14,2060,3295,2014,7,2,0,0,0,20000,0,1,6,158457,2.49,16.67975909924064,26354,53.58728109111451,46.41271890888548,5.135890711012479,99.32081320083873,22.76187437323366,2.43,16.793908754119162,26472,53.10328204716185,46.896717952838145,5.753945061367621,99.18121641257467,25.27158244343474
6163900981,2014-05-28,3,1.0,1180,5002,1.5,0,0,3,7,1180,0,1946,0,98155,47.7529,-122.324,1470,8410,2014,5,2,0,0,0,8260,0,0,68,124531,2.48,16.52716001821175,13838,68.1508643268727,31.849135673127293,8.176812638295683,98.1925078457077,38.148015731140504,2.48,17.143465606587636,13823,68.9590238023501,31.040976197649893,9.775827429417362,98.56964422418308,37.801684193561385
393000142,2014-12-11,4,2.5,2070,8658,2.0,0,0,3,8,2070,0,1999,0,98178,47.5072,-122.257,2010,7215,2014,12,3,0,0,0,16560,0,0,15,96875,2.82,20.090596844044004,9752,59.93050885451693,40.06949114548308,5.811326633948742,99.90720334067974,49.350423384758145,2.76,19.902357951594475,9374,62.577187463590825,37.42281253640918,7.69108659417414,99.64886790168302,47.354401259232354
1771100130,2015-03-16,3,1.5,1190,11996,1.0,0,0,4,7,1190,0,1969,0,98077,47.7561,-122.071,1190,9756,2015,3,0,0,0,0,8330,0,0,46,169573,2.96,13.307618129218902,4923,94.13233458177278,5.867665418227216,4.543605045436051,99.69715956558062,31.47451963241437,2.98,14.185654756627361,4928,92.30282581189371,7.697174188106285,5.255087817117368,99.70955249569707,33.04647160068847
1442860160,2015-01-07,3,2.5,2280,10255,2.0,0,0,4,8,2280,0,1985,0,98058,47.4334,-122.161,2310,10094,2015,1,2,0,0,0,18240,0,0,30,106611,2.78,15.935921408835924,16692,73.01956836343044,26.980431636569556,5.35431150140261,97.63669462323647,42.85157011897796,2.74,16.106225715036956,16367,72.2486806538808,27.751319346119192,6.590114827758363,97.51918859649122,44.01041666666667
9191200435,2014-11-13,4,1.75,1450,3750,1.0,0,0,4,7,950,500,1925,0,98105,47.6706,-122.3,1850,4000,2014,11,3,0,0,0,10150,0,1,89,75214,2.39,34.427767354596625,16374,36.709440879926674,63.29055912007333,10.222291797119599,99.00454237943366,17.87474630327631,2.36,35.428375934705045,16197,36.734693877551024,63.26530612244898,9.713006949079345,99.13663286818593,17.643810862363214
6788200800,2015-05-07,4,2.75,2850,3000,2.5,0,0,3,9,2530,320,2003,0,98112,47.6406,-122.304,2083,4500,2015,5,3,0,0,0,25650,0,1,12,153204,2.12,20.965110771983372,10930,55.615488345212874,44.38451165478713,5.323420074349442,99.23632488752072,17.546767700686715,2.12,21.08649789029536,11036,54.353054353054354,45.646945646945646,6.614844158756259,99.30969930969931,17.801567801567803
1115300070,2014-11-06,4,3.5,3040,8414,2.0,0,0,3,9,2420,620,2010,0,98059,47.5222,-122.157,3470,8066,2014,11,3,0,0,0,27360,0,1,4,126846,2.75,13.177344215208938,13637,79.87440417643943,20.125595823560566,4.938333752831613,99.5200838844975,40.75657364090983,2.79,13.745595489781536,13401,78.51442602823818,21.485573971761816,6.100010041168792,99.15702883205734,41.01237986642776
3176600105,2014-08-13,3,2.25,2250,5301,2.0,0,0,4,8,1510,740,1975,0,98115,47.6741,-122.271,2240,7200,2014,8,2,0,0,0,18000,0,1,39,141013,2.36,20.038971348841685,22085,62.56938184923383,37.430618150766165,5.07985950029823,99.48958702950569,21.213527308458662,2.32,19.346653198985,21778,62.75248864405142,37.24751135594858,5.230427913543313,99.63049016040087,21.893457996248916
2770604665,2015-02-02,2,1.5,1670,6000,1.0,0,0,3,7,1090,580,1950,0,98119,47.6517,-122.374,1670,6000,2015,2,0,0,0,0,11690,0,1,65,112865,1.9,25.481150100191062,12166,40.59950184660311,59.40049815339689,4.838109415705247,98.6912347167212,21.78979392686987,1.89,25.428950611432366,12075,40.114135206321336,59.885864793678664,5.074963929489995,99.02767835838702,20.561918396564067
5469500580,2015-02-03,3,1.75,2290,19000,1.0,0,0,4,9,1650,640,1973,0,98042,47.3837,-122.158,2900,13034,2015,2,1,0,0,0,20610,0,1,42,122709,2.84,14.728895746087723,16573,81.84237202230106,18.157627977698937,5.7493896195951795,98.46322368633011,50.75872289700055,2.8,15.359349774536549,16818,82.74386406544997,17.25613593455003,6.523882775213978,98.58030168589174,52.2264944625193
5680000545,2014-12-03,4,2.0,1750,5202,1.0,0,1,4,6,1070,680,1942,0,98108,47.5677,-122.317,2090,5400,2014,12,2,0,0,0,10500,0,1,72,90179,3.03,19.908830157754558,8612,54.59848578875513,45.40151421124488,8.936391301120759,96.30263002712583,38.9019931595707,3.04,20.018841262364578,8329,53.53791529292417,46.46208470707583,9.09441233140655,96.94831433568542,39.52716965201134
3424089119,2015-05-01,3,2.5,3240,60840,2.0,0,0,3,7,3240,0,1997,0,98045,47.5192,-121.764,2570,204732,2015,5,4,0,0,0,22680,0,0,18,154803,2.6,11.896235479081142,5848,76.05357142857143,23.946428571428573,4.146459747817652,98.97304236200257,46.04522563444257,2.62,12.452140619561435,5880,76.65285534137993,23.34714465862007,4.789620468048987,98.46000993541976,46.656731246895184
1328300180,2014-05-09,4,2.75,1970,7213,1.0,0,0,3,8,1170,800,1977,0,98058,47.4424,-122.126,1980,7045,2014,5,4,0,0,0,15760,0,1,37,106611,2.78,15.935921408835924,16692,73.01956836343044,26.980431636569556,5.35431150140261,97.63669462323647,42.85157011897796,2.74,16.106225715036956,16367,72.2486806538808,27.751319346119192,6.590114827758363,97.51918859649122,44.01041666666667
1773100922,2014-12-08,3,3.25,1480,983,2.0,0,0,3,8,1180,300,2013,0,98106,47.5555,-122.363,1330,1062,2014,12,0,0,0,0,11840,0,1,1,94762,2.43,20.256740681998416,10747,46.417630200612706,53.58236979938729,9.329466197085837,100.42269832078749,44.035900405327155,2.5,19.96174407768895,10674,48.08038392321536,51.91961607678465,9.873452927270199,101.05257103416542,44.05843782353618
4123830480,2014-06-10,4,2.75,1940,6555,2.0,0,0,3,8,1940,0,1990,0,98038,47.3701,-122.041,1840,6912,2014,6,1,0,0,0,15520,0,0,24,135304,2.86,12.556807332442238,12545,84.88178488178488,15.118215118215117,8.23751596956063,99.08171413361725,51.89424185963978,2.88,13.27901930178551,12318,84.63165017339085,15.368349826609151,8.409014463504876,99.04576700434153,54.23299565846599
9808610190,2014-05-09,4,2.5,2830,20345,2.0,0,0,3,10,1980,850,1979,0,98004,47.6462,-122.191,2830,13732,2014,5,4,0,0,0,28300,0,1,35,157784,2.09,16.09075919420747,17462,44.548266529191906,55.451733470808094,6.039425544695026,99.71498371335505,20.39087947882736,2.11,16.54254118709095,16773,45.298507462686565,54.701492537313435,6.137602970182156,99.6095090971507,22.202197047717128
4250200140,2015-02-19,4,2.5,1890,5954,2.0,0,0,3,7,1890,0,2004,0,98092,47.3293,-122.194,2030,5880,2015,2,3,0,0,0,13230,0,0,11,112735,2.77,17.21767115272089,16100,70.074142116659,29.92585788334099,8.37161127623165,98.55946766114585,47.855654272238674,2.7,17.027911100241507,15769,70.4232874883162,29.5767125116838,8.278795811518325,98.43809669288933,49.83960895134805
4217402115,2015-04-21,6,4.75,4830,19401,1.5,1,4,5,11,3910,1570,1936,0,98105,47.6515,-122.277,3510,15810,2015,4,1,0,0,1,60280,5480,1,79,75214,2.39,34.427767354596625,16374,36.709440879926674,63.29055912007333,10.222291797119599,99.00454237943366,17.87474630327631,2.36,35.428375934705045,16197,36.734693877551024,63.26530612244898,9.713006949079345,99.13663286818593,17.643810862363214
3831250350,2015-04-08,3,2.5,2185,6042,2.0,0,0,3,9,2185,0,2009,0,98030,47.3573,-122.202,2297,5876,2015,4,2,0,0,0,19665,0,0,6,85188,3.09,19.65576092087585,12484,47.11751662971175,52.88248337028825,8.260646485377118,97.17440872714266,52.62663745696785,3.0,17.600482618203756,12534,46.087481666810454,53.91251833318954,8.848456113317134,97.94284650470073,53.155543144373084
2397101055,2014-08-12,3,2.25,1950,3600,1.5,0,0,5,8,1430,520,1911,0,98119,47.637,-122.363,1950,3600,2014,8,1,0,0,0,15600,0,1,103,112865,1.9,25.481150100191062,12166,40.59950184660311,59.40049815339689,4.838109415705247,98.6912347167212,21.78979392686987,1.89,25.428950611432366,12075,40.114135206321336,59.885864793678664,5.074963929489995,99.02767835838702,20.561918396564067
6817850110,2015-04-21,4,2.5,3210,24527,1.5,0,0,3,11,3210,0,1984,0,98074,47.6399,-122.052,3280,24527,2015,4,1,0,0,1,35310,0,0,31,229104,3.02,10.366720845184885,9070,87.03577124629757,12.96422875370244,4.483074107959744,100.24147476294245,16.24359502915366,3.03,10.087027329635095,8959,87.40808823529412,12.591911764705882,4.416132562138502,100.35249133707731,17.803799737125104
7526800200,2014-10-10,4,2.25,2500,10062,1.0,0,0,3,8,1600,900,1975,0,98052,47.639,-122.1,2500,9750,2014,10,4,0,0,0,20000,0,1,39,158457,2.49,16.67975909924064,26354,53.58728109111451,46.41271890888548,5.135890711012479,99.32081320083873,22.76187437323366,2.43,16.793908754119162,26472,53.10328204716185,46.896717952838145,5.753945061367621,99.18121641257467,25.27158244343474
7853370100,2015-04-06,3,2.75,3230,5200,2.0,0,0,3,9,2680,550,2014,0,98065,47.519,-121.878,3100,4900,2015,4,0,0,0,0,29070,0,1,1,175750,2.93,10.615415255925114,4953,79.75811584977721,20.241884150222788,4.1850514774702505,99.11081471601645,30.999221962876515,2.91,8.78239184647078,4755,78.93797411869701,21.06202588130299,4.645161290322581,99.65219477092828,32.369872871192136
2523089025,2015-02-10,3,3.0,4020,211729,1.5,0,2,3,10,4020,0,1999,0,98045,47.4418,-121.731,2590,283140,2015,2,1,0,0,0,40200,0,0,16,154803,2.6,11.896235479081142,5848,76.05357142857143,23.946428571428573,4.146459747817652,98.97304236200257,46.04522563444257,2.62,12.452140619561435,5880,76.65285534137993,23.34714465862007,4.789620468048987,98.46000993541976,46.656731246895184
9476200680,2015-04-28,3,1.75,1490,6269,1.0,0,0,4,6,990,500,1944,0,98056,47.4917,-122.188,1490,7722,2015,4,1,0,0,0,8940,0,1,71,102196,2.51,19.700650139315567,13893,51.64368244502423,48.356317554975774,6.624963057826815,97.99134991266739,42.58920402561757,2.56,20.747436492907926,13631,51.246200607902736,48.753799392097264,7.454338464584468,97.1547942343848,43.680802172550656
5714200140,2015-04-22,4,3.0,2793,5703,2.0,0,0,3,9,2793,0,2009,0,98030,47.3682,-122.178,2793,5704,2015,4,2,0,0,0,25137,0,0,6,85188,3.09,19.65576092087585,12484,47.11751662971175,52.88248337028825,8.260646485377118,97.17440872714266,52.62663745696785,3.0,17.600482618203756,12534,46.087481666810454,53.91251833318954,8.848456113317134,97.94284650470073,53.155543144373084
3575304895,2014-09-23,5,2.75,2400,15781,1.0,0,0,4,7,1200,1200,1974,0,98074,47.622,-122.059,2390,7500,2014,9,1,0,0,0,16800,0,1,40,229104,3.02,10.366720845184885,9070,87.03577124629757,12.96422875370244,4.483074107959744,100.24147476294245,16.24359502915366,3.03,10.087027329635095,8959,87.40808823529412,12.591911764705882,4.416132562138502,100.35249133707731,17.803799737125104
263000018,2014-05-21,3,2.5,1530,1131,3.0,0,0,3,8,1530,0,2009,0,98103,47.6993,-122.346,1530,1509,2014,5,2,0,0,0,12240,0,0,5,122656,2.11,22.87456037514654,24340,48.11213812347401,51.88786187652599,3.97510133178923,99.1585414718846,18.936823827968478,2.08,23.163301875522638,24335,48.10872624912034,51.89127375087966,4.7532645230375685,99.01151866677559,19.094300574571793
8080400177,2014-09-09,2,1.75,1340,1368,2.0,0,0,3,7,1060,280,2006,0,98122,47.618,-122.311,2480,1707,2014,9,1,0,0,0,9380,0,1,8,94548,1.96,34.44654683065279,17551,33.21537815630061,66.7846218436994,4.870675176352032,98.85230330853253,23.880006332119677,1.95,33.01648693828051,17176,33.65877772971637,66.34122227028362,6.536089637800748,98.60956388992037,25.23827206337418
6450304130,2014-05-05,2,1.0,1140,5250,1.5,0,0,4,6,1140,0,1949,0,98133,47.731,-122.341,1450,5250,2014,5,0,0,0,0,6840,0,0,65,85059,2.18,19.780409147977647,22049,47.43003034828267,52.56996965171733,6.900681086745005,98.7952152014652,40.53628663003663,2.2,19.916468960063266,21780,48.4259846747035,51.57401532529649,9.163212725439678,98.85203345832132,41.53446783963081
514500090,2014-05-13,4,2.0,2250,7500,1.0,0,0,5,7,1200,1050,1956,0,98005,47.5877,-122.157,1440,7500,2014,5,1,0,0,0,15750,0,1,58,151297,2.35,15.897297661567492,8146,56.48061808978287,43.51938191021713,7.278904560897765,100.07012622720896,23.796166432912578,2.35,15.411255411255413,8229,55.90447288560496,44.09552711439504,8.25257574211976,99.94462463412704,24.04081955541492
9477000300,2014-07-28,4,2.25,2060,8540,1.0,0,0,4,7,1540,520,1967,0,98034,47.734,-122.19,1560,7700,2014,7,0,0,0,0,14420,0,1,47,119806,2.43,16.05333943799004,18001,61.237125332716126,38.76287466728388,6.750954198473283,99.64536699635606,34.17816241540864,2.44,17.057790319329666,18171,60.109001406469766,39.89099859353024,7.7933415340661085,99.85536782591545,35.227795674183156
853600310,2014-08-28,5,4.5,4830,142725,3.0,0,0,3,11,6085,0,2000,0,98014,47.6085,-121.952,4830,128457,2014,8,3,0,0,1,66935,0,0,14,149028,2.67,15.914655473941938,2760,80.12255840674071,19.877441593259288,5.053892215568863,98.49246231155779,41.447236180904525,2.71,16.475644699140403,2796,80.17309205350118,19.82690794649882,5.778769841269842,97.50727046115496,41.29621936019942
1951600240,2014-12-08,3,1.0,1240,9198,1.5,0,0,4,7,1240,0,1959,0,98032,47.37,-122.297,1170,8970,2014,12,0,0,0,0,8680,0,0,55,76683,2.63,20.094158674803836,14675,41.234807247781674,58.76519275221833,8.654155495978552,95.5773532954741,50.64963001204612,2.59,19.588287488908605,14852,40.70385126162019,59.29614873837982,10.4185119574845,96.6791786266284,51.459483329653345
1099900120,2015-01-26,3,2.5,2340,8414,1.0,0,0,3,7,1280,1060,1993,0,98188,47.4685,-122.265,2340,7268,2015,1,0,0,0,0,16380,0,1,22,77722,2.57,21.355714002772828,10041,42.85119667013528,57.14880332986473,8.525003709749221,99.28014754000833,56.91593789041585,2.5,21.801283022680202,10236,44.501647446457994,55.498352553542006,9.433817315817777,98.1617870838152,56.87503804248585
5323100120,2014-09-16,3,3.5,1700,2197,2.0,0,0,3,8,1260,440,2010,0,98116,47.5767,-122.41,1360,1418,2014,9,1,0,0,0,13600,0,1,4,129924,2.05,15.481481481481483,12313,56.0263408716749,43.9736591283251,3.855525297405762,99.08641444539983,26.660576096302663,2.06,16.790914094161206,12217,55.1675732584664,44.8324267415336,4.419769214021336,99.34274850624661,28.636610537751224
1223089016,2014-07-18,3,2.25,2450,49658,1.0,0,0,3,7,1770,680,1978,0,98045,47.486,-121.726,1340,121097,2014,7,4,0,0,0,17150,0,1,36,154803,2.6,11.896235479081142,5848,76.05357142857143,23.946428571428573,4.146459747817652,98.97304236200257,46.04522563444257,2.62,12.452140619561435,5880,76.65285534137993,23.34714465862007,4.789620468048987,98.46000993541976,46.656731246895184
522059172,2014-08-14,3,1.0,1460,10200,1.0,0,0,4,7,1460,0,1957,0,98055,47.4238,-122.197,1460,8500,2014,8,3,0,0,0,10220,0,0,57,90525,2.52,17.770148765734834,9457,52.904097253489425,47.09590274651058,6.387272021730695,100.09902828495389,48.560995234263785,2.46,17.95350415747497,9186,54.91396235131077,45.08603764868923,6.44159566844494,98.96273530541683,49.161224228454344
1930300190,2014-07-14,3,1.0,1640,4000,1.5,0,0,5,7,1640,0,1909,0,98103,47.6563,-122.351,2140,4000,2014,7,0,0,0,0,11480,0,0,105,122656,2.11,22.87456037514654,24340,48.11213812347401,51.88786187652599,3.97510133178923,99.1585414718846,18.936823827968478,2.08,23.163301875522638,24335,48.10872624912034,51.89127375087966,4.7532645230375685,99.01151866677559,19.094300574571793
9542840410,2014-11-08,4,2.25,1870,4198,2.0,0,0,3,7,1870,0,2008,0,98038,47.3657,-122.021,1870,4184,2014,11,5,0,0,0,13090,0,0,6,135304,2.86,12.556807332442238,12545,84.88178488178488,15.118215118215117,8.23751596956063,99.08171413361725,51.89424185963978,2.88,13.27901930178551,12318,84.63165017339085,15.368349826609151,8.409014463504876,99.04576700434153,54.23299565846599
8665050530,2015-02-04,3,2.0,1610,4364,2.0,0,0,3,8,1610,0,1996,0,98029,47.5672,-122.004,2010,4364,2015,2,2,0,0,0,12880,0,0,19,156427,2.51,10.307103610675039,11144,68.2339558251967,31.766044174803298,6.658926376178117,99.6974697469747,23.432343234323433,2.49,9.80519156992676,11047,66.38615281629531,33.6138471837047,7.2508398656215,99.70228064262442,25.536456577912592
5592900205,2015-04-09,2,1.75,1800,7191,1.0,0,3,4,7,990,810,1952,0,98056,47.4828,-122.191,1940,7400,2015,4,3,0,0,0,12600,0,1,63,102196,2.51,19.700650139315567,13893,51.64368244502423,48.356317554975774,6.624963057826815,97.99134991266739,42.58920402561757,2.56,20.747436492907926,13631,51.246200607902736,48.753799392097264,7.454338464584468,97.1547942343848,43.680802172550656
5450300010,2014-09-02,3,1.5,1680,13751,1.0,0,0,4,7,1680,0,1951,0,98040,47.5716,-122.227,1760,13500,2014,9,1,0,0,0,11760,0,0,63,190985,2.51,9.818010174647295,10179,71.95032870708546,28.049671292914535,5.143830092302178,100.51344885932669,15.986930392671683,2.49,9.62381105055039,10139,74.13847948255751,25.861520517442475,4.498525073746313,100.2252118769632,17.157589047590825
2459960030,2014-08-15,4,2.5,2060,5607,2.0,0,0,3,7,2060,0,2002,0,98058,47.4365,-122.144,2060,5367,2014,8,4,0,0,0,14420,0,0,12,106611,2.78,15.935921408835924,16692,73.01956836343044,26.980431636569556,5.35431150140261,97.63669462323647,42.85157011897796,2.74,16.106225715036956,16367,72.2486806538808,27.751319346119192,6.590114827758363,97.51918859649122,44.01041666666667
3331500455,2014-12-03,3,2.25,1850,2575,2.0,0,0,3,9,1850,0,2013,0,98118,47.5525,-122.273,1080,4120,2014,12,2,0,0,0,16650,0,0,1,106930,2.75,18.80646044347112,17060,56.44829520663217,43.551704793367826,9.809241901003125,97.62032677053377,37.58809215308283,2.76,18.663888888888888,16861,55.8023285244242,44.1976714755758,10.945570971184631,97.02670100740065,37.2020995663939
3432500705,2014-10-21,4,2.25,2200,8292,2.0,0,0,3,7,2200,0,1990,0,98155,47.7456,-122.315,1090,8290,2014,10,1,0,0,0,15400,0,0,24,124531,2.48,16.52716001821175,13838,68.1508643268727,31.849135673127293,8.176812638295683,98.1925078457077,38.148015731140504,2.48,17.143465606587636,13823,68.9590238023501,31.040976197649893,9.775827429417362,98.56964422418308,37.801684193561385
3702900165,2014-11-04,1,1.0,520,5600,1.0,0,0,3,6,520,0,1918,0,98116,47.5579,-122.395,1030,5265,2014,11,1,0,0,0,3120,0,0,96,129924,2.05,15.481481481481483,12313,56.0263408716749,43.9736591283251,3.855525297405762,99.08641444539983,26.660576096302663,2.06,16.790914094161206,12217,55.1675732584664,44.8324267415336,4.419769214021336,99.34274850624661,28.636610537751224
5249803550,2014-06-02,3,2.5,1960,7200,1.0,0,0,4,8,980,980,1940,0,98118,47.5655,-122.27,1440,7200,2014,6,0,0,0,0,15680,0,1,74,106930,2.75,18.80646044347112,17060,56.44829520663217,43.551704793367826,9.809241901003125,97.62032677053377,37.58809215308283,2.76,18.663888888888888,16861,55.8023285244242,44.1976714755758,10.945570971184631,97.02670100740065,37.2020995663939
626049058,2015-05-04,5,2.5,2570,17234,1.0,0,0,3,7,1300,1270,1959,0,98133,47.7753,-122.355,1760,7969,2015,5,0,0,0,0,17990,0,1,56,85059,2.18,19.780409147977647,22049,47.43003034828267,52.56996965171733,6.900681086745005,98.7952152014652,40.53628663003663,2.2,19.916468960063266,21780,48.4259846747035,51.57401532529649,9.163212725439678,98.85203345832132,41.53446783963081
1788900380,2015-02-12,2,1.0,1122,9100,1.0,0,0,4,6,1122,0,1960,0,98023,47.328,-122.341,840,9344,2015,2,3,0,0,0,6732,0,0,55,98057,2.84,17.422428414646312,18530,66.81093394077449,33.18906605922551,7.981084030556566,98.90960038986356,53.08845029239766,2.81,18.088104608353433,18625,64.76571428571428,35.23428571428571,8.736678507992895,98.46469418199901,51.54462953754351
8075400360,2014-08-22,2,1.0,1130,15190,1.0,0,0,4,7,1130,0,1954,0,98032,47.3902,-122.283,1490,16920,2014,8,4,0,0,0,7910,0,0,60,76683,2.63,20.094158674803836,14675,41.234807247781674,58.76519275221833,8.654155495978552,95.5773532954741,50.64963001204612,2.59,19.588287488908605,14852,40.70385126162019,59.29614873837982,10.4185119574845,96.6791786266284,51.459483329653345
9113200250,2015-04-13,4,2.5,2480,4602,2.0,0,0,3,9,2480,0,2000,0,98052,47.6835,-122.161,3480,5739,2015,4,0,0,0,0,22320,0,0,15,158457,2.49,16.67975909924064,26354,53.58728109111451,46.41271890888548,5.135890711012479,99.32081320083873,22.76187437323366,2.43,16.793908754119162,26472,53.10328204716185,46.896717952838145,5.753945061367621,99.18121641257467,25.27158244343474
2738640040,2015-04-09,4,2.5,3310,4839,2.0,0,0,3,9,3310,0,2007,0,98072,47.773,-122.161,3240,5280,2015,4,3,0,0,0,29790,0,0,8,157963,2.6,13.507779349363508,9217,75.10030952653904,24.899690473460964,4.844401668270773,98.9697933227345,34.97615262321145,2.6,13.562575408577382,9093,75.71628232005591,24.283717679944093,4.9586119070359755,99.31105530873737,35.92814371257485
7821200307,2015-02-17,2,1.0,970,3300,1.0,0,0,4,7,970,0,1916,0,98103,47.6609,-122.343,1060,3600,2015,2,1,0,0,0,6790,0,0,99,122656,2.11,22.87456037514654,24340,48.11213812347401,51.88786187652599,3.97510133178923,99.1585414718846,18.936823827968478,2.08,23.163301875522638,24335,48.10872624912034,51.89127375087966,4.7532645230375685,99.01151866677559,19.094300574571793
3530440140,2015-05-05,2,1.75,1370,4495,1.0,0,0,4,8,1370,0,1975,0,98198,47.3794,-122.317,1370,4686,2015,5,1,0,0,0,10960,0,0,40,76062,2.67,22.07152903355435,14123,54.47965869267103,45.52034130732896,7.476339026066727,96.01030110935024,51.96909667194929,2.66,22.372788556958557,14108,54.52003727865797,45.479962721342034,9.229583126824165,96.58536585365853,50.707716913234705
3582700130,2015-04-09,4,1.75,1770,12875,1.0,0,0,3,8,1770,0,1988,0,98028,47.7438,-122.247,2150,12875,2015,4,3,0,0,0,14160,0,0,27,132191,2.67,13.599013968775678,8536,72.67970599227607,27.320294007723934,6.275532377227293,98.3883964544722,35.38812785388128,2.64,14.729697547035009,8635,73.22834645669292,26.77165354330709,7.076760377192209,98.22348793056686,36.54054787089775
9276200569,2014-05-09,4,3.5,2730,3047,2.0,0,0,3,8,2400,330,2006,0,98116,47.5797,-122.391,1980,4600,2014,5,4,0,0,0,21840,0,1,8,129924,2.05,15.481481481481483,12313,56.0263408716749,43.9736591283251,3.855525297405762,99.08641444539983,26.660576096302663,2.06,16.790914094161206,12217,55.1675732584664,44.8324267415336,4.419769214021336,99.34274850624661,28.636610537751224
7197800020,2015-04-27,4,2.5,2250,4119,2.0,0,0,3,8,2250,0,2001,0,98075,47.5973,-122.034,2290,3115,2015,4,0,0,0,0,18000,0,0,14,234261,3.16,10.383283441920526,7595,87.0674447007735,12.93255529922649,3.5686033224927485,99.95167414566794,21.139109423541594,3.16,11.460327261500463,7356,87.72919605077574,12.270803949224259,4.311893639956881,99.93420090656528,21.340839303991814
686200490,2014-09-26,4,1.75,1860,7700,1.0,0,0,4,8,1860,0,1964,0,98008,47.626000000000005,-122.112,1860,7700,2014,9,4,0,0,0,14880,0,0,50,164219,2.69,15.393666045690754,9357,72.43788819875776,27.562111801242235,6.570794767842117,99.65975011155734,31.626506024096386,2.69,15.761031234506692,9349,72.46019286835613,27.53980713164387,7.243693589446886,99.19940949352714,32.716329775153305
3501600100,2015-01-05,3,1.0,920,4800,1.0,0,0,4,6,780,140,1926,0,98117,47.6937,-122.362,1370,4800,2015,1,0,0,0,0,5520,0,1,89,166029,2.29,15.29702030745872,14220,69.81104756388909,30.18895243611091,4.762847806713536,99.83316649983317,23.652819486152822,2.32,15.579379562043796,14093,70.67265234030027,29.327347659699736,4.742001293725432,99.6292707587311,24.463917091460587
6383000690,2015-03-25,3,2.25,1670,6414,1.0,0,0,4,8,1670,0,1961,0,98117,47.6921,-122.386,2130,7035,2015,3,2,0,0,0,13360,0,0,54,166029,2.29,15.29702030745872,14220,69.81104756388909,30.18895243611091,4.762847806713536,99.83316649983317,23.652819486152822,2.32,15.579379562043796,14093,70.67265234030027,29.327347659699736,4.742001293725432,99.6292707587311,24.463917091460587
7604400150,2015-04-23,3,2.0,1380,5198,1.0,0,0,4,7,1380,0,1982,0,98106,47.5514,-122.357,1320,6827,2015,4,3,0,0,0,9660,0,0,33,94762,2.43,20.256740681998416,10747,46.417630200612706,53.58236979938729,9.329466197085837,100.42269832078749,44.035900405327155,2.5,19.96174407768895,10674,48.08038392321536,51.91961607678465,9.873452927270199,101.05257103416542,44.05843782353618
5249801411,2014-10-10,5,3.75,3360,6000,2.0,0,0,3,8,2640,720,1963,1999,98118,47.558,-122.277,1930,6000,2014,10,4,1,0,0,26880,0,1,51,106930,2.75,18.80646044347112,17060,56.44829520663217,43.551704793367826,9.809241901003125,97.62032677053377,37.58809215308283,2.76,18.663888888888888,16861,55.8023285244242,44.1976714755758,10.945570971184631,97.02670100740065,37.2020995663939
2607720420,2015-01-20,3,2.5,2250,9608,2.0,0,0,3,8,2250,0,1994,0,98045,47.4865,-121.802,2020,9834,2015,1,1,0,0,0,18000,0,0,21,154803,2.6,11.896235479081142,5848,76.05357142857143,23.946428571428573,4.146459747817652,98.97304236200257,46.04522563444257,2.62,12.452140619561435,5880,76.65285534137993,23.34714465862007,4.789620468048987,98.46000993541976,46.656731246895184
9561100010,2014-11-04,3,2.5,1840,6985,1.0,0,0,3,7,1290,550,1971,0,98133,47.7586,-122.342,2160,7990,2014,11,1,0,0,0,12880,0,1,43,85059,2.18,19.780409147977647,22049,47.43003034828267,52.56996965171733,6.900681086745005,98.7952152014652,40.53628663003663,2.2,19.916468960063266,21780,48.4259846747035,51.57401532529649,9.163212725439678,98.85203345832132,41.53446783963081
1796370590,2015-03-05,3,2.0,1490,7599,1.0,0,0,3,7,1490,0,1990,0,98042,47.3687,-122.088,1560,7710,2015,3,3,0,0,0,10430,0,0,25,122709,2.84,14.728895746087723,16573,81.84237202230106,18.157627977698937,5.7493896195951795,98.46322368633011,50.75872289700055,2.8,15.359349774536549,16818,82.74386406544997,17.25613593455003,6.523882775213978,98.58030168589174,52.2264944625193
4077800593,2014-09-15,3,1.0,1360,8968,1.0,0,0,3,7,1360,0,1956,0,98125,47.7105,-122.289,1490,7355,2014,9,0,0,0,0,9520,0,0,58,89983,2.18,19.775984583885343,18882,47.03408836061897,52.96591163938103,6.25,100.80028203772255,32.942005993301606,2.12,19.175038337558288,18728,45.79247434435576,54.20752565564424,6.600554974298321,100.34034541438865,33.71592019986242
854000165,2015-01-07,3,1.5,1400,7582,1.0,0,0,3,7,1400,0,1956,0,98148,47.4536,-122.33,1280,7872,2015,1,2,0,0,0,9800,0,0,59,81431,2.49,20.801797540208135,4634,39.694835680751176,60.305164319248824,5.8074923821473385,96.5266676355181,52.01278883883157,2.46,21.21500893388922,4554,42.75695284159613,57.24304715840387,8.75373527860784,96.37251998815518,55.13769618004146
5536100010,2015-02-04,4,1.0,1330,9729,1.0,0,0,3,6,1330,0,1952,0,98004,47.6223,-122.208,2920,10353,2015,2,2,0,0,0,7980,0,0,63,157784,2.09,16.09075919420747,17462,44.548266529191906,55.451733470808094,6.039425544695026,99.71498371335505,20.39087947882736,2.11,16.54254118709095,16773,45.298507462686565,54.701492537313435,6.137602970182156,99.6095090971507,22.202197047717128
4188000670,2014-05-15,4,2.5,3240,20301,2.0,0,0,3,10,3240,0,1985,0,98052,47.719,-122.114,3010,23650,2014,5,3,0,0,0,32400,0,0,29,158457,2.49,16.67975909924064,26354,53.58728109111451,46.41271890888548,5.135890711012479,99.32081320083873,22.76187437323366,2.43,16.793908754119162,26472,53.10328204716185,46.896717952838145,5.753945061367621,99.18121641257467,25.27158244343474
31000165,2014-09-11,5,3.5,3620,7821,2.0,0,2,3,10,2790,830,1958,2010,98040,47.5738,-122.215,2690,9757,2014,9,3,1,0,0,36200,0,1,56,190985,2.51,9.818010174647295,10179,71.95032870708546,28.049671292914535,5.143830092302178,100.51344885932669,15.986930392671683,2.49,9.62381105055039,10139,74.13847948255751,25.861520517442475,4.498525073746313,100.2252118769632,17.157589047590825
662350050,2014-05-23,5,3.25,3400,7452,2.0,0,0,3,10,3400,0,1999,0,98007,47.6141,-122.136,2650,8749,2014,5,4,0,0,0,34000,0,0,15,118634,2.48,20.499565396404225,11154,35.96800304732883,64.03199695267118,5.613278442135529,98.00031408679266,22.378683976338795,2.46,20.650383547461058,10912,35.5564209911401,64.4435790088599,7.187732216442614,98.34565872363737,24.130375239660367
4137000280,2015-02-22,3,2.5,1630,8346,1.0,0,0,3,8,1630,0,1990,0,98092,47.2622,-122.219,2110,8619,2015,2,6,0,0,0,13040,0,0,25,112735,2.77,17.21767115272089,16100,70.074142116659,29.92585788334099,8.37161127623165,98.55946766114585,47.855654272238674,2.7,17.027911100241507,15769,70.4232874883162,29.5767125116838,8.278795811518325,98.43809669288933,49.83960895134805
6169901130,2014-09-11,3,3.0,2490,3600,2.0,0,3,4,8,1790,700,1911,0,98119,47.6313,-122.369,2490,3600,2014,9,3,0,0,0,19920,0,1,103,112865,1.9,25.481150100191062,12166,40.59950184660311,59.40049815339689,4.838109415705247,98.6912347167212,21.78979392686987,1.89,25.428950611432366,12075,40.114135206321336,59.885864793678664,5.074963929489995,99.02767835838702,20.561918396564067
1953400510,2014-06-23,5,2.5,1740,8750,1.0,0,0,4,7,1740,0,1959,0,98198,47.3904,-122.299,1740,8750,2014,6,0,0,0,0,12180,0,0,55,76062,2.67,22.07152903355435,14123,54.47965869267103,45.52034130732896,7.476339026066727,96.01030110935024,51.96909667194929,2.66,22.372788556958557,14108,54.52003727865797,45.479962721342034,9.229583126824165,96.58536585365853,50.707716913234705
7518506716,2014-08-27,3,2.5,2830,3750,3.0,0,0,3,10,2830,0,2014,0,98117,47.6798,-122.385,1780,5100,2014,8,2,0,0,0,28300,0,0,0,166029,2.29,15.29702030745872,14220,69.81104756388909,30.18895243611091,4.762847806713536,99.83316649983317,23.652819486152822,2.32,15.579379562043796,14093,70.67265234030027,29.327347659699736,4.742001293725432,99.6292707587311,24.463917091460587
1552520010,2014-08-01,3,2.5,1500,9636,2.0,0,0,3,7,1500,0,1994,0,98011,47.75,-122.176,1700,9656,2014,8,4,0,0,0,10500,0,0,20,124418,2.46,15.247978855721392,13329,65.2180746561886,34.781925343811395,6.342825237297599,99.00660763248978,39.452510450847306,2.46,15.129648719371977,13089,66.21599871237727,33.78400128762273,7.092279579716767,99.87127028642361,40.38435014482093
7955080270,2014-12-03,4,2.75,2060,6659,1.0,0,0,3,7,1280,780,1981,0,98058,47.4276,-122.157,2020,8720,2014,12,2,0,0,0,14420,0,1,33,106611,2.78,15.935921408835924,16692,73.01956836343044,26.980431636569556,5.35431150140261,97.63669462323647,42.85157011897796,2.74,16.106225715036956,16367,72.2486806538808,27.751319346119192,6.590114827758363,97.51918859649122,44.01041666666667
9212900100,2015-04-23,4,1.75,1820,6000,1.0,0,0,3,7,930,890,1942,0,98115,47.6872,-122.296,1590,6000,2015,4,3,0,0,0,12740,0,1,73,141013,2.36,20.038971348841685,22085,62.56938184923383,37.430618150766165,5.07985950029823,99.48958702950569,21.213527308458662,2.32,19.346653198985,21778,62.75248864405142,37.24751135594858,5.230427913543313,99.63049016040087,21.893457996248916
3438500798,2014-07-15,3,1.5,1060,6954,1.0,0,0,4,6,1060,0,1983,0,98106,47.5498,-122.355,1560,6954,2014,7,1,0,0,0,6360,0,0,31,94762,2.43,20.256740681998416,10747,46.417630200612706,53.58236979938729,9.329466197085837,100.42269832078749,44.035900405327155,2.5,19.96174407768895,10674,48.08038392321536,51.91961607678465,9.873452927270199,101.05257103416542,44.05843782353618
7899800890,2015-02-26,2,1.5,720,5120,1.0,0,0,3,6,720,0,1954,0,98106,47.5218,-122.357,1150,2566,2015,2,3,0,0,0,4320,0,0,61,94762,2.43,20.256740681998416,10747,46.417630200612706,53.58236979938729,9.329466197085837,100.42269832078749,44.035900405327155,2.5,19.96174407768895,10674,48.08038392321536,51.91961607678465,9.873452927270199,101.05257103416542,44.05843782353618
4319200605,2014-06-28,3,2.5,1700,9100,1.0,0,0,3,8,1160,540,1998,0,98126,47.5369,-122.378,1590,8374,2014,6,5,0,0,0,13600,0,1,16,108072,2.36,17.374538643750345,10242,56.54861693210393,43.45138306789606,4.653176915203527,100.23680854939583,34.264375493351146,2.27,16.627794527561296,10016,55.87763397154776,44.12236602845224,5.641737426518615,99.87504685742846,36.67374734474572
1329300480,2014-10-23,4,2.5,2643,5750,2.0,0,0,3,8,2643,0,2012,0,98030,47.3519,-122.173,2406,5772,2014,10,3,0,0,0,21144,0,0,2,85188,3.09,19.65576092087585,12484,47.11751662971175,52.88248337028825,8.260646485377118,97.17440872714266,52.62663745696785,3.0,17.600482618203756,12534,46.087481666810454,53.91251833318954,8.848456113317134,97.94284650470073,53.155543144373084
8935100100,2014-07-01,4,3.0,2890,6885,1.0,0,0,3,7,1590,1300,1945,2015,98115,47.6763,-122.282,2180,6885,2014,7,1,1,0,0,20230,0,1,69,141013,2.36,20.038971348841685,22085,62.56938184923383,37.430618150766165,5.07985950029823,99.48958702950569,21.213527308458662,2.32,19.346653198985,21778,62.75248864405142,37.24751135594858,5.230427913543313,99.63049016040087,21.893457996248916
5016001260,2015-04-13,2,1.0,820,4200,1.0,0,0,3,7,820,0,1980,0,98112,47.6249,-122.298,1290,4000,2015,4,0,0,0,0,5740,0,0,35,153204,2.12,20.965110771983372,10930,55.615488345212874,44.38451165478713,5.323420074349442,99.23632488752072,17.546767700686715,2.12,21.08649789029536,11036,54.353054353054354,45.646945646945646,6.614844158756259,99.30969930969931,17.801567801567803
4337600280,2014-09-04,3,2.0,1760,9900,1.0,0,0,4,7,1760,0,1943,0,98166,47.4783,-122.338,1190,9900,2014,9,3,0,0,0,12320,0,0,71,105013,2.51,15.282996712071395,8765,64.0529896168994,35.94701038310061,5.573970690858339,97.8699402786994,44.95686794956868,2.46,14.673185495605612,8880,63.30851558864589,36.69148441135412,6.493621545003543,97.69518681462999,45.590649418871884
1446401220,2014-10-09,2,1.0,930,6600,1.0,0,0,3,6,930,0,1957,0,98168,47.4868,-122.33,1250,6600,2014,10,3,0,0,0,5580,0,0,57,77935,2.8,20.49963262307127,12139,52.17844124283978,47.82155875716022,8.562583961217218,96.41425186805176,54.26006925460178,2.89,20.8829290342022,12234,50.7457509538675,49.2542490461325,11.205219182785854,97.16754897968418,53.68535360390933
7135521530,2014-10-28,4,2.75,2550,7591,2.0,0,0,3,9,2550,0,1989,0,98059,47.5302,-122.147,2670,7796,2014,10,1,0,0,0,22950,0,0,25,126846,2.75,13.177344215208938,13637,79.87440417643943,20.125595823560566,4.938333752831613,99.5200838844975,40.75657364090983,2.79,13.745595489781536,13401,78.51442602823818,21.485573971761816,6.100010041168792,99.15702883205734,41.01237986642776
6888900115,2015-02-16,3,1.0,1060,4880,1.0,0,0,2,6,910,150,1913,0,98118,47.5545,-122.288,1200,4880,2015,2,0,0,0,0,6360,0,1,102,106930,2.75,18.80646044347112,17060,56.44829520663217,43.551704793367826,9.809241901003125,97.62032677053377,37.58809215308283,2.76,18.663888888888888,16861,55.8023285244242,44.1976714755758,10.945570971184631,97.02670100740065,37.2020995663939
2413301070,2015-03-24,4,2.25,2100,8075,2.0,0,0,3,8,2100,0,1978,0,98003,47.3251,-122.329,2100,7464,2015,3,1,0,0,0,16800,0,0,37,67547,2.55,19.24448767833982,19289,48.22101062334889,51.77898937665112,8.09211372700373,97.76363151579788,55.309292094387416,2.53,17.855201652353518,19279,47.96962879640045,52.03037120359954,8.922079628575183,97.993265993266,55.535353535353536
345700040,2014-07-29,2,1.0,1010,7338,2.0,0,0,4,7,1010,0,1981,0,98056,47.5123,-122.19,1220,7719,2014,7,1,0,0,0,7070,0,0,33,102196,2.51,19.700650139315567,13893,51.64368244502423,48.356317554975774,6.624963057826815,97.99134991266739,42.58920402561757,2.56,20.747436492907926,13631,51.246200607902736,48.753799392097264,7.454338464584468,97.1547942343848,43.680802172550656
5566100145,2014-09-03,3,1.5,1360,11250,1.0,0,0,4,7,1360,0,1955,0,98006,47.5697,-122.177,1440,11250,2014,9,2,0,0,0,9520,0,0,59,185991,2.82,14.267360653577546,13727,77.46436154079466,22.535638459205337,6.640385009215646,100.15012703056432,27.042112556778815,2.81,13.709650387155165,13558,77.95756373072813,22.042436269271867,7.3147711184521,100.43854542632049,26.78619940233632
7634800070,2015-01-16,3,2.5,1820,16300,1.0,0,0,4,7,1220,600,1955,0,98166,47.4582,-122.365,1870,16300,2015,1,4,0,0,0,12740,0,1,60,105013,2.51,15.282996712071395,8765,64.0529896168994,35.94701038310061,5.573970690858339,97.8699402786994,44.95686794956868,2.46,14.673185495605612,8880,63.30851558864589,36.69148441135412,6.493621545003543,97.69518681462999,45.590649418871884
9346910500,2015-03-30,3,2.5,2060,10650,1.0,0,0,5,8,1050,1010,1976,0,98006,47.5627,-122.137,2690,8850,2015,3,0,0,0,0,16480,0,1,39,185991,2.82,14.267360653577546,13727,77.46436154079466,22.535638459205337,6.640385009215646,100.15012703056432,27.042112556778815,2.81,13.709650387155165,13558,77.95756373072813,22.042436269271867,7.3147711184521,100.43854542632049,26.78619940233632
3529300060,2014-07-21,3,2.5,1890,7053,2.0,0,0,4,8,1890,0,1992,0,98031,47.3967,-122.183,2000,7226,2014,7,0,0,0,0,15120,0,0,22,98657,2.97,17.82141658274589,12676,64.00824742268041,35.99175257731959,8.799066842478954,97.82912276247302,50.04020143032457,2.99,17.766172506738545,12903,63.46782097353806,36.53217902646194,10.101061398608502,97.60154576385098,48.943588020330154
8128600060,2014-06-24,4,3.25,4690,14930,2.0,0,2,3,10,3680,1010,1995,0,98155,47.7718,-122.283,2910,13320,2014,6,1,0,0,0,46900,0,1,19,124531,2.48,16.52716001821175,13838,68.1508643268727,31.849135673127293,8.176812638295683,98.1925078457077,38.148015731140504,2.48,17.143465606587636,13823,68.9590238023501,31.040976197649893,9.775827429417362,98.56964422418308,37.801684193561385
8572900275,2014-06-25,2,1.0,780,3475,1.0,0,0,4,5,780,0,1930,0,98045,47.4944,-121.789,1210,6769,2014,6,2,0,0,0,3900,0,0,84,154803,2.6,11.896235479081142,5848,76.05357142857143,23.946428571428573,4.146459747817652,98.97304236200257,46.04522563444257,2.62,12.452140619561435,5880,76.65285534137993,23.34714465862007,4.789620468048987,98.46000993541976,46.656731246895184
4139420590,2014-05-20,4,3.5,4560,16643,1.0,0,3,3,12,2230,2330,1995,0,98006,47.5521,-122.115,4060,15177,2014,5,1,0,0,1,54720,0,1,19,185991,2.82,14.267360653577546,13727,77.46436154079466,22.535638459205337,6.640385009215646,100.15012703056432,27.042112556778815,2.81,13.709650387155165,13558,77.95756373072813,22.042436269271867,7.3147711184521,100.43854542632049,26.78619940233632
9274200322,2014-08-20,3,2.5,1740,1236,3.0,0,2,3,8,1740,0,2008,0,98116,47.5891,-122.387,1740,1280,2014,8,2,0,0,0,13920,0,0,6,129924,2.05,15.481481481481483,12313,56.0263408716749,43.9736591283251,3.855525297405762,99.08641444539983,26.660576096302663,2.06,16.790914094161206,12217,55.1675732584664,44.8324267415336,4.419769214021336,99.34274850624661,28.636610537751224
1472700200,2014-07-09,3,1.75,1710,8767,1.0,0,0,4,8,1710,0,1986,0,98033,47.6945,-122.188,2050,9200,2014,7,2,0,0,0,13680,0,0,28,163786,2.29,14.715707890692858,16640,64.64853771164701,35.351462288353005,6.13177729151471,100.35475872592028,25.88212855235552,2.3,14.803502341681938,16431,65.22136010953903,34.77863989046098,6.479481641468683,100.68666848737857,27.48234559712848
8820903380,2015-01-02,6,2.25,2660,13579,2.0,0,0,3,7,2660,0,1937,1990,98125,47.7142,-122.286,1120,8242,2015,1,4,1,0,0,18620,0,0,78,89983,2.18,19.775984583885343,18882,47.03408836061897,52.96591163938103,6.25,100.80028203772255,32.942005993301606,2.12,19.175038337558288,18728,45.79247434435576,54.20752565564424,6.600554974298321,100.34034541438865,33.71592019986242
8563010130,2014-07-25,3,2.5,3350,7752,1.0,0,0,3,9,2180,1170,2009,0,98008,47.6263,-122.099,2570,7988,2014,7,4,0,0,0,30150,0,1,5,164219,2.69,15.393666045690754,9357,72.43788819875776,27.562111801242235,6.570794767842117,99.65975011155734,31.626506024096386,2.69,15.761031234506692,9349,72.46019286835613,27.53980713164387,7.243693589446886,99.19940949352714,32.716329775153305
8965450110,2014-09-12,3,2.5,3300,11570,2.0,0,0,3,9,3300,0,1994,0,98006,47.5599,-122.121,3280,11446,2014,9,4,0,0,0,29700,0,0,20,185991,2.82,14.267360653577546,13727,77.46436154079466,22.535638459205337,6.640385009215646,100.15012703056432,27.042112556778815,2.81,13.709650387155165,13558,77.95756373072813,22.042436269271867,7.3147711184521,100.43854542632049,26.78619940233632
9274204230,2014-07-09,3,1.75,1660,6250,1.0,0,0,3,7,830,830,1980,0,98116,47.5859,-122.385,1660,5750,2014,7,2,0,0,0,11620,0,1,34,129924,2.05,15.481481481481483,12313,56.0263408716749,43.9736591283251,3.855525297405762,99.08641444539983,26.660576096302663,2.06,16.790914094161206,12217,55.1675732584664,44.8324267415336,4.419769214021336,99.34274850624661,28.636610537751224
8165501700,2015-04-30,2,2.25,1550,2285,2.0,0,0,3,8,1550,0,2007,0,98106,47.5398,-122.369,1550,2135,2015,4,3,0,0,0,12400,0,0,8,94762,2.43,20.256740681998416,10747,46.417630200612706,53.58236979938729,9.329466197085837,100.42269832078749,44.035900405327155,2.5,19.96174407768895,10674,48.08038392321536,51.91961607678465,9.873452927270199,101.05257103416542,44.05843782353618
2193340260,2015-01-07,4,2.25,1770,8505,2.0,0,0,3,8,1770,0,1986,0,98052,47.6904,-122.102,1880,8939,2015,1,2,0,0,0,14160,0,0,29,158457,2.49,16.67975909924064,26354,53.58728109111451,46.41271890888548,5.135890711012479,99.32081320083873,22.76187437323366,2.43,16.793908754119162,26472,53.10328204716185,46.896717952838145,5.753945061367621,99.18121641257467,25.27158244343474
1860600290,2014-06-27,3,2.25,1670,4800,1.5,0,3,3,8,1670,0,1903,0,98119,47.6356,-122.367,2300,4800,2014,6,4,0,0,0,13360,0,0,111,112865,1.9,25.481150100191062,12166,40.59950184660311,59.40049815339689,4.838109415705247,98.6912347167212,21.78979392686987,1.89,25.428950611432366,12075,40.114135206321336,59.885864793678664,5.074963929489995,99.02767835838702,20.561918396564067
1222000055,2014-11-23,2,0.75,900,9600,1.0,0,0,3,6,900,0,1941,0,98166,47.4604,-122.339,1250,14280,2014,11,6,0,0,0,5400,0,0,73,105013,2.51,15.282996712071395,8765,64.0529896168994,35.94701038310061,5.573970690858339,97.8699402786994,44.95686794956868,2.46,14.673185495605612,8880,63.30851558864589,36.69148441135412,6.493621545003543,97.69518681462999,45.590649418871884
2492200280,2014-12-02,3,2.75,2160,4086,1.0,0,0,3,7,1380,780,1987,0,98126,47.5352,-122.38,1300,4080,2014,12,1,0,0,0,15120,0,1,27,108072,2.36,17.374538643750345,10242,56.54861693210393,43.45138306789606,4.653176915203527,100.23680854939583,34.264375493351146,2.27,16.627794527561296,10016,55.87763397154776,44.12236602845224,5.641737426518615,99.87504685742846,36.67374734474572
2488200455,2014-07-03,2,2.75,1350,1252,2.0,0,0,3,8,1120,230,2006,0,98136,47.522,-122.39,1410,1265,2014,7,3,0,0,0,10800,0,1,8,144659,2.13,15.69451876767831,7483,65.10981373366694,34.89018626633305,3.7052720728350628,99.55093555093555,32.71517671517671,2.14,17.20172866183053,7488,65.71508929827029,34.284910701729714,5.032728833565833,98.98634497780012,33.358465276032504
809001520,2014-11-05,4,3.25,3480,6000,3.0,0,0,3,8,3480,0,2014,0,98109,47.6353,-122.353,2200,4080,2014,11,2,0,0,0,27840,0,0,0,124408,1.7,27.800957442136237,15202,28.230758246465797,71.7692417535342,3.0450204638472034,99.08156134571229,20.355395827093943,1.67,27.266207687894433,14434,30.246109023997548,69.75389097600245,3.8523274478330656,99.60608676883228,22.17785452190805
1796361140,2014-10-31,3,1.75,1340,8250,1.0,0,0,3,7,1100,240,1985,0,98042,47.3668,-122.09,1540,7860,2014,10,4,0,0,0,9380,0,1,29,122709,2.84,14.728895746087723,16573,81.84237202230106,18.157627977698937,5.7493896195951795,98.46322368633011,50.75872289700055,2.8,15.359349774536549,16818,82.74386406544997,17.25613593455003,6.523882775213978,98.58030168589174,52.2264944625193
6398000011,2014-06-02,3,3.0,3740,39640,2.0,0,2,3,10,3740,0,1991,0,98070,47.4036,-122.462,2930,26136,2014,6,0,0,0,0,37400,0,0,23,103222,2.13,13.903089575461214,5798,76.70800924952701,23.291990750472987,5.4068427583761745,100.24934546814612,33.54943273905997,2.2,13.290579389650597,5723,80.69727891156462,19.302721088435373,5.982905982905983,98.68289011540391,32.28800802809834
6813600365,2014-10-09,4,1.75,1760,3600,1.0,0,0,5,7,880,880,1926,0,98103,47.6889,-122.33,1500,5580,2014,10,3,0,0,0,12320,0,1,88,122656,2.11,22.87456037514654,24340,48.11213812347401,51.88786187652599,3.97510133178923,99.1585414718846,18.936823827968478,2.08,23.163301875522638,24335,48.10872624912034,51.89127375087966,4.7532645230375685,99.01151866677559,19.094300574571793
7504100920,2014-06-18,3,3.0,3450,16200,2.0,0,0,3,10,3450,0,1983,0,98074,47.6319,-122.041,3130,12150,2014,6,2,0,0,0,34500,0,0,31,229104,3.02,10.366720845184885,9070,87.03577124629757,12.96422875370244,4.483074107959744,100.24147476294245,16.24359502915366,3.03,10.087027329635095,8959,87.40808823529412,12.591911764705882,4.416132562138502,100.35249133707731,17.803799737125104
8835770330,2014-08-19,2,1.5,2370,184231,2.0,0,0,3,11,2370,0,2005,0,98045,47.4543,-121.778,3860,151081,2014,8,1,0,0,1,26070,0,0,9,154803,2.6,11.896235479081142,5848,76.05357142857143,23.946428571428573,4.146459747817652,98.97304236200257,46.04522563444257,2.62,12.452140619561435,5880,76.65285534137993,23.34714465862007,4.789620468048987,98.46000993541976,46.656731246895184
524059322,2015-02-26,3,2.5,2100,4097,2.0,0,0,3,9,2100,0,2008,0,98004,47.5983,-122.2,1780,4764,2015,2,3,0,0,0,18900,0,0,7,157784,2.09,16.09075919420747,17462,44.548266529191906,55.451733470808094,6.039425544695026,99.71498371335505,20.39087947882736,2.11,16.54254118709095,16773,45.298507462686565,54.701492537313435,6.137602970182156,99.6095090971507,22.202197047717128
4307330280,2014-08-20,4,2.5,2390,6775,2.0,0,0,3,7,2390,0,2003,0,98056,47.4811,-122.182,2560,6346,2014,8,2,0,0,0,16730,0,0,11,102196,2.51,19.700650139315567,13893,51.64368244502423,48.356317554975774,6.624963057826815,97.99134991266739,42.58920402561757,2.56,20.747436492907926,13631,51.246200607902736,48.753799392097264,7.454338464584468,97.1547942343848,43.680802172550656
1245002952,2014-10-15,4,2.5,2770,7800,2.0,0,0,3,10,2770,0,1999,0,98033,47.684,-122.205,2720,10000,2014,10,2,0,0,0,27700,0,0,15,163786,2.29,14.715707890692858,16640,64.64853771164701,35.351462288353005,6.13177729151471,100.35475872592028,25.88212855235552,2.3,14.803502341681938,16431,65.22136010953903,34.77863989046098,6.479481641468683,100.68666848737857,27.48234559712848
2021069059,2014-06-26,3,2.0,1470,20000,1.0,0,0,4,7,1470,0,1968,0,98002,47.2973,-122.08,1390,30056,2014,6,3,0,0,0,10290,0,0,46,68040,2.64,18.596016244440147,13738,50.49263025143848,49.50736974856152,8.921506062539885,96.5053019824804,61.71046565237437,2.61,18.7400560648534,13981,49.973103819257666,50.026896180742334,11.200844877927564,96.62962288212789,60.11568591728912
5700000595,2015-02-19,4,2.0,2000,5000,1.5,0,0,5,7,2000,0,1925,0,98144,47.5787,-122.293,2200,5000,2015,2,3,0,0,0,14000,0,0,90,97953,2.26,24.435394298408,13211,47.05356417134033,52.94643582865967,4.982979222913488,99.13933472900675,31.98883461270063,2.24,23.04151393743074,12994,47.69384193467963,52.306158065320375,6.687801012009999,99.23316558830577,31.929067816918284
3629970930,2014-11-11,3,3.0,2980,3730,2.0,0,0,3,9,2980,0,2005,0,98029,47.5533,-121.995,2710,3640,2014,11,1,0,0,0,26820,0,0,9,156427,2.51,10.307103610675039,11144,68.2339558251967,31.766044174803298,6.658926376178117,99.6974697469747,23.432343234323433,2.49,9.80519156992676,11047,66.38615281629531,33.6138471837047,7.2508398656215,99.70228064262442,25.536456577912592
3336002215,2015-02-25,2,1.0,1240,5500,1.5,0,0,3,6,1240,0,1921,0,98118,47.5257,-122.263,1520,5500,2015,2,2,0,0,0,7440,0,0,94,106930,2.75,18.80646044347112,17060,56.44829520663217,43.551704793367826,9.809241901003125,97.62032677053377,37.58809215308283,2.76,18.663888888888888,16861,55.8023285244242,44.1976714755758,10.945570971184631,97.02670100740065,37.2020995663939
5100401060,2014-09-08,4,3.0,2360,6678,1.0,0,0,3,8,1760,600,1949,0,98115,47.6919,-122.313,1640,6380,2014,9,0,0,0,0,18880,0,1,65,141013,2.36,20.038971348841685,22085,62.56938184923383,37.430618150766165,5.07985950029823,99.48958702950569,21.213527308458662,2.32,19.346653198985,21778,62.75248864405142,37.24751135594858,5.230427913543313,99.63049016040087,21.893457996248916
3278600750,2015-04-07,1,1.5,1180,1688,2.0,0,0,3,8,1070,110,2007,0,98126,47.549,-122.372,1380,2059,2015,4,1,0,0,0,9440,0,1,8,108072,2.36,17.374538643750345,10242,56.54861693210393,43.45138306789606,4.653176915203527,100.23680854939583,34.264375493351146,2.27,16.627794527561296,10016,55.87763397154776,44.12236602845224,5.641737426518615,99.87504685742846,36.67374734474572
1126069045,2014-06-20,6,4.25,4830,211729,2.0,0,0,4,9,4820,2080,2002,0,98077,47.7506,-122.012,4170,266587,2014,6,4,0,0,0,62100,0,1,12,169573,2.96,13.307618129218902,4923,94.13233458177278,5.867665418227216,4.543605045436051,99.69715956558062,31.47451963241437,2.98,14.185654756627361,4928,92.30282581189371,7.697174188106285,5.255087817117368,99.70955249569707,33.04647160068847
7568700175,2014-06-04,3,1.0,1210,7440,1.0,0,0,3,7,1210,0,1949,0,98155,47.7402,-122.323,1120,7440,2014,6,2,0,0,0,8470,0,0,65,124531,2.48,16.52716001821175,13838,68.1508643268727,31.849135673127293,8.176812638295683,98.1925078457077,38.148015731140504,2.48,17.143465606587636,13823,68.9590238023501,31.040976197649893,9.775827429417362,98.56964422418308,37.801684193561385
452001475,2014-09-02,3,1.0,960,3600,1.0,0,0,4,7,960,0,1906,0,98117,47.6758,-122.369,1580,5000,2014,9,1,0,0,0,6720,0,0,108,166029,2.29,15.29702030745872,14220,69.81104756388909,30.18895243611091,4.762847806713536,99.83316649983317,23.652819486152822,2.32,15.579379562043796,14093,70.67265234030027,29.327347659699736,4.742001293725432,99.6292707587311,24.463917091460587
9283800230,2014-06-25,4,2.75,3110,49765,1.0,0,0,4,8,3110,0,1958,1972,98010,47.3343,-122.044,1880,19709,2014,6,2,1,0,0,24880,0,0,56,141579,2.57,13.38701560140916,2023,89.75431259801358,10.245687401986409,4.837398373983739,98.27384435342306,56.31948507899356,2.54,11.838658983761132,1978,90.11689691817216,9.883103081827842,4.036620890553475,98.94736842105263,61.702786377708975
1737300130,2014-12-22,6,2.5,3610,12033,2.0,0,0,3,8,3210,400,1970,0,98011,47.7692,-122.219,2210,8577,2014,12,0,0,0,0,28880,0,1,44,124418,2.46,15.247978855721392,13329,65.2180746561886,34.781925343811395,6.342825237297599,99.00660763248978,39.452510450847306,2.46,15.129648719371977,13089,66.21599871237727,33.78400128762273,7.092279579716767,99.87127028642361,40.38435014482093
6189600040,2014-11-17,3,1.75,1810,7950,1.0,0,0,4,7,1810,0,1968,0,98008,47.6236,-122.117,1680,7725,2014,11,0,0,0,0,12670,0,0,46,164219,2.69,15.393666045690754,9357,72.43788819875776,27.562111801242235,6.570794767842117,99.65975011155734,31.626506024096386,2.69,15.761031234506692,9349,72.46019286835613,27.53980713164387,7.243693589446886,99.19940949352714,32.716329775153305
3679400025,2014-08-12,3,1.75,2160,5863,1.5,0,0,4,7,1260,900,1928,0,98144,47.5729,-122.315,1590,3000,2014,8,1,0,0,0,15120,0,1,86,97953,2.26,24.435394298408,13211,47.05356417134033,52.94643582865967,4.982979222913488,99.13933472900675,31.98883461270063,2.24,23.04151393743074,12994,47.69384193467963,52.306158065320375,6.687801012009999,99.23316558830577,31.929067816918284
1096100010,2014-10-28,2,1.0,1210,7040,1.0,0,0,3,7,1210,0,1952,0,98155,47.745,-122.297,1210,7205,2014,10,1,0,0,0,8470,0,0,62,124531,2.48,16.52716001821175,13838,68.1508643268727,31.849135673127293,8.176812638295683,98.1925078457077,38.148015731140504,2.48,17.143465606587636,13823,68.9590238023501,31.040976197649893,9.775827429417362,98.56964422418308,37.801684193561385
9513900050,2014-08-12,3,2.0,1210,6634,1.0,0,0,4,7,1210,0,1985,0,98031,47.4097,-122.193,1560,7200,2014,8,1,0,0,0,8470,0,0,29,98657,2.97,17.82141658274589,12676,64.00824742268041,35.99175257731959,8.799066842478954,97.82912276247302,50.04020143032457,2.99,17.766172506738545,12903,63.46782097353806,36.53217902646194,10.101061398608502,97.60154576385098,48.943588020330154
5452800645,2014-09-22,4,2.5,2260,13600,1.0,0,0,4,8,1770,490,1974,0,98040,47.5436,-122.233,2630,13995,2014,9,0,0,0,0,18080,0,1,40,190985,2.51,9.818010174647295,10179,71.95032870708546,28.049671292914535,5.143830092302178,100.51344885932669,15.986930392671683,2.49,9.62381105055039,10139,74.13847948255751,25.861520517442475,4.498525073746313,100.2252118769632,17.157589047590825
273800100,2014-12-19,4,1.75,1480,9523,1.0,0,0,3,7,1120,360,1959,0,98030,47.3732,-122.217,1590,8300,2014,12,4,0,0,0,10360,0,1,55,85188,3.09,19.65576092087585,12484,47.11751662971175,52.88248337028825,8.260646485377118,97.17440872714266,52.62663745696785,3.0,17.600482618203756,12534,46.087481666810454,53.91251833318954,8.848456113317134,97.94284650470073,53.155543144373084
7228500037,2015-05-05,2,1.5,1190,1361,2.0,0,0,3,8,1190,0,2007,0,98122,47.6161,-122.302,1280,3360,2015,5,1,0,0,0,9520,0,0,8,94548,1.96,34.44654683065279,17551,33.21537815630061,66.7846218436994,4.870675176352032,98.85230330853253,23.880006332119677,1.95,33.01648693828051,17176,33.65877772971637,66.34122227028362,6.536089637800748,98.60956388992037,25.23827206337418
808300090,2015-01-16,4,2.5,2650,9065,2.0,0,0,3,7,2650,0,2000,0,98019,47.7258,-121.959,2590,13218,2015,1,4,0,0,0,18550,0,0,15,149479,2.7,12.106593154146566,4391,82.10296260320544,17.89703739679456,7.84727863525589,98.49849849849849,41.80999180999181,2.75,12.650887573964498,4151,85.6704980842912,14.329501915708812,9.496822943499913,98.77597495018503,47.3242243097068
2493200215,2014-12-31,3,1.75,1820,3140,2.0,0,0,5,8,1820,0,1949,1990,98136,47.5271,-122.384,2030,5499,2014,12,2,1,0,0,14560,0,0,65,144659,2.13,15.69451876767831,7483,65.10981373366694,34.89018626633305,3.7052720728350628,99.55093555093555,32.71517671517671,2.14,17.20172866183053,7488,65.71508929827029,34.284910701729714,5.032728833565833,98.98634497780012,33.358465276032504
5035300255,2015-04-14,2,1.75,2130,6574,1.0,0,0,3,8,1500,630,1946,0,98199,47.6529,-122.411,2130,6275,2015,4,1,0,0,0,17040,0,1,69,168132,2.27,15.401888530631044,9920,62.062574948217595,37.937425051782405,4.147350993377484,99.1690635985938,22.416107382550337,2.24,15.287600188590286,9908,63.396185047138786,36.603814952861214,4.887626368117638,99.1062108559499,21.711899791231733
3380900160,2015-04-28,4,1.5,1700,8400,1.0,0,0,3,7,1700,0,1953,0,98177,47.7677,-122.359,1750,8475,2015,4,1,0,0,0,11900,0,0,62,153542,2.43,13.07924984875983,8212,79.67166859048352,20.32833140951648,5.038420387121875,99.43356309288201,27.4619531836484,2.43,12.346137193047566,8127,81.14840062926062,18.85159937073938,4.7893884163628995,99.46581196581197,26.716524216524217
3630000130,2014-10-28,3,2.25,1470,1703,2.0,0,0,3,8,1470,0,2005,0,98029,47.5478,-121.999,1380,1107,2014,10,1,0,0,0,11760,0,0,9,156427,2.51,10.307103610675039,11144,68.2339558251967,31.766044174803298,6.658926376178117,99.6974697469747,23.432343234323433,2.49,9.80519156992676,11047,66.38615281629531,33.6138471837047,7.2508398656215,99.70228064262442,25.536456577912592
7300400670,2014-07-29,4,2.5,1850,5880,2.0,0,0,3,8,1850,0,1998,0,98092,47.3322,-122.173,2370,6500,2014,7,1,0,0,0,14800,0,0,16,112735,2.77,17.21767115272089,16100,70.074142116659,29.92585788334099,8.37161127623165,98.55946766114585,47.855654272238674,2.7,17.027911100241507,15769,70.4232874883162,29.5767125116838,8.278795811518325,98.43809669288933,49.83960895134805
6798100070,2015-05-11,3,1.0,1220,8040,1.5,0,0,3,7,1220,0,1965,0,98125,47.7133,-122.308,1360,8040,2015,5,0,0,0,0,8540,0,0,50,89983,2.18,19.775984583885343,18882,47.03408836061897,52.96591163938103,6.25,100.80028203772255,32.942005993301606,2.12,19.175038337558288,18728,45.79247434435576,54.20752565564424,6.600554974298321,100.34034541438865,33.71592019986242
8078400010,2014-11-18,4,2.25,2240,8376,1.0,0,0,3,8,1740,500,1984,0,98074,47.6323,-122.029,1890,7875,2014,11,1,0,0,0,17920,0,1,30,229104,3.02,10.366720845184885,9070,87.03577124629757,12.96422875370244,4.483074107959744,100.24147476294245,16.24359502915366,3.03,10.087027329635095,8959,87.40808823529412,12.591911764705882,4.416132562138502,100.35249133707731,17.803799737125104
5566100060,2014-07-18,3,1.75,1720,12540,1.0,0,0,4,7,1720,0,1956,0,98006,47.5699,-122.177,1440,11850,2014,7,4,0,0,0,12040,0,0,58,185991,2.82,14.267360653577546,13727,77.46436154079466,22.535638459205337,6.640385009215646,100.15012703056432,27.042112556778815,2.81,13.709650387155165,13558,77.95756373072813,22.042436269271867,7.3147711184521,100.43854542632049,26.78619940233632
2768200212,2014-09-11,2,2.5,1320,1157,2.0,0,0,3,8,990,330,2014,0,98107,47.6689,-122.363,1550,1519,2014,9,3,0,0,0,10560,0,1,0,131559,1.93,23.823613629855874,12707,35.71075197889182,64.28924802110818,5.1404627006610015,99.34580861098434,21.74552462092398,1.92,23.06289432176656,12416,34.91419393017161,65.0858060698284,6.3046647230320705,99.24250394529194,22.530247238295633
4035900060,2014-09-19,3,1.75,1600,20873,1.0,0,0,3,8,1600,0,1955,0,98006,47.5632,-122.182,2640,18364,2014,9,4,0,0,0,12800,0,0,59,185991,2.82,14.267360653577546,13727,77.46436154079466,22.535638459205337,6.640385009215646,100.15012703056432,27.042112556778815,2.81,13.709650387155165,13558,77.95756373072813,22.042436269271867,7.3147711184521,100.43854542632049,26.78619940233632
9460000110,2014-09-24,3,1.75,2630,6500,1.0,0,0,3,7,1330,1300,1958,0,98055,47.4878,-122.221,2520,6500,2014,9,2,0,0,0,18410,0,1,56,90525,2.52,17.770148765734834,9457,52.904097253489425,47.09590274651058,6.387272021730695,100.09902828495389,48.560995234263785,2.46,17.95350415747497,9186,54.91396235131077,45.08603764868923,6.44159566844494,98.96273530541683,49.161224228454344
7199320190,2014-10-16,4,2.25,2470,7350,1.0,0,0,3,7,1600,870,1978,0,98052,47.6936,-122.128,1970,7700,2014,10,3,0,0,0,17290,0,1,36,158457,2.49,16.67975909924064,26354,53.58728109111451,46.41271890888548,5.135890711012479,99.32081320083873,22.76187437323366,2.43,16.793908754119162,26472,53.10328204716185,46.896717952838145,5.753945061367621,99.18121641257467,25.27158244343474
2225039081,2014-10-20,3,1.0,960,3960,1.0,0,0,3,7,960,0,1943,0,98199,47.6465,-122.404,1550,6050,2014,10,0,0,0,0,6720,0,0,71,168132,2.27,15.401888530631044,9920,62.062574948217595,37.937425051782405,4.147350993377484,99.1690635985938,22.416107382550337,2.24,15.287600188590286,9908,63.396185047138786,36.603814952861214,4.887626368117638,99.1062108559499,21.711899791231733
9512200050,2014-08-27,5,3.75,3090,4943,2.0,0,0,3,10,3090,0,2010,0,98058,47.4594,-122.133,3191,5561,2014,8,2,0,0,0,30900,0,0,4,106611,2.78,15.935921408835924,16692,73.01956836343044,26.980431636569556,5.35431150140261,97.63669462323647,42.85157011897796,2.74,16.106225715036956,16367,72.2486806538808,27.751319346119192,6.590114827758363,97.51918859649122,44.01041666666667
2634500085,2014-08-12,3,1.0,1100,8138,1.0,0,0,3,7,1100,0,1949,0,98155,47.7393,-122.325,1440,8131,2014,8,1,0,0,0,7700,0,0,65,124531,2.48,16.52716001821175,13838,68.1508643268727,31.849135673127293,8.176812638295683,98.1925078457077,38.148015731140504,2.48,17.143465606587636,13823,68.9590238023501,31.040976197649893,9.775827429417362,98.56964422418308,37.801684193561385
3654800200,2014-10-22,3,2.5,1720,6271,2.0,0,0,3,7,1720,0,1993,0,98038,47.3898,-122.049,1570,6587,2014,10,2,0,0,0,12040,0,0,21,135304,2.86,12.556807332442238,12545,84.88178488178488,15.118215118215117,8.23751596956063,99.08171413361725,51.89424185963978,2.88,13.27901930178551,12318,84.63165017339085,15.368349826609151,8.409014463504876,99.04576700434153,54.23299565846599
2724079090,2015-01-05,4,3.25,3920,211729,3.0,0,3,3,11,3920,0,2002,0,98024,47.5385,-121.896,2970,112384,2015,1,0,0,0,1,43120,0,0,13,149044,2.94,13.445557212870233,2174,84.03826787512588,15.96173212487412,7.395069953364423,96.60600098376783,35.75996064928677,2.91,12.2533748701973,2228,80.73929961089495,19.26070038910506,5.3954629061925194,95.25729191368272,37.680815745790845
2597520720,2014-11-03,5,2.5,2900,9525,2.0,0,0,3,9,2900,0,1989,0,98006,47.5442,-122.138,2910,11854,2014,11,0,0,0,0,26100,0,0,25,185991,2.82,14.267360653577546,13727,77.46436154079466,22.535638459205337,6.640385009215646,100.15012703056432,27.042112556778815,2.81,13.709650387155165,13558,77.95756373072813,22.042436269271867,7.3147711184521,100.43854542632049,26.78619940233632
3034200426,2015-03-20,3,1.0,1410,9384,1.0,0,0,3,7,1410,0,1948,0,98133,47.7161,-122.33,1990,9384,2015,3,4,0,0,0,9870,0,0,67,85059,2.18,19.780409147977647,22049,47.43003034828267,52.56996965171733,6.900681086745005,98.7952152014652,40.53628663003663,2.2,19.916468960063266,21780,48.4259846747035,51.57401532529649,9.163212725439678,98.85203345832132,41.53446783963081
984000130,2014-12-23,4,2.25,1920,11603,2.0,0,0,4,7,1920,0,1967,0,98058,47.4315,-122.169,1840,7350,2014,12,1,0,0,0,13440,0,0,47,106611,2.78,15.935921408835924,16692,73.01956836343044,26.980431636569556,5.35431150140261,97.63669462323647,42.85157011897796,2.74,16.106225715036956,16367,72.2486806538808,27.751319346119192,6.590114827758363,97.51918859649122,44.01041666666667
7852020670,2015-04-02,3,2.75,1890,3938,2.0,0,0,3,8,1890,0,1999,0,98065,47.5336,-121.867,1890,4142,2015,4,3,0,0,0,15120,0,0,16,175750,2.93,10.615415255925114,4953,79.75811584977721,20.241884150222788,4.1850514774702505,99.11081471601645,30.999221962876515,2.91,8.78239184647078,4755,78.93797411869701,21.06202588130299,4.645161290322581,99.65219477092828,32.369872871192136
7923500060,2014-09-22,5,2.75,2580,9242,2.0,0,2,4,8,1720,860,1967,0,98007,47.5943,-122.133,2240,9316,2014,9,0,0,0,0,20640,0,1,47,118634,2.48,20.499565396404225,11154,35.96800304732883,64.03199695267118,5.613278442135529,98.00031408679266,22.378683976338795,2.46,20.650383547461058,10912,35.5564209911401,64.4435790088599,7.187732216442614,98.34565872363737,24.130375239660367
2310030510,2015-04-22,4,2.25,1550,7579,2.0,0,0,3,8,1550,0,1993,0,98038,47.354,-122.047,1630,6397,2015,4,2,0,0,0,12400,0,0,22,135304,2.86,12.556807332442238,12545,84.88178488178488,15.118215118215117,8.23751596956063,99.08171413361725,51.89424185963978,2.88,13.27901930178551,12318,84.63165017339085,15.368349826609151,8.409014463504876,99.04576700434153,54.23299565846599
2205500540,2014-10-08,4,1.5,1820,12327,1.0,0,0,4,7,1380,440,1955,0,98006,47.5767,-122.144,1450,9256,2014,10,2,0,0,0,12740,0,1,59,185991,2.82,14.267360653577546,13727,77.46436154079466,22.535638459205337,6.640385009215646,100.15012703056432,27.042112556778815,2.81,13.709650387155165,13558,77.95756373072813,22.042436269271867,7.3147711184521,100.43854542632049,26.78619940233632
2493200015,2014-06-20,3,1.5,1520,4288,1.0,0,0,3,7,1020,500,1949,0,98136,47.5284,-122.387,1660,4288,2014,6,4,0,0,0,10640,0,1,65,144659,2.13,15.69451876767831,7483,65.10981373366694,34.89018626633305,3.7052720728350628,99.55093555093555,32.71517671517671,2.14,17.20172866183053,7488,65.71508929827029,34.284910701729714,5.032728833565833,98.98634497780012,33.358465276032504
7853361420,2014-08-26,4,2.5,3230,5899,2.0,0,0,3,8,3230,0,2012,0,98065,47.515,-121.869,2720,5899,2014,8,1,0,0,0,25840,0,0,2,175750,2.93,10.615415255925114,4953,79.75811584977721,20.241884150222788,4.1850514774702505,99.11081471601645,30.999221962876515,2.91,8.78239184647078,4755,78.93797411869701,21.06202588130299,4.645161290322581,99.65219477092828,32.369872871192136
5652600605,2014-08-07,5,2.0,2330,6783,1.0,0,0,3,7,1310,1020,1956,0,98115,47.6955,-122.295,1930,6783,2014,8,3,0,0,0,16310,0,1,58,141013,2.36,20.038971348841685,22085,62.56938184923383,37.430618150766165,5.07985950029823,99.48958702950569,21.213527308458662,2.32,19.346653198985,21778,62.75248864405142,37.24751135594858,5.230427913543313,99.63049016040087,21.893457996248916
5285200020,2014-07-18,2,1.75,1640,4176,1.0,0,0,4,7,1040,600,1948,0,98118,47.5162,-122.26,1460,5200,2014,7,4,0,0,0,11480,0,1,66,106930,2.75,18.80646044347112,17060,56.44829520663217,43.551704793367826,9.809241901003125,97.62032677053377,37.58809215308283,2.76,18.663888888888888,16861,55.8023285244242,44.1976714755758,10.945570971184631,97.02670100740065,37.2020995663939
9406530150,2014-12-22,4,2.5,2400,4848,2.0,0,0,3,8,2400,0,2004,0,98038,47.3626,-122.04,1980,5199,2014,12,0,0,0,0,19200,0,0,10,135304,2.86,12.556807332442238,12545,84.88178488178488,15.118215118215117,8.23751596956063,99.08171413361725,51.89424185963978,2.88,13.27901930178551,12318,84.63165017339085,15.368349826609151,8.409014463504876,99.04576700434153,54.23299565846599
5706300020,2014-11-25,3,2.25,1620,12309,2.0,0,0,3,7,1620,0,1987,0,98074,47.6188,-122.029,2030,13963,2014,11,1,0,0,0,11340,0,0,27,229104,3.02,10.366720845184885,9070,87.03577124629757,12.96422875370244,4.483074107959744,100.24147476294245,16.24359502915366,3.03,10.087027329635095,8959,87.40808823529412,12.591911764705882,4.416132562138502,100.35249133707731,17.803799737125104
3278602490,2014-09-26,3,2.5,1780,1754,3.0,0,0,3,8,1780,0,2007,0,98126,47.548,-122.373,1780,1607,2014,9,4,0,0,0,14240,0,0,7,108072,2.36,17.374538643750345,10242,56.54861693210393,43.45138306789606,4.653176915203527,100.23680854939583,34.264375493351146,2.27,16.627794527561296,10016,55.87763397154776,44.12236602845224,5.641737426518615,99.87504685742846,36.67374734474572
7197000100,2015-01-08,4,3.25,1980,9988,1.0,0,0,3,8,1340,640,1980,0,98052,47.6883,-122.111,1980,8972,2015,1,3,0,0,0,15840,0,1,35,158457,2.49,16.67975909924064,26354,53.58728109111451,46.41271890888548,5.135890711012479,99.32081320083873,22.76187437323366,2.43,16.793908754119162,26472,53.10328204716185,46.896717952838145,5.753945061367621,99.18121641257467,25.27158244343474
4447300008,2014-09-23,3,1.5,1950,1963,3.0,0,0,3,8,1950,0,2002,0,98117,47.6904,-122.397,1590,2028,2014,9,1,0,0,0,15600,0,0,12,166029,2.29,15.29702030745872,14220,69.81104756388909,30.18895243611091,4.762847806713536,99.83316649983317,23.652819486152822,2.32,15.579379562043796,14093,70.67265234030027,29.327347659699736,4.742001293725432,99.6292707587311,24.463917091460587
7899800045,2014-08-28,3,1.5,910,5120,1.0,0,0,3,6,910,0,1973,0,98106,47.5238,-122.356,1410,5132,2014,8,3,0,0,0,5460,0,0,41,94762,2.43,20.256740681998416,10747,46.417630200612706,53.58236979938729,9.329466197085837,100.42269832078749,44.035900405327155,2.5,19.96174407768895,10674,48.08038392321536,51.91961607678465,9.873452927270199,101.05257103416542,44.05843782353618
9250900095,2014-08-19,2,1.0,1480,6210,1.0,0,0,3,7,1080,400,1950,0,98133,47.774,-122.351,1290,7509,2014,8,1,0,0,0,10360,0,1,64,85059,2.18,19.780409147977647,22049,47.43003034828267,52.56996965171733,6.900681086745005,98.7952152014652,40.53628663003663,2.2,19.916468960063266,21780,48.4259846747035,51.57401532529649,9.163212725439678,98.85203345832132,41.53446783963081
9268851740,2014-07-01,3,2.5,2390,1984,2.0,0,0,3,8,2220,170,2008,0,98027,47.5405,-122.027,2150,1984,2014,7,1,0,0,0,19120,0,1,6,140556,2.54,13.249890206411946,11360,71.30082050336497,28.699179496635015,4.680932365303783,100.03016439595798,34.07571263385451,2.48,13.001025458112265,11363,70.81061096219614,29.189389037803863,5.410590943975442,99.23960116829488,32.964044717494204
8682261440,2015-01-13,2,1.75,1560,4500,1.0,0,0,3,8,1560,0,2004,0,98053,47.7128,-122.032,1860,4500,2015,1,1,0,0,0,12480,0,0,11,171822,2.69,9.269278791842558,8377,85.93194514982224,14.068054850177756,4.442119280890326,99.83973288814691,26.8313856427379,2.67,10.823743185947912,8200,82.85419620987496,17.145803790125047,5.704032486542639,99.89091900736297,26.56803926915735
7284900385,2014-05-21,4,3.25,2790,5420,1.0,0,3,3,9,1130,1660,1963,2013,98177,47.7698,-122.386,2530,7200,2014,5,2,1,0,0,25110,0,1,51,153542,2.43,13.07924984875983,8212,79.67166859048352,20.32833140951648,5.038420387121875,99.43356309288201,27.4619531836484,2.43,12.346137193047566,8127,81.14840062926062,18.85159937073938,4.7893884163628995,99.46581196581197,26.716524216524217
8079040300,2015-02-18,4,2.5,2170,7533,2.0,0,0,3,8,2170,0,1991,0,98059,47.5057,-122.149,2170,8728,2015,2,2,0,0,0,17360,0,0,24,126846,2.75,13.177344215208938,13637,79.87440417643943,20.125595823560566,4.938333752831613,99.5200838844975,40.75657364090983,2.79,13.745595489781536,13401,78.51442602823818,21.485573971761816,6.100010041168792,99.15702883205734,41.01237986642776
2225300585,2014-11-20,3,2.75,1750,9166,1.0,0,0,4,7,1170,580,1979,0,98155,47.7696,-122.325,1810,8760,2014,11,3,0,0,0,12250,0,1,35,124531,2.48,16.52716001821175,13838,68.1508643268727,31.849135673127293,8.176812638295683,98.1925078457077,38.148015731140504,2.48,17.143465606587636,13823,68.9590238023501,31.040976197649893,9.775827429417362,98.56964422418308,37.801684193561385
3223039013,2014-07-18,3,2.0,2064,46173,2.0,0,0,5,7,2064,0,1903,0,98070,47.4469,-122.455,1640,21780,2014,7,4,0,0,0,14448,0,0,111,103222,2.13,13.903089575461214,5798,76.70800924952701,23.291990750472987,5.4068427583761745,100.24934546814612,33.54943273905997,2.2,13.290579389650597,5723,80.69727891156462,19.302721088435373,5.982905982905983,98.68289011540391,32.28800802809834
2013801350,2015-02-20,3,1.75,1460,7226,1.0,0,0,3,7,1460,0,1993,0,98198,47.3839,-122.321,1760,7226,2015,2,4,0,0,0,10220,0,0,22,76062,2.67,22.07152903355435,14123,54.47965869267103,45.52034130732896,7.476339026066727,96.01030110935024,51.96909667194929,2.66,22.372788556958557,14108,54.52003727865797,45.479962721342034,9.229583126824165,96.58536585365853,50.707716913234705
4055701110,2014-06-12,3,2.0,2420,17859,1.0,0,1,5,9,1500,920,1979,0,98034,47.7074,-122.246,2955,17859,2014,6,3,0,0,0,21780,0,1,35,119806,2.43,16.05333943799004,18001,61.237125332716126,38.76287466728388,6.750954198473283,99.64536699635606,34.17816241540864,2.44,17.057790319329666,18171,60.109001406469766,39.89099859353024,7.7933415340661085,99.85536782591545,35.227795674183156
3578401770,2015-02-26,3,1.0,1410,9704,1.0,0,0,3,8,1140,270,1983,0,98074,47.6203,-122.036,1910,13639,2015,2,3,0,0,0,11280,0,1,32,229104,3.02,10.366720845184885,9070,87.03577124629757,12.96422875370244,4.483074107959744,100.24147476294245,16.24359502915366,3.03,10.087027329635095,8959,87.40808823529412,12.591911764705882,4.416132562138502,100.35249133707731,17.803799737125104
4046500720,2014-11-07,3,2.5,2560,16420,2.0,0,0,4,8,2560,0,1989,0,98014,47.6916,-121.916,2120,16298,2014,11,4,0,0,0,20480,0,0,25,149028,2.67,15.914655473941938,2760,80.12255840674071,19.877441593259288,5.053892215568863,98.49246231155779,41.447236180904525,2.71,16.475644699140403,2796,80.17309205350118,19.82690794649882,5.778769841269842,97.50727046115496,41.29621936019942
6145601745,2015-04-14,2,1.0,890,4804,1.0,0,0,4,7,890,0,1928,0,98133,47.7027,-122.346,1010,3844,2015,4,1,0,0,0,6230,0,0,87,85059,2.18,19.780409147977647,22049,47.43003034828267,52.56996965171733,6.900681086745005,98.7952152014652,40.53628663003663,2.2,19.916468960063266,21780,48.4259846747035,51.57401532529649,9.163212725439678,98.85203345832132,41.53446783963081
5207200195,2014-07-01,4,2.5,2600,7200,2.0,0,0,3,7,2600,0,1962,2002,98115,47.6944,-122.274,1790,6175,2014,7,1,1,0,0,18200,0,0,52,141013,2.36,20.038971348841685,22085,62.56938184923383,37.430618150766165,5.07985950029823,99.48958702950569,21.213527308458662,2.32,19.346653198985,21778,62.75248864405142,37.24751135594858,5.230427913543313,99.63049016040087,21.893457996248916
1972201856,2014-05-07,2,2.0,1550,2400,1.5,0,0,4,7,1550,0,1900,0,98103,47.654,-122.346,1180,1224,2014,5,2,0,0,0,10850,0,0,114,122656,2.11,22.87456037514654,24340,48.11213812347401,51.88786187652599,3.97510133178923,99.1585414718846,18.936823827968478,2.08,23.163301875522638,24335,48.10872624912034,51.89127375087966,4.7532645230375685,99.01151866677559,19.094300574571793
7212680080,2014-10-15,3,1.75,1700,8481,2.0,0,0,3,7,1700,0,1993,0,98003,47.2623,-122.305,1830,6600,2014,10,2,0,0,0,11900,0,0,21,67547,2.55,19.24448767833982,19289,48.22101062334889,51.77898937665112,8.09211372700373,97.76363151579788,55.309292094387416,2.53,17.855201652353518,19279,47.96962879640045,52.03037120359954,8.922079628575183,97.993265993266,55.535353535353536
7277100510,2015-02-14,3,1.75,1930,5400,2.0,0,2,3,9,1930,0,1978,0,98177,47.77,-122.391,2100,6840,2015,2,5,0,0,0,17370,0,0,37,153542,2.43,13.07924984875983,8212,79.67166859048352,20.32833140951648,5.038420387121875,99.43356309288201,27.4619531836484,2.43,12.346137193047566,8127,81.14840062926062,18.85159937073938,4.7893884163628995,99.46581196581197,26.716524216524217
522079022,2015-03-27,3,2.5,2530,211729,1.0,0,0,4,8,2530,0,1980,0,98038,47.4188,-121.949,2120,100623,2015,3,4,0,0,0,20240,0,0,35,135304,2.86,12.556807332442238,12545,84.88178488178488,15.118215118215117,8.23751596956063,99.08171413361725,51.89424185963978,2.88,13.27901930178551,12318,84.63165017339085,15.368349826609151,8.409014463504876,99.04576700434153,54.23299565846599
5605000440,2014-12-15,3,1.0,1880,5450,1.5,0,0,4,8,1880,0,1924,0,98112,47.6453,-122.302,2580,5450,2014,12,0,0,0,0,15040,0,0,90,153204,2.12,20.965110771983372,10930,55.615488345212874,44.38451165478713,5.323420074349442,99.23632488752072,17.546767700686715,2.12,21.08649789029536,11036,54.353054353054354,45.646945646945646,6.614844158756259,99.30969930969931,17.801567801567803
6632300230,2014-10-06,3,2.0,1370,7200,1.0,0,0,3,7,1130,240,1926,1955,98125,47.7329,-122.308,1300,7208,2014,10,0,1,0,0,9590,0,1,88,89983,2.18,19.775984583885343,18882,47.03408836061897,52.96591163938103,6.25,100.80028203772255,32.942005993301606,2.12,19.175038337558288,18728,45.79247434435576,54.20752565564424,6.600554974298321,100.34034541438865,33.71592019986242
8815400165,2015-03-03,5,1.75,2110,5000,1.5,0,0,4,7,1250,860,1946,0,98115,47.6745,-122.287,1720,5000,2015,3,1,0,0,0,14770,0,1,69,141013,2.36,20.038971348841685,22085,62.56938184923383,37.430618150766165,5.07985950029823,99.48958702950569,21.213527308458662,2.32,19.346653198985,21778,62.75248864405142,37.24751135594858,5.230427913543313,99.63049016040087,21.893457996248916
6708200320,2014-09-29,4,4.75,3700,11000,1.0,0,0,4,7,1840,1860,1962,0,98028,47.768,-122.251,1720,11564,2014,9,0,0,0,0,25900,0,1,52,132191,2.67,13.599013968775678,8536,72.67970599227607,27.320294007723934,6.275532377227293,98.3883964544722,35.38812785388128,2.64,14.729697547035009,8635,73.22834645669292,26.77165354330709,7.076760377192209,98.22348793056686,36.54054787089775
2426059076,2015-02-03,4,2.5,2700,37431,1.0,0,0,4,8,1600,1100,1978,0,98072,47.7258,-122.117,2290,37431,2015,2,1,0,0,0,21600,0,1,37,157963,2.6,13.507779349363508,9217,75.10030952653904,24.899690473460964,4.844401668270773,98.9697933227345,34.97615262321145,2.6,13.562575408577382,9093,75.71628232005591,24.283717679944093,4.9586119070359755,99.31105530873737,35.92814371257485
3260200200,2014-10-30,3,2.25,1670,7416,1.0,0,0,4,7,1220,450,1974,0,98005,47.6028,-122.172,1710,7416,2014,10,3,0,0,0,11690,0,1,40,151297,2.35,15.897297661567492,8146,56.48061808978287,43.51938191021713,7.278904560897765,100.07012622720896,23.796166432912578,2.35,15.411255411255413,8229,55.90447288560496,44.09552711439504,8.25257574211976,99.94462463412704,24.04081955541492
2770601741,2014-11-06,3,3.0,1490,2944,2.0,0,0,3,7,960,530,1993,0,98199,47.6506,-122.384,1590,1600,2014,11,3,0,0,0,10430,0,1,21,168132,2.27,15.401888530631044,9920,62.062574948217595,37.937425051782405,4.147350993377484,99.1690635985938,22.416107382550337,2.24,15.287600188590286,9908,63.396185047138786,36.603814952861214,4.887626368117638,99.1062108559499,21.711899791231733
4338800500,2014-10-14,3,2.0,1130,7200,1.0,0,0,4,6,1130,0,1944,0,98166,47.4779,-122.342,1270,7500,2014,10,1,0,0,0,6780,0,0,70,105013,2.51,15.282996712071395,8765,64.0529896168994,35.94701038310061,5.573970690858339,97.8699402786994,44.95686794956868,2.46,14.673185495605612,8880,63.30851558864589,36.69148441135412,6.493621545003543,97.69518681462999,45.590649418871884
9201000320,2015-04-16,4,2.25,2620,17366,1.0,0,3,3,9,1430,1190,1984,0,98075,47.584,-122.077,2620,15335,2015,4,3,0,0,0,23580,0,1,31,234261,3.16,10.383283441920526,7595,87.0674447007735,12.93255529922649,3.5686033224927485,99.95167414566794,21.139109423541594,3.16,11.460327261500463,7356,87.72919605077574,12.270803949224259,4.311893639956881,99.93420090656528,21.340839303991814
7655900038,2015-04-14,2,1.0,1370,8400,1.0,0,0,3,7,1370,0,1948,0,98133,47.7344,-122.336,1330,8396,2015,4,1,0,0,0,9590,0,0,67,85059,2.18,19.780409147977647,22049,47.43003034828267,52.56996965171733,6.900681086745005,98.7952152014652,40.53628663003663,2.2,19.916468960063266,21780,48.4259846747035,51.57401532529649,9.163212725439678,98.85203345832132,41.53446783963081
3625059140,2014-05-07,3,1.75,1580,9147,1.0,0,1,4,7,1210,370,1967,0,98008,47.6069,-122.112,2600,23564,2014,5,2,0,0,0,11060,0,1,47,164219,2.69,15.393666045690754,9357,72.43788819875776,27.562111801242235,6.570794767842117,99.65975011155734,31.626506024096386,2.69,15.761031234506692,9349,72.46019286835613,27.53980713164387,7.243693589446886,99.19940949352714,32.716329775153305
4222310010,2015-04-20,4,1.0,1730,7350,1.5,0,0,4,6,1730,0,1970,0,98003,47.3467,-122.307,1440,7752,2015,4,0,0,0,0,10380,0,0,45,67547,2.55,19.24448767833982,19289,48.22101062334889,51.77898937665112,8.09211372700373,97.76363151579788,55.309292094387416,2.53,17.855201652353518,19279,47.96962879640045,52.03037120359954,8.922079628575183,97.993265993266,55.535353535353536
2114700115,2015-04-07,3,2.5,1970,4120,1.5,0,0,3,6,1230,740,1927,0,98106,47.5328,-122.346,1470,4080,2015,4,1,0,0,0,11820,0,1,88,94762,2.43,20.256740681998416,10747,46.417630200612706,53.58236979938729,9.329466197085837,100.42269832078749,44.035900405327155,2.5,19.96174407768895,10674,48.08038392321536,51.91961607678465,9.873452927270199,101.05257103416542,44.05843782353618
3291800710,2014-11-20,4,3.0,2090,7500,1.0,0,0,3,7,1370,720,1986,0,98056,47.4888,-122.182,1810,7650,2014,11,3,0,0,0,14630,0,1,28,102196,2.51,19.700650139315567,13893,51.64368244502423,48.356317554975774,6.624963057826815,97.99134991266739,42.58920402561757,2.56,20.747436492907926,13631,51.246200607902736,48.753799392097264,7.454338464584468,97.1547942343848,43.680802172550656
9406590010,2014-10-29,4,3.25,2290,4785,2.0,0,0,3,9,2290,0,2007,0,98038,47.3833,-122.037,2290,4785,2014,10,2,0,0,0,20610,0,0,7,135304,2.86,12.556807332442238,12545,84.88178488178488,15.118215118215117,8.23751596956063,99.08171413361725,51.89424185963978,2.88,13.27901930178551,12318,84.63165017339085,15.368349826609151,8.409014463504876,99.04576700434153,54.23299565846599
3025059124,2014-08-28,5,3.5,4330,11979,1.0,0,4,3,12,2090,2240,2008,0,98004,47.6251,-122.218,4320,12000,2014,8,3,0,0,1,51960,0,1,6,157784,2.09,16.09075919420747,17462,44.548266529191906,55.451733470808094,6.039425544695026,99.71498371335505,20.39087947882736,2.11,16.54254118709095,16773,45.298507462686565,54.701492537313435,6.137602970182156,99.6095090971507,22.202197047717128
7972601250,2015-02-04,6,2.75,2850,15240,1.0,0,0,3,7,1850,1000,1962,0,98106,47.5288,-122.345,2090,7620,2015,2,2,0,0,0,19950,0,1,53,94762,2.43,20.256740681998416,10747,46.417630200612706,53.58236979938729,9.329466197085837,100.42269832078749,44.035900405327155,2.5,19.96174407768895,10674,48.08038392321536,51.91961607678465,9.873452927270199,101.05257103416542,44.05843782353618
930000470,2014-05-27,3,2.5,2540,7680,2.0,0,1,4,9,2540,0,1940,2001,98177,47.7175,-122.364,2490,7680,2014,5,1,1,0,0,22860,0,0,74,153542,2.43,13.07924984875983,8212,79.67166859048352,20.32833140951648,5.038420387121875,99.43356309288201,27.4619531836484,2.43,12.346137193047566,8127,81.14840062926062,18.85159937073938,4.7893884163628995,99.46581196581197,26.716524216524217
6690500060,2014-07-24,3,1.0,1370,4040,1.5,0,0,3,7,1370,0,1906,0,98103,47.6867,-122.354,1220,3030,2014,7,3,0,0,0,9590,0,0,108,122656,2.11,22.87456037514654,24340,48.11213812347401,51.88786187652599,3.97510133178923,99.1585414718846,18.936823827968478,2.08,23.163301875522638,24335,48.10872624912034,51.89127375087966,4.7532645230375685,99.01151866677559,19.094300574571793
16000015,2015-04-17,3,1.5,1070,6601,1.0,0,0,3,6,1070,0,1985,0,98002,47.3115,-122.209,1030,6614,2015,4,4,0,0,0,6420,0,0,30,68040,2.64,18.596016244440147,13738,50.49263025143848,49.50736974856152,8.921506062539885,96.5053019824804,61.71046565237437,2.61,18.7400560648534,13981,49.973103819257666,50.026896180742334,11.200844877927564,96.62962288212789,60.11568591728912
5693501102,2014-10-30,3,3.0,1560,2091,3.0,0,0,3,8,1560,0,2006,0,98103,47.6604,-122.352,1530,2091,2014,10,3,0,0,0,12480,0,0,8,122656,2.11,22.87456037514654,24340,48.11213812347401,51.88786187652599,3.97510133178923,99.1585414718846,18.936823827968478,2.08,23.163301875522638,24335,48.10872624912034,51.89127375087966,4.7532645230375685,99.01151866677559,19.094300574571793
8079040490,2014-06-23,3,2.5,2150,8221,2.0,0,0,3,8,2150,0,1992,0,98059,47.5085,-122.15,2490,7951,2014,6,0,0,0,0,17200,0,0,22,126846,2.75,13.177344215208938,13637,79.87440417643943,20.125595823560566,4.938333752831613,99.5200838844975,40.75657364090983,2.79,13.745595489781536,13401,78.51442602823818,21.485573971761816,6.100010041168792,99.15702883205734,41.01237986642776
7225000155,2014-06-09,4,3.0,2390,4500,2.0,0,0,3,7,2390,0,1974,0,98055,47.4872,-122.204,1320,4500,2014,6,0,0,0,0,16730,0,0,40,90525,2.52,17.770148765734834,9457,52.904097253489425,47.09590274651058,6.387272021730695,100.09902828495389,48.560995234263785,2.46,17.95350415747497,9186,54.91396235131077,45.08603764868923,6.44159566844494,98.96273530541683,49.161224228454344
8819900170,2014-08-25,3,2.0,2520,3959,1.0,0,0,5,8,1270,1250,1931,0,98105,47.6693,-122.289,1660,3959,2014,8,0,0,0,0,20160,0,1,83,75214,2.39,34.427767354596625,16374,36.709440879926674,63.29055912007333,10.222291797119599,99.00454237943366,17.87474630327631,2.36,35.428375934705045,16197,36.734693877551024,63.26530612244898,9.713006949079345,99.13663286818593,17.643810862363214
7972601270,2014-05-30,3,2.0,1550,8509,1.0,0,0,3,7,1150,400,1959,0,98106,47.5299,-122.344,1840,7620,2014,5,4,0,0,0,10850,0,1,55,94762,2.43,20.256740681998416,10747,46.417630200612706,53.58236979938729,9.329466197085837,100.42269832078749,44.035900405327155,2.5,19.96174407768895,10674,48.08038392321536,51.91961607678465,9.873452927270199,101.05257103416542,44.05843782353618
1224069074,2014-08-06,4,2.5,3300,101930,2.0,0,0,4,10,3300,0,1991,0,98029,47.576,-121.976,2880,213879,2014,8,2,0,0,0,33000,0,0,23,156427,2.51,10.307103610675039,11144,68.2339558251967,31.766044174803298,6.658926376178117,99.6974697469747,23.432343234323433,2.49,9.80519156992676,11047,66.38615281629531,33.6138471837047,7.2508398656215,99.70228064262442,25.536456577912592
5126900321,2014-05-29,4,2.5,2290,4539,2.0,0,0,3,7,2290,0,2001,0,98058,47.4753,-122.172,1710,7200,2014,5,3,0,0,0,16030,0,0,13,106611,2.78,15.935921408835924,16692,73.01956836343044,26.980431636569556,5.35431150140261,97.63669462323647,42.85157011897796,2.74,16.106225715036956,16367,72.2486806538808,27.751319346119192,6.590114827758363,97.51918859649122,44.01041666666667
3438501860,2015-04-22,3,1.0,1020,5950,1.0,0,0,3,6,880,140,1950,0,98106,47.5436,-122.357,1800,5950,2015,4,2,0,0,0,6120,0,1,65,94762,2.43,20.256740681998416,10747,46.417630200612706,53.58236979938729,9.329466197085837,100.42269832078749,44.035900405327155,2.5,19.96174407768895,10674,48.08038392321536,51.91961607678465,9.873452927270199,101.05257103416542,44.05843782353618
2822069080,2014-11-21,4,2.5,2560,43560,2.0,0,0,3,8,2560,0,1989,0,98038,47.3692,-122.047,2130,10150,2014,11,4,0,0,0,20480,0,0,25,135304,2.86,12.556807332442238,12545,84.88178488178488,15.118215118215117,8.23751596956063,99.08171413361725,51.89424185963978,2.88,13.27901930178551,12318,84.63165017339085,15.368349826609151,8.409014463504876,99.04576700434153,54.23299565846599
1656600310,2014-07-14,4,2.5,2660,22050,2.0,0,0,3,9,2660,0,1996,0,98059,47.4911,-122.125,3060,21111,2014,7,0,0,0,0,23940,0,0,18,126846,2.75,13.177344215208938,13637,79.87440417643943,20.125595823560566,4.938333752831613,99.5200838844975,40.75657364090983,2.79,13.745595489781536,13401,78.51442602823818,21.485573971761816,6.100010041168792,99.15702883205734,41.01237986642776
3856900507,2014-05-12,4,3.5,3460,3997,2.0,0,0,3,10,2560,900,2004,0,98103,47.6718,-122.329,1860,4000,2014,5,0,0,0,0,34600,0,1,10,122656,2.11,22.87456037514654,24340,48.11213812347401,51.88786187652599,3.97510133178923,99.1585414718846,18.936823827968478,2.08,23.163301875522638,24335,48.10872624912034,51.89127375087966,4.7532645230375685,99.01151866677559,19.094300574571793
1626069139,2014-08-21,3,2.25,2350,51400,1.0,0,0,3,7,1390,960,1977,0,98077,47.7417,-122.053,2350,51400,2014,8,3,0,0,0,16450,0,1,37,169573,2.96,13.307618129218902,4923,94.13233458177278,5.867665418227216,4.543605045436051,99.69715956558062,31.47451963241437,2.98,14.185654756627361,4928,92.30282581189371,7.697174188106285,5.255087817117368,99.70955249569707,33.04647160068847
2524049257,2014-09-18,4,2.25,4250,16940,1.0,0,2,4,9,2380,1870,1974,0,98040,47.5453,-122.234,3460,17693,2014,9,3,0,0,0,38250,0,1,40,190985,2.51,9.818010174647295,10179,71.95032870708546,28.049671292914535,5.143830092302178,100.51344885932669,15.986930392671683,2.49,9.62381105055039,10139,74.13847948255751,25.861520517442475,4.498525073746313,100.2252118769632,17.157589047590825
3904960150,2015-04-23,3,2.5,1970,6634,2.0,0,0,3,8,1970,0,1989,0,98029,47.5759,-122.012,2090,6176,2015,4,3,0,0,0,15760,0,0,26,156427,2.51,10.307103610675039,11144,68.2339558251967,31.766044174803298,6.658926376178117,99.6974697469747,23.432343234323433,2.49,9.80519156992676,11047,66.38615281629531,33.6138471837047,7.2508398656215,99.70228064262442,25.536456577912592
7214820610,2014-10-07,4,1.75,2560,8270,1.0,0,0,3,7,1480,1080,1979,0,98072,47.7572,-122.147,2320,8450,2014,10,1,0,0,0,17920,0,1,35,157963,2.6,13.507779349363508,9217,75.10030952653904,24.899690473460964,4.844401668270773,98.9697933227345,34.97615262321145,2.6,13.562575408577382,9093,75.71628232005591,24.283717679944093,4.9586119070359755,99.31105530873737,35.92814371257485
7977201845,2014-05-14,3,1.75,1600,6120,1.5,0,0,3,7,1600,0,1924,0,98115,47.6847,-122.291,1670,4590,2014,5,2,0,0,0,11200,0,0,90,141013,2.36,20.038971348841685,22085,62.56938184923383,37.430618150766165,5.07985950029823,99.48958702950569,21.213527308458662,2.32,19.346653198985,21778,62.75248864405142,37.24751135594858,5.230427913543313,99.63049016040087,21.893457996248916
2428100080,2014-10-01,4,3.0,2990,6695,2.0,0,0,3,10,2990,0,2014,0,98075,47.5817,-122.047,2760,6600,2014,10,2,0,0,0,29900,0,0,0,234261,3.16,10.383283441920526,7595,87.0674447007735,12.93255529922649,3.5686033224927485,99.95167414566794,21.139109423541594,3.16,11.460327261500463,7356,87.72919605077574,12.270803949224259,4.311893639956881,99.93420090656528,21.340839303991814
2202500135,2014-11-18,5,1.75,1240,8936,1.0,0,0,3,7,1240,0,1954,0,98006,47.5738,-122.136,1600,9341,2014,11,1,0,0,0,8680,0,0,60,185991,2.82,14.267360653577546,13727,77.46436154079466,22.535638459205337,6.640385009215646,100.15012703056432,27.042112556778815,2.81,13.709650387155165,13558,77.95756373072813,22.042436269271867,7.3147711184521,100.43854542632049,26.78619940233632
1523550220,2015-03-28,3,2.5,2330,4160,2.0,0,0,4,8,2330,0,1992,0,98052,47.6367,-122.109,2940,4500,2015,3,5,0,0,0,18640,0,0,23,158457,2.49,16.67975909924064,26354,53.58728109111451,46.41271890888548,5.135890711012479,99.32081320083873,22.76187437323366,2.43,16.793908754119162,26472,53.10328204716185,46.896717952838145,5.753945061367621,99.18121641257467,25.27158244343474
2313900610,2015-04-28,3,2.25,1420,3750,2.0,0,0,3,7,1420,0,1987,0,98116,47.5725,-122.383,1430,4664,2015,4,1,0,0,0,9940,0,0,28,129924,2.05,15.481481481481483,12313,56.0263408716749,43.9736591283251,3.855525297405762,99.08641444539983,26.660576096302663,2.06,16.790914094161206,12217,55.1675732584664,44.8324267415336,4.419769214021336,99.34274850624661,28.636610537751224
4123840050,2014-06-30,4,2.5,2570,7859,2.0,0,0,3,8,2570,0,1992,0,98038,47.3736,-122.045,2150,7284,2014,6,0,0,0,0,20560,0,0,22,135304,2.86,12.556807332442238,12545,84.88178488178488,15.118215118215117,8.23751596956063,99.08171413361725,51.89424185963978,2.88,13.27901930178551,12318,84.63165017339085,15.368349826609151,8.409014463504876,99.04576700434153,54.23299565846599
2125059124,2014-06-02,3,2.25,3020,43560,2.0,0,0,3,10,2720,300,1969,0,98005,47.6456,-122.173,3910,43560,2014,6,0,0,0,0,30200,0,1,45,151297,2.35,15.897297661567492,8146,56.48061808978287,43.51938191021713,7.278904560897765,100.07012622720896,23.796166432912578,2.35,15.411255411255413,8229,55.90447288560496,44.09552711439504,8.25257574211976,99.94462463412704,24.04081955541492
1225039067,2015-04-06,2,2.0,1190,1303,2.0,0,0,3,8,800,390,2009,0,98107,47.6675,-122.368,1670,2425,2015,4,0,0,0,0,9520,0,1,6,131559,1.93,23.823613629855874,12707,35.71075197889182,64.28924802110818,5.1404627006610015,99.34580861098434,21.74552462092398,1.92,23.06289432176656,12416,34.91419393017161,65.0858060698284,6.3046647230320705,99.24250394529194,22.530247238295633
6431500283,2014-11-17,3,1.0,1340,4120,1.0,0,0,4,7,1040,300,1921,0,98103,47.6916,-122.352,1270,4635,2014,11,0,0,0,0,9380,0,1,93,122656,2.11,22.87456037514654,24340,48.11213812347401,51.88786187652599,3.97510133178923,99.1585414718846,18.936823827968478,2.08,23.163301875522638,24335,48.10872624912034,51.89127375087966,4.7532645230375685,99.01151866677559,19.094300574571793
2473380010,2015-01-15,3,2.25,1750,9298,1.0,0,0,4,7,1410,340,1969,0,98058,47.4579,-122.164,1720,7875,2015,1,3,0,0,0,12250,0,1,46,106611,2.78,15.935921408835924,16692,73.01956836343044,26.980431636569556,5.35431150140261,97.63669462323647,42.85157011897796,2.74,16.106225715036956,16367,72.2486806538808,27.751319346119192,6.590114827758363,97.51918859649122,44.01041666666667
5694501195,2015-05-11,1,1.0,720,2500,1.0,0,0,3,7,720,0,1910,0,98103,47.6597,-122.345,1520,3750,2015,5,0,0,0,0,5040,0,0,105,122656,2.11,22.87456037514654,24340,48.11213812347401,51.88786187652599,3.97510133178923,99.1585414718846,18.936823827968478,2.08,23.163301875522638,24335,48.10872624912034,51.89127375087966,4.7532645230375685,99.01151866677559,19.094300574571793
2881700046,2014-06-10,4,1.0,1740,11075,1.5,0,0,3,7,1740,0,1965,0,98133,47.7458,-122.334,1580,7684,2014,6,1,0,0,0,12180,0,0,49,85059,2.18,19.780409147977647,22049,47.43003034828267,52.56996965171733,6.900681086745005,98.7952152014652,40.53628663003663,2.2,19.916468960063266,21780,48.4259846747035,51.57401532529649,9.163212725439678,98.85203345832132,41.53446783963081
6837820330,2015-04-29,4,2.5,2450,8932,2.0,0,0,3,8,2450,0,1990,0,98023,47.3093,-122.345,2410,8775,2015,4,2,0,0,0,19600,0,0,25,98057,2.84,17.422428414646312,18530,66.81093394077449,33.18906605922551,7.981084030556566,98.90960038986356,53.08845029239766,2.81,18.088104608353433,18625,64.76571428571428,35.23428571428571,8.736678507992895,98.46469418199901,51.54462953754351
2337300370,2015-02-06,3,1.0,1030,8395,1.0,0,0,4,7,1030,0,1960,0,98023,47.3322,-122.337,1370,9380,2015,2,4,0,0,0,7210,0,0,55,98057,2.84,17.422428414646312,18530,66.81093394077449,33.18906605922551,7.981084030556566,98.90960038986356,53.08845029239766,2.81,18.088104608353433,18625,64.76571428571428,35.23428571428571,8.736678507992895,98.46469418199901,51.54462953754351
3876540630,2015-02-27,3,2.0,1330,8748,1.0,0,0,3,7,1330,0,1986,0,98003,47.2619,-122.298,1510,8584,2015,2,4,0,0,0,9310,0,0,29,67547,2.55,19.24448767833982,19289,48.22101062334889,51.77898937665112,8.09211372700373,97.76363151579788,55.309292094387416,2.53,17.855201652353518,19279,47.96962879640045,52.03037120359954,8.922079628575183,97.993265993266,55.535353535353536
626059317,2014-11-20,3,1.75,1430,10574,2.0,0,0,3,7,1430,0,1981,0,98011,47.7668,-122.218,1900,10450,2014,11,3,0,0,0,10010,0,0,33,124418,2.46,15.247978855721392,13329,65.2180746561886,34.781925343811395,6.342825237297599,99.00660763248978,39.452510450847306,2.46,15.129648719371977,13089,66.21599871237727,33.78400128762273,7.092279579716767,99.87127028642361,40.38435014482093
3374500520,2015-04-29,0,0.0,2460,8049,2.0,0,0,3,8,2460,0,1990,0,98031,47.4095,-122.168,2520,8050,2015,4,2,0,0,0,19680,0,0,25,98657,2.97,17.82141658274589,12676,64.00824742268041,35.99175257731959,8.799066842478954,97.82912276247302,50.04020143032457,2.99,17.766172506738545,12903,63.46782097353806,36.53217902646194,10.101061398608502,97.60154576385098,48.943588020330154
7228501903,2014-08-05,1,1.0,780,1033,1.0,0,0,3,7,780,0,1922,1985,98122,47.6155,-122.306,1040,1319,2014,8,1,1,0,0,5460,0,0,92,94548,1.96,34.44654683065279,17551,33.21537815630061,66.7846218436994,4.870675176352032,98.85230330853253,23.880006332119677,1.95,33.01648693828051,17176,33.65877772971637,66.34122227028362,6.536089637800748,98.60956388992037,25.23827206337418
4019300051,2014-11-25,3,1.75,1760,11371,1.0,0,0,5,8,1760,0,1959,0,98155,47.7616,-122.273,2220,19884,2014,11,1,0,0,0,14080,0,0,55,124531,2.48,16.52716001821175,13838,68.1508643268727,31.849135673127293,8.176812638295683,98.1925078457077,38.148015731140504,2.48,17.143465606587636,13823,68.9590238023501,31.040976197649893,9.775827429417362,98.56964422418308,37.801684193561385
4232902615,2015-04-28,3,1.0,1300,3600,2.0,0,0,3,7,1300,0,1900,0,98119,47.6345,-122.366,2510,4800,2015,4,1,0,0,0,9100,0,0,115,112865,1.9,25.481150100191062,12166,40.59950184660311,59.40049815339689,4.838109415705247,98.6912347167212,21.78979392686987,1.89,25.428950611432366,12075,40.114135206321336,59.885864793678664,5.074963929489995,99.02767835838702,20.561918396564067
3546000090,2015-02-24,3,1.75,1690,8901,1.0,0,0,3,7,1690,0,1986,0,98030,47.3546,-122.176,1690,7532,2015,2,1,0,0,0,11830,0,0,29,85188,3.09,19.65576092087585,12484,47.11751662971175,52.88248337028825,8.260646485377118,97.17440872714266,52.62663745696785,3.0,17.600482618203756,12534,46.087481666810454,53.91251833318954,8.848456113317134,97.94284650470073,53.155543144373084
8127700215,2015-04-09,4,2.25,2220,4200,1.5,0,0,5,8,1310,910,1932,0,98199,47.6418,-122.394,2020,4940,2015,4,3,0,0,0,17760,0,1,83,168132,2.27,15.401888530631044,9920,62.062574948217595,37.937425051782405,4.147350993377484,99.1690635985938,22.416107382550337,2.24,15.287600188590286,9908,63.396185047138786,36.603814952861214,4.887626368117638,99.1062108559499,21.711899791231733
3438501100,2015-04-27,3,1.0,1240,4000,1.5,0,0,3,8,1240,0,1928,2000,98106,47.5467,-122.359,1200,17707,2015,4,0,1,0,0,9920,0,0,87,94762,2.43,20.256740681998416,10747,46.417630200612706,53.58236979938729,9.329466197085837,100.42269832078749,44.035900405327155,2.5,19.96174407768895,10674,48.08038392321536,51.91961607678465,9.873452927270199,101.05257103416542,44.05843782353618
1769600066,2014-12-11,3,3.5,3030,11550,2.0,0,2,3,8,3030,0,1971,2011,98146,47.5051,-122.381,2340,10560,2014,12,3,1,0,0,24240,0,0,43,101051,2.8,20.73438156114403,10239,60.939156243375024,39.060843756624976,7.612875658738072,98.09803704114451,45.38649218143507,2.71,20.303089178162036,10155,59.27780144865786,40.72219855134214,9.27133130522961,98.80675038354451,49.75282686516279
8146100610,2014-12-01,3,1.0,1220,8573,1.0,0,0,4,7,1220,0,1954,0,98004,47.6088,-122.193,1390,8573,2014,12,0,0,0,0,8540,0,0,60,157784,2.09,16.09075919420747,17462,44.548266529191906,55.451733470808094,6.039425544695026,99.71498371335505,20.39087947882736,2.11,16.54254118709095,16773,45.298507462686565,54.701492537313435,6.137602970182156,99.6095090971507,22.202197047717128
3052700695,2014-05-07,4,2.0,1650,5000,1.0,0,0,3,7,1650,0,1955,0,98117,47.6781,-122.374,1690,2276,2014,5,2,0,0,0,11550,0,0,59,166029,2.29,15.29702030745872,14220,69.81104756388909,30.18895243611091,4.762847806713536,99.83316649983317,23.652819486152822,2.32,15.579379562043796,14093,70.67265234030027,29.327347659699736,4.742001293725432,99.6292707587311,24.463917091460587
7954310210,2015-04-30,4,2.5,3010,6903,2.0,0,0,3,9,3010,0,2001,0,98056,47.5213,-122.193,2860,6435,2015,4,3,0,0,0,27090,0,0,14,102196,2.51,19.700650139315567,13893,51.64368244502423,48.356317554975774,6.624963057826815,97.99134991266739,42.58920402561757,2.56,20.747436492907926,13631,51.246200607902736,48.753799392097264,7.454338464584468,97.1547942343848,43.680802172550656
3761700053,2015-01-05,3,2.75,3470,9610,3.0,1,4,3,11,3470,0,1989,2000,98034,47.7205,-122.26,4130,11875,2015,1,0,1,0,1,38170,3470,0,26,119806,2.43,16.05333943799004,18001,61.237125332716126,38.76287466728388,6.750954198473283,99.64536699635606,34.17816241540864,2.44,17.057790319329666,18171,60.109001406469766,39.89099859353024,7.7933415340661085,99.85536782591545,35.227795674183156
1320069179,2014-11-04,3,2.0,1710,134489,1.0,0,2,5,7,1710,0,1952,0,98022,47.2207,-121.984,1700,63823,2014,11,1,0,0,0,11970,0,0,62,112818,2.51,14.782116581777025,9214,71.14731044181414,28.85268955818587,6.198934280639431,94.7731755424063,59.927679158448385,2.52,13.98300218215229,9049,70.50333969465649,29.496660305343514,7.5844202251206,95.85578394199428,61.64438235881061
1331900410,2014-06-20,4,3.0,3740,30884,2.0,0,0,3,9,3060,680,1988,0,98072,47.7505,-122.117,3240,37031,2014,6,4,0,0,0,33660,0,1,26,157963,2.6,13.507779349363508,9217,75.10030952653904,24.899690473460964,4.844401668270773,98.9697933227345,34.97615262321145,2.6,13.562575408577382,9093,75.71628232005591,24.283717679944093,4.9586119070359755,99.31105530873737,35.92814371257485
7303100210,2014-05-27,4,2.25,1810,4970,2.0,0,0,3,7,1810,0,2003,0,98059,47.5003,-122.156,1810,4858,2014,5,1,0,0,0,12670,0,0,11,126846,2.75,13.177344215208938,13637,79.87440417643943,20.125595823560566,4.938333752831613,99.5200838844975,40.75657364090983,2.79,13.745595489781536,13401,78.51442602823818,21.485573971761816,6.100010041168792,99.15702883205734,41.01237986642776
2464400285,2014-12-29,3,2.5,1590,2910,2.0,0,0,3,7,1110,480,1984,0,98115,47.6855,-122.321,1590,3880,2014,12,0,0,0,0,11130,0,1,30,141013,2.36,20.038971348841685,22085,62.56938184923383,37.430618150766165,5.07985950029823,99.48958702950569,21.213527308458662,2.32,19.346653198985,21778,62.75248864405142,37.24751135594858,5.230427913543313,99.63049016040087,21.893457996248916
6163901150,2014-11-09,3,1.75,1590,9636,1.5,0,0,4,6,1590,0,1953,0,98155,47.754,-122.321,1800,9975,2014,11,6,0,0,0,9540,0,0,61,124531,2.48,16.52716001821175,13838,68.1508643268727,31.849135673127293,8.176812638295683,98.1925078457077,38.148015731140504,2.48,17.143465606587636,13823,68.9590238023501,31.040976197649893,9.775827429417362,98.56964422418308,37.801684193561385
8955800045,2015-05-12,2,2.25,2080,11285,1.0,0,0,4,8,1180,900,1954,0,98042,47.3628,-122.147,2590,13048,2015,5,1,0,0,0,16640,0,1,61,122709,2.84,14.728895746087723,16573,81.84237202230106,18.157627977698937,5.7493896195951795,98.46322368633011,50.75872289700055,2.8,15.359349774536549,16818,82.74386406544997,17.25613593455003,6.523882775213978,98.58030168589174,52.2264944625193
2314300200,2014-10-21,4,3.0,2580,7299,2.0,0,0,3,8,2580,0,1998,0,98058,47.4646,-122.15,2250,6165,2014,10,1,0,0,0,20640,0,0,16,106611,2.78,15.935921408835924,16692,73.01956836343044,26.980431636569556,5.35431150140261,97.63669462323647,42.85157011897796,2.74,16.106225715036956,16367,72.2486806538808,27.751319346119192,6.590114827758363,97.51918859649122,44.01041666666667
9528104360,2014-09-12,2,1.5,901,1245,3.0,0,0,3,7,901,0,2001,0,98115,47.6774,-122.325,1138,1137,2014,9,4,0,0,0,6307,0,0,13,141013,2.36,20.038971348841685,22085,62.56938184923383,37.430618150766165,5.07985950029823,99.48958702950569,21.213527308458662,2.32,19.346653198985,21778,62.75248864405142,37.24751135594858,5.230427913543313,99.63049016040087,21.893457996248916
4177100005,2015-04-03,4,2.5,2970,7961,1.0,0,0,3,8,2020,950,1969,0,98125,47.7118,-122.29,1410,7959,2015,4,4,0,0,0,23760,0,1,46,89983,2.18,19.775984583885343,18882,47.03408836061897,52.96591163938103,6.25,100.80028203772255,32.942005993301606,2.12,19.175038337558288,18728,45.79247434435576,54.20752565564424,6.600554974298321,100.34034541438865,33.71592019986242
8856960260,2014-05-21,3,2.25,1800,10500,2.0,0,0,3,7,1800,0,1995,0,98038,47.3879,-122.032,1870,8555,2014,5,2,0,0,0,12600,0,0,19,135304,2.86,12.556807332442238,12545,84.88178488178488,15.118215118215117,8.23751596956063,99.08171413361725,51.89424185963978,2.88,13.27901930178551,12318,84.63165017339085,15.368349826609151,8.409014463504876,99.04576700434153,54.23299565846599
1828001220,2014-10-07,5,2.75,3000,9473,1.0,0,0,3,8,1500,1500,1966,0,98052,47.6567,-122.13,2050,8820,2014,10,1,0,0,0,24000,0,1,48,158457,2.49,16.67975909924064,26354,53.58728109111451,46.41271890888548,5.135890711012479,99.32081320083873,22.76187437323366,2.43,16.793908754119162,26472,53.10328204716185,46.896717952838145,5.753945061367621,99.18121641257467,25.27158244343474
3066400710,2015-04-07,3,2.5,2520,10012,2.0,0,0,3,10,2520,0,1987,0,98074,47.6295,-122.051,2680,10071,2015,4,1,0,0,0,25200,0,0,28,229104,3.02,10.366720845184885,9070,87.03577124629757,12.96422875370244,4.483074107959744,100.24147476294245,16.24359502915366,3.03,10.087027329635095,8959,87.40808823529412,12.591911764705882,4.416132562138502,100.35249133707731,17.803799737125104
624110610,2014-05-15,4,3.25,3740,12080,1.0,0,0,3,10,2000,1740,1988,0,98077,47.7214,-122.056,4210,15277,2014,5,3,0,0,0,37400,0,1,26,169573,2.96,13.307618129218902,4923,94.13233458177278,5.867665418227216,4.543605045436051,99.69715956558062,31.47451963241437,2.98,14.185654756627361,4928,92.30282581189371,7.697174188106285,5.255087817117368,99.70955249569707,33.04647160068847
4040800260,2014-06-16,4,1.5,1220,10580,1.0,0,0,3,7,1220,0,1965,0,98008,47.6205,-122.116,1350,7800,2014,6,0,0,0,0,8540,0,0,49,164219,2.69,15.393666045690754,9357,72.43788819875776,27.562111801242235,6.570794767842117,99.65975011155734,31.626506024096386,2.69,15.761031234506692,9349,72.46019286835613,27.53980713164387,7.243693589446886,99.19940949352714,32.716329775153305
5019500215,2015-01-15,2,1.75,1280,4000,1.0,0,0,4,7,730,550,1929,0,98116,47.5798,-122.383,2250,5382,2015,1,3,0,0,0,8960,0,1,86,129924,2.05,15.481481481481483,12313,56.0263408716749,43.9736591283251,3.855525297405762,99.08641444539983,26.660576096302663,2.06,16.790914094161206,12217,55.1675732584664,44.8324267415336,4.419769214021336,99.34274850624661,28.636610537751224
2481630180,2014-06-25,4,2.25,3310,127631,2.0,0,0,5,9,3310,0,1924,1956,98072,47.732,-122.134,3830,43959,2014,6,2,1,0,0,29790,0,0,90,157963,2.6,13.507779349363508,9217,75.10030952653904,24.899690473460964,4.844401668270773,98.9697933227345,34.97615262321145,2.6,13.562575408577382,9093,75.71628232005591,24.283717679944093,4.9586119070359755,99.31105530873737,35.92814371257485
7203170190,2014-06-19,4,2.5,2650,6884,2.0,0,0,3,8,2650,0,2012,0,98053,47.6901,-122.015,2520,5866,2014,6,3,0,0,0,21200,0,0,2,171822,2.69,9.269278791842558,8377,85.93194514982224,14.068054850177756,4.442119280890326,99.83973288814691,26.8313856427379,2.67,10.823743185947912,8200,82.85419620987496,17.145803790125047,5.704032486542639,99.89091900736297,26.56803926915735
510001280,2014-07-14,4,2.0,2190,4560,2.5,0,0,5,8,2190,0,1910,0,98103,47.662,-122.329,2190,4560,2014,7,0,0,0,0,17520,0,0,104,122656,2.11,22.87456037514654,24340,48.11213812347401,51.88786187652599,3.97510133178923,99.1585414718846,18.936823827968478,2.08,23.163301875522638,24335,48.10872624912034,51.89127375087966,4.7532645230375685,99.01151866677559,19.094300574571793
9430110120,2015-05-05,3,2.5,2300,7800,2.0,0,2,3,9,2300,0,1997,0,98052,47.6842,-122.155,2300,8187,2015,5,1,0,0,0,20700,0,0,18,158457,2.49,16.67975909924064,26354,53.58728109111451,46.41271890888548,5.135890711012479,99.32081320083873,22.76187437323366,2.43,16.793908754119162,26472,53.10328204716185,46.896717952838145,5.753945061367621,99.18121641257467,25.27158244343474
1565950030,2015-04-27,4,2.5,1930,6957,2.0,0,0,3,8,1930,0,1995,0,98055,47.4309,-122.191,2090,6996,2015,4,0,0,0,0,15440,0,0,20,90525,2.52,17.770148765734834,9457,52.904097253489425,47.09590274651058,6.387272021730695,100.09902828495389,48.560995234263785,2.46,17.95350415747497,9186,54.91396235131077,45.08603764868923,6.44159566844494,98.96273530541683,49.161224228454344
9828202255,2014-09-22,4,2.75,2610,4400,1.0,0,0,5,8,1260,1350,1920,0,98122,47.6158,-122.293,1770,4400,2014,9,0,0,0,0,20880,0,1,94,94548,1.96,34.44654683065279,17551,33.21537815630061,66.7846218436994,4.870675176352032,98.85230330853253,23.880006332119677,1.95,33.01648693828051,17176,33.65877772971637,66.34122227028362,6.536089637800748,98.60956388992037,25.23827206337418
3878900270,2015-04-29,4,2.0,2240,4508,1.0,0,2,4,8,1340,900,1926,0,98178,47.5096,-122.25,1930,5250,2015,4,2,0,0,0,17920,0,1,89,96875,2.82,20.090596844044004,9752,59.93050885451693,40.06949114548308,5.811326633948742,99.90720334067974,49.350423384758145,2.76,19.902357951594475,9374,62.577187463590825,37.42281253640918,7.69108659417414,99.64886790168302,47.354401259232354
8091600080,2015-01-23,3,1.0,1120,8407,1.0,0,0,5,6,1120,0,1987,0,98022,47.2051,-122.006,1250,8658,2015,1,4,0,0,0,6720,0,0,28,112818,2.51,14.782116581777025,9214,71.14731044181414,28.85268955818587,6.198934280639431,94.7731755424063,59.927679158448385,2.52,13.98300218215229,9049,70.50333969465649,29.496660305343514,7.5844202251206,95.85578394199428,61.64438235881061
1112000035,2015-03-11,2,1.0,1000,5375,1.0,0,0,3,7,1000,0,1953,0,98118,47.5404,-122.268,1380,5000,2015,3,2,0,0,0,7000,0,0,62,106930,2.75,18.80646044347112,17060,56.44829520663217,43.551704793367826,9.809241901003125,97.62032677053377,37.58809215308283,2.76,18.663888888888888,16861,55.8023285244242,44.1976714755758,10.945570971184631,97.02670100740065,37.2020995663939
2228900270,2014-08-12,2,1.0,1010,6000,1.0,0,0,4,6,1010,0,1944,0,98133,47.771,-122.353,1610,7313,2014,8,1,0,0,0,6060,0,0,70,85059,2.18,19.780409147977647,22049,47.43003034828267,52.56996965171733,6.900681086745005,98.7952152014652,40.53628663003663,2.2,19.916468960063266,21780,48.4259846747035,51.57401532529649,9.163212725439678,98.85203345832132,41.53446783963081
6648701740,2015-02-20,5,2.5,2140,10320,1.0,0,0,4,7,1330,810,1967,0,98031,47.3927,-122.194,2050,8964,2015,2,4,0,0,0,14980,0,1,48,98657,2.97,17.82141658274589,12676,64.00824742268041,35.99175257731959,8.799066842478954,97.82912276247302,50.04020143032457,2.99,17.766172506738545,12903,63.46782097353806,36.53217902646194,10.101061398608502,97.60154576385098,48.943588020330154
1245003740,2014-07-23,3,2.0,1840,6000,2.0,0,0,5,7,1720,120,1946,0,98033,47.6828,-122.207,1390,6000,2014,7,2,0,0,0,12880,0,1,68,163786,2.29,14.715707890692858,16640,64.64853771164701,35.351462288353005,6.13177729151471,100.35475872592028,25.88212855235552,2.3,14.803502341681938,16431,65.22136010953903,34.77863989046098,6.479481641468683,100.68666848737857,27.48234559712848
2174503441,2014-07-03,3,1.5,1380,4500,1.0,0,0,5,7,1380,0,1960,0,98040,47.5866,-122.25,1590,9000,2014,7,3,0,0,0,9660,0,0,54,190985,2.51,9.818010174647295,10179,71.95032870708546,28.049671292914535,5.143830092302178,100.51344885932669,15.986930392671683,2.49,9.62381105055039,10139,74.13847948255751,25.861520517442475,4.498525073746313,100.2252118769632,17.157589047590825
7708250010,2015-01-07,3,2.5,1830,7585,2.0,0,0,4,8,1830,0,1995,0,98042,47.3893,-122.154,2070,7585,2015,1,2,0,0,0,14640,0,0,20,122709,2.84,14.728895746087723,16573,81.84237202230106,18.157627977698937,5.7493896195951795,98.46322368633011,50.75872289700055,2.8,15.359349774536549,16818,82.74386406544997,17.25613593455003,6.523882775213978,98.58030168589174,52.2264944625193
6072300110,2015-04-16,3,1.75,1940,8376,1.0,0,0,4,8,1290,650,1963,0,98006,47.5586,-122.173,2400,8674,2015,4,3,0,0,0,15520,0,1,52,185991,2.82,14.267360653577546,13727,77.46436154079466,22.535638459205337,6.640385009215646,100.15012703056432,27.042112556778815,2.81,13.709650387155165,13558,77.95756373072813,22.042436269271867,7.3147711184521,100.43854542632049,26.78619940233632
2329800140,2014-12-03,4,2.5,1580,6633,2.0,0,0,4,7,1580,0,1984,0,98042,47.3768,-122.118,1590,6633,2014,12,2,0,0,0,11060,0,0,30,122709,2.84,14.728895746087723,16573,81.84237202230106,18.157627977698937,5.7493896195951795,98.46322368633011,50.75872289700055,2.8,15.359349774536549,16818,82.74386406544997,17.25613593455003,6.523882775213978,98.58030168589174,52.2264944625193
1494300040,2014-06-24,4,2.5,1890,8505,1.0,0,0,3,8,1290,600,1980,0,98052,47.6796,-122.115,1720,9600,2014,6,1,0,0,0,15120,0,1,34,158457,2.49,16.67975909924064,26354,53.58728109111451,46.41271890888548,5.135890711012479,99.32081320083873,22.76187437323366,2.43,16.793908754119162,26472,53.10328204716185,46.896717952838145,5.753945061367621,99.18121641257467,25.27158244343474
3832050130,2014-10-21,3,2.5,1770,5000,2.0,0,0,3,7,1770,0,2009,0,98042,47.3358,-122.051,2230,5200,2014,10,1,0,0,0,12390,0,0,5,122709,2.84,14.728895746087723,16573,81.84237202230106,18.157627977698937,5.7493896195951795,98.46322368633011,50.75872289700055,2.8,15.359349774536549,16818,82.74386406544997,17.25613593455003,6.523882775213978,98.58030168589174,52.2264944625193
7203100730,2015-02-10,4,3.5,3790,6874,2.5,0,0,3,9,3790,0,2010,0,98053,47.6956,-122.022,3370,6535,2015,2,1,0,0,0,34110,0,0,5,171822,2.69,9.269278791842558,8377,85.93194514982224,14.068054850177756,4.442119280890326,99.83973288814691,26.8313856427379,2.67,10.823743185947912,8200,82.85419620987496,17.145803790125047,5.704032486542639,99.89091900736297,26.56803926915735
7199330170,2015-05-12,3,1.75,1720,6960,1.0,0,0,3,7,1140,580,1978,0,98052,47.6972,-122.129,1720,7280,2015,5,1,0,0,0,12040,0,1,37,158457,2.49,16.67975909924064,26354,53.58728109111451,46.41271890888548,5.135890711012479,99.32081320083873,22.76187437323366,2.43,16.793908754119162,26472,53.10328204716185,46.896717952838145,5.753945061367621,99.18121641257467,25.27158244343474
7785000220,2014-10-13,3,2.0,1550,12262,1.0,0,0,4,7,1550,0,1964,0,98040,47.5755,-122.216,2900,12372,2014,10,0,0,0,0,10850,0,0,50,190985,2.51,9.818010174647295,10179,71.95032870708546,28.049671292914535,5.143830092302178,100.51344885932669,15.986930392671683,2.49,9.62381105055039,10139,74.13847948255751,25.861520517442475,4.498525073746313,100.2252118769632,17.157589047590825
1250201175,2015-03-23,4,1.0,1400,3600,1.0,0,0,4,6,700,700,1901,0,98144,47.5972,-122.295,1690,3600,2015,3,0,0,0,0,8400,0,1,114,97953,2.26,24.435394298408,13211,47.05356417134033,52.94643582865967,4.982979222913488,99.13933472900675,31.98883461270063,2.24,23.04151393743074,12994,47.69384193467963,52.306158065320375,6.687801012009999,99.23316558830577,31.929067816918284
4054500180,2014-07-24,4,3.25,4030,36762,2.0,0,0,3,11,4030,0,1988,0,98077,47.7235,-122.039,4090,40371,2014,7,3,0,0,1,44330,0,0,26,169573,2.96,13.307618129218902,4923,94.13233458177278,5.867665418227216,4.543605045436051,99.69715956558062,31.47451963241437,2.98,14.185654756627361,4928,92.30282581189371,7.697174188106285,5.255087817117368,99.70955249569707,33.04647160068847
7905200061,2014-09-05,3,2.25,1450,1486,2.0,0,0,3,8,1160,290,2006,0,98116,47.5694,-122.387,1370,1437,2014,9,4,0,0,0,11600,0,1,8,129924,2.05,15.481481481481483,12313,56.0263408716749,43.9736591283251,3.855525297405762,99.08641444539983,26.660576096302663,2.06,16.790914094161206,12217,55.1675732584664,44.8324267415336,4.419769214021336,99.34274850624661,28.636610537751224
3751604895,2014-06-05,3,1.0,1150,19200,1.0,0,0,4,5,1150,0,1908,0,98001,47.2756,-122.27,1290,19200,2014,6,3,0,0,0,5750,0,0,106,103338,2.88,16.70823899612418,11853,78.03582680709334,21.964173192906653,7.520990889060918,99.03689573349462,55.469222537570374,2.84,16.314553990610328,11718,77.66858997475659,22.33141002524342,8.275337739049068,97.7865131732884,55.145303944967004
5220300140,2014-09-03,2,1.0,810,7440,1.0,0,0,5,6,810,0,1948,0,98133,47.7346,-122.352,830,7500,2014,9,2,0,0,0,4860,0,0,66,85059,2.18,19.780409147977647,22049,47.43003034828267,52.56996965171733,6.900681086745005,98.7952152014652,40.53628663003663,2.2,19.916468960063266,21780,48.4259846747035,51.57401532529649,9.163212725439678,98.85203345832132,41.53446783963081
3323059027,2015-02-25,3,2.75,1720,28000,1.0,0,0,4,7,1720,0,1958,0,98058,47.4375,-122.176,2000,41817,2015,2,2,0,0,0,12040,0,0,57,106611,2.78,15.935921408835924,16692,73.01956836343044,26.980431636569556,5.35431150140261,97.63669462323647,42.85157011897796,2.74,16.106225715036956,16367,72.2486806538808,27.751319346119192,6.590114827758363,97.51918859649122,44.01041666666667
8651611980,2015-03-24,4,2.75,3630,11775,2.0,0,0,3,10,3630,0,1999,0,98074,47.6378,-122.066,3800,12451,2015,3,1,0,0,0,36300,0,0,16,229104,3.02,10.366720845184885,9070,87.03577124629757,12.96422875370244,4.483074107959744,100.24147476294245,16.24359502915366,3.03,10.087027329635095,8959,87.40808823529412,12.591911764705882,4.416132562138502,100.35249133707731,17.803799737125104
8673400190,2014-07-23,3,2.5,1630,1587,3.0,0,0,3,8,1630,0,2004,0,98107,47.6693,-122.393,1500,1527,2014,7,2,0,0,0,13040,0,0,10,131559,1.93,23.823613629855874,12707,35.71075197889182,64.28924802110818,5.1404627006610015,99.34580861098434,21.74552462092398,1.92,23.06289432176656,12416,34.91419393017161,65.0858060698284,6.3046647230320705,99.24250394529194,22.530247238295633
1668500100,2014-12-10,3,2.5,3820,35016,2.0,0,0,4,9,3820,0,1987,0,98053,47.6496,-122.041,3010,35190,2014,12,2,0,0,0,34380,0,0,27,171822,2.69,9.269278791842558,8377,85.93194514982224,14.068054850177756,4.442119280890326,99.83973288814691,26.8313856427379,2.67,10.823743185947912,8200,82.85419620987496,17.145803790125047,5.704032486542639,99.89091900736297,26.56803926915735
1023059365,2014-05-06,3,2.5,2460,54885,2.0,0,0,4,8,2460,0,1980,0,98059,47.4996,-122.146,2770,21407,2014,5,1,0,0,0,19680,0,0,34,126846,2.75,13.177344215208938,13637,79.87440417643943,20.125595823560566,4.938333752831613,99.5200838844975,40.75657364090983,2.79,13.745595489781536,13401,78.51442602823818,21.485573971761816,6.100010041168792,99.15702883205734,41.01237986642776
3308030060,2014-06-19,3,1.75,2310,11200,1.0,0,0,4,8,1630,680,1978,0,98030,47.3637,-122.21,2350,13300,2014,6,3,0,0,0,18480,0,1,36,85188,3.09,19.65576092087585,12484,47.11751662971175,52.88248337028825,8.260646485377118,97.17440872714266,52.62663745696785,3.0,17.600482618203756,12534,46.087481666810454,53.91251833318954,8.848456113317134,97.94284650470073,53.155543144373084
4232400860,2014-06-30,4,2.0,2120,3360,2.0,0,0,3,9,2120,0,1905,0,98112,47.6227,-122.31,2090,3600,2014,6,0,0,0,0,19080,0,0,109,153204,2.12,20.965110771983372,10930,55.615488345212874,44.38451165478713,5.323420074349442,99.23632488752072,17.546767700686715,2.12,21.08649789029536,11036,54.353054353054354,45.646945646945646,6.614844158756259,99.30969930969931,17.801567801567803
2144800615,2014-06-25,1,0.75,930,29258,1.0,0,0,3,6,930,0,1941,0,98178,47.4837,-122.236,2000,18321,2014,6,2,0,0,0,5580,0,0,73,96875,2.82,20.090596844044004,9752,59.93050885451693,40.06949114548308,5.811326633948742,99.90720334067974,49.350423384758145,2.76,19.902357951594475,9374,62.577187463590825,37.42281253640918,7.69108659417414,99.64886790168302,47.354401259232354
1568100920,2015-04-08,4,2.5,3440,14554,2.0,1,4,3,8,2170,1270,2012,0,98155,47.7364,-122.286,3170,11810,2015,4,2,0,0,0,27520,3440,1,3,124531,2.48,16.52716001821175,13838,68.1508643268727,31.849135673127293,8.176812638295683,98.1925078457077,38.148015731140504,2.48,17.143465606587636,13823,68.9590238023501,31.040976197649893,9.775827429417362,98.56964422418308,37.801684193561385
9406510040,2015-02-06,4,2.5,2920,24074,2.0,0,0,3,9,2920,0,1997,0,98038,47.381,-122.056,2760,26023,2015,2,4,0,0,0,26280,0,0,18,135304,2.86,12.556807332442238,12545,84.88178488178488,15.118215118215117,8.23751596956063,99.08171413361725,51.89424185963978,2.88,13.27901930178551,12318,84.63165017339085,15.368349826609151,8.409014463504876,99.04576700434153,54.23299565846599
2923049421,2014-07-02,3,2.25,1920,7738,1.0,0,0,3,8,1520,400,1965,0,98148,47.4562,-122.33,2170,8452,2014,7,2,0,0,0,15360,0,1,49,81431,2.49,20.801797540208135,4634,39.694835680751176,60.305164319248824,5.8074923821473385,96.5266676355181,52.01278883883157,2.46,21.21500893388922,4554,42.75695284159613,57.24304715840387,8.75373527860784,96.37251998815518,55.13769618004146
1051000040,2015-04-24,3,2.25,3330,20053,2.0,0,0,3,9,3330,0,1968,1998,98004,47.6395,-122.214,2870,20053,2015,4,4,1,0,0,29970,0,0,47,157784,2.09,16.09075919420747,17462,44.548266529191906,55.451733470808094,6.039425544695026,99.71498371335505,20.39087947882736,2.11,16.54254118709095,16773,45.298507462686565,54.701492537313435,6.137602970182156,99.6095090971507,22.202197047717128
2077700042,2014-06-26,3,2.0,2330,26571,2.5,0,0,3,8,2330,0,1987,0,98005,47.6009,-122.158,2030,20037,2014,6,3,0,0,0,18640,0,0,27,151297,2.35,15.897297661567492,8146,56.48061808978287,43.51938191021713,7.278904560897765,100.07012622720896,23.796166432912578,2.35,15.411255411255413,8229,55.90447288560496,44.09552711439504,8.25257574211976,99.94462463412704,24.04081955541492
9423800030,2014-11-18,3,1.0,1100,7470,1.0,0,0,4,5,1100,0,1917,0,98065,47.5242,-121.831,1280,7055,2014,11,1,0,0,0,5500,0,0,97,175750,2.93,10.615415255925114,4953,79.75811584977721,20.241884150222788,4.1850514774702505,99.11081471601645,30.999221962876515,2.91,8.78239184647078,4755,78.93797411869701,21.06202588130299,4.645161290322581,99.65219477092828,32.369872871192136
9818700455,2014-08-26,4,2.5,2320,4000,1.5,0,0,5,8,1510,810,1905,0,98122,47.6048,-122.298,1490,4500,2014,8,1,0,0,0,18560,0,1,109,94548,1.96,34.44654683065279,17551,33.21537815630061,66.7846218436994,4.870675176352032,98.85230330853253,23.880006332119677,1.95,33.01648693828051,17176,33.65877772971637,66.34122227028362,6.536089637800748,98.60956388992037,25.23827206337418
7133300675,2015-04-28,3,1.0,1140,4500,1.0,0,0,3,6,840,300,1907,0,98144,47.5897,-122.314,1150,3000,2015,4,1,0,0,0,6840,0,1,108,97953,2.26,24.435394298408,13211,47.05356417134033,52.94643582865967,4.982979222913488,99.13933472900675,31.98883461270063,2.24,23.04151393743074,12994,47.69384193467963,52.306158065320375,6.687801012009999,99.23316558830577,31.929067816918284
4113800550,2014-07-21,4,2.5,2440,7322,2.0,0,0,3,9,2440,0,1991,0,98056,47.5357,-122.179,2590,9927,2014,7,0,0,0,0,21960,0,0,23,102196,2.51,19.700650139315567,13893,51.64368244502423,48.356317554975774,6.624963057826815,97.99134991266739,42.58920402561757,2.56,20.747436492907926,13631,51.246200607902736,48.753799392097264,7.454338464584468,97.1547942343848,43.680802172550656
5553300375,2014-08-20,3,3.5,3080,6495,2.0,0,3,3,11,2530,550,1996,2006,98199,47.6321,-122.393,4120,8620,2014,8,2,1,0,1,33880,0,1,18,168132,2.27,15.401888530631044,9920,62.062574948217595,37.937425051782405,4.147350993377484,99.1690635985938,22.416107382550337,2.24,15.287600188590286,9908,63.396185047138786,36.603814952861214,4.887626368117638,99.1062108559499,21.711899791231733
2025701530,2014-08-26,3,2.5,1610,6000,2.0,0,0,4,7,1610,0,1993,0,98038,47.349,-122.036,1570,6000,2014,8,1,0,0,0,11270,0,0,21,135304,2.86,12.556807332442238,12545,84.88178488178488,15.118215118215117,8.23751596956063,99.08171413361725,51.89424185963978,2.88,13.27901930178551,12318,84.63165017339085,15.368349826609151,8.409014463504876,99.04576700434153,54.23299565846599
7942601155,2014-07-22,2,1.0,1095,5120,1.5,0,0,3,7,1095,0,1901,0,98122,47.6058,-122.313,1310,5120,2014,7,1,0,0,0,7665,0,0,113,94548,1.96,34.44654683065279,17551,33.21537815630061,66.7846218436994,4.870675176352032,98.85230330853253,23.880006332119677,1.95,33.01648693828051,17176,33.65877772971637,66.34122227028362,6.536089637800748,98.60956388992037,25.23827206337418
7524300020,2014-08-20,3,2.5,1580,12250,2.0,0,0,3,8,1580,0,1993,0,98198,47.3771,-122.315,1560,9900,2014,8,2,0,0,0,12640,0,0,21,76062,2.67,22.07152903355435,14123,54.47965869267103,45.52034130732896,7.476339026066727,96.01030110935024,51.96909667194929,2.66,22.372788556958557,14108,54.52003727865797,45.479962721342034,9.229583126824165,96.58536585365853,50.707716913234705
2520069100,2014-10-16,4,2.0,1960,30480,1.0,0,2,4,7,1060,900,1972,0,98022,47.1924,-121.988,1460,8914,2014,10,3,0,0,0,13720,0,1,42,112818,2.51,14.782116581777025,9214,71.14731044181414,28.85268955818587,6.198934280639431,94.7731755424063,59.927679158448385,2.52,13.98300218215229,9049,70.50333969465649,29.496660305343514,7.5844202251206,95.85578394199428,61.64438235881061
5412300410,2015-03-25,3,1.0,1420,8800,1.0,0,0,4,6,1090,330,1981,0,98030,47.3746,-122.181,1480,8000,2015,3,2,0,0,0,8520,0,1,34,85188,3.09,19.65576092087585,12484,47.11751662971175,52.88248337028825,8.260646485377118,97.17440872714266,52.62663745696785,3.0,17.600482618203756,12534,46.087481666810454,53.91251833318954,8.848456113317134,97.94284650470073,53.155543144373084
7504110760,2014-06-27,4,2.25,3190,11597,2.0,0,0,3,10,2300,890,1984,0,98074,47.6323,-122.039,2990,10679,2014,6,4,0,0,0,31900,0,1,30,229104,3.02,10.366720845184885,9070,87.03577124629757,12.96422875370244,4.483074107959744,100.24147476294245,16.24359502915366,3.03,10.087027329635095,8959,87.40808823529412,12.591911764705882,4.416132562138502,100.35249133707731,17.803799737125104
2594200350,2015-03-04,2,1.0,910,7200,1.0,0,1,4,7,830,80,1936,0,98136,47.5145,-122.39,1700,7200,2015,3,2,0,0,0,6370,0,1,79,144659,2.13,15.69451876767831,7483,65.10981373366694,34.89018626633305,3.7052720728350628,99.55093555093555,32.71517671517671,2.14,17.20172866183053,7488,65.71508929827029,34.284910701729714,5.032728833565833,98.98634497780012,33.358465276032504
2722059013,2015-02-04,2,1.0,1270,43560,1.0,0,0,4,5,1270,0,1908,0,98042,47.3651,-122.165,1870,6960,2015,2,2,0,0,0,6350,0,0,107,122709,2.84,14.728895746087723,16573,81.84237202230106,18.157627977698937,5.7493896195951795,98.46322368633011,50.75872289700055,2.8,15.359349774536549,16818,82.74386406544997,17.25613593455003,6.523882775213978,98.58030168589174,52.2264944625193
8078430480,2014-08-06,4,2.5,2040,7412,2.0,0,0,3,8,2040,0,1988,0,98074,47.6347,-122.026,2050,7830,2014,8,2,0,0,0,16320,0,0,26,229104,3.02,10.366720845184885,9070,87.03577124629757,12.96422875370244,4.483074107959744,100.24147476294245,16.24359502915366,3.03,10.087027329635095,8959,87.40808823529412,12.591911764705882,4.416132562138502,100.35249133707731,17.803799737125104
1423069162,2014-06-04,4,2.25,2740,88426,2.0,0,0,3,7,2740,0,1991,0,98027,47.4734,-122.006,2740,62726,2014,6,2,0,0,0,19180,0,0,23,140556,2.54,13.249890206411946,11360,71.30082050336497,28.699179496635015,4.680932365303783,100.03016439595798,34.07571263385451,2.48,13.001025458112265,11363,70.81061096219614,29.189389037803863,5.410590943975442,99.23960116829488,32.964044717494204
8856001090,2015-01-30,3,1.0,940,10890,1.0,0,0,4,5,940,0,1909,0,98001,47.2763,-122.257,1370,10255,2015,1,4,0,0,0,4700,0,0,106,103338,2.88,16.70823899612418,11853,78.03582680709334,21.964173192906653,7.520990889060918,99.03689573349462,55.469222537570374,2.84,16.314553990610328,11718,77.66858997475659,22.33141002524342,8.275337739049068,97.7865131732884,55.145303944967004
7000100631,2015-05-07,5,1.75,2690,21357,1.0,0,0,4,7,1420,1270,1952,0,98004,47.5831,-122.191,2600,17539,2015,5,3,0,0,0,18830,0,1,63,157784,2.09,16.09075919420747,17462,44.548266529191906,55.451733470808094,6.039425544695026,99.71498371335505,20.39087947882736,2.11,16.54254118709095,16773,45.298507462686565,54.701492537313435,6.137602970182156,99.6095090971507,22.202197047717128
4222200280,2014-10-21,3,2.0,1460,7740,1.0,0,0,3,7,1460,0,1968,0,98003,47.3467,-122.306,1540,7644,2014,10,1,0,0,0,10220,0,0,46,67547,2.55,19.24448767833982,19289,48.22101062334889,51.77898937665112,8.09211372700373,97.76363151579788,55.309292094387416,2.53,17.855201652353518,19279,47.96962879640045,52.03037120359954,8.922079628575183,97.993265993266,55.535353535353536
7971300050,2014-07-10,3,2.0,2320,10960,1.0,0,0,3,7,1510,810,1956,0,98005,47.6157,-122.174,2160,10960,2014,7,3,0,0,0,16240,0,1,58,151297,2.35,15.897297661567492,8146,56.48061808978287,43.51938191021713,7.278904560897765,100.07012622720896,23.796166432912578,2.35,15.411255411255413,8229,55.90447288560496,44.09552711439504,8.25257574211976,99.94462463412704,24.04081955541492
2009001600,2015-05-06,3,1.0,1070,9000,1.0,0,0,4,7,1070,0,1950,0,98198,47.4061,-122.33,1840,12000,2015,5,2,0,0,0,7490,0,0,65,76062,2.67,22.07152903355435,14123,54.47965869267103,45.52034130732896,7.476339026066727,96.01030110935024,51.96909667194929,2.66,22.372788556958557,14108,54.52003727865797,45.479962721342034,9.229583126824165,96.58536585365853,50.707716913234705
6619910140,2015-02-24,4,1.75,2950,9025,1.0,0,2,4,8,1780,1170,1975,0,98034,47.7128,-122.223,2120,9600,2015,2,1,0,0,0,23600,0,1,40,119806,2.43,16.05333943799004,18001,61.237125332716126,38.76287466728388,6.750954198473283,99.64536699635606,34.17816241540864,2.44,17.057790319329666,18171,60.109001406469766,39.89099859353024,7.7933415340661085,99.85536782591545,35.227795674183156
2877100985,2014-06-23,3,2.25,1470,2500,2.0,0,0,3,8,1080,390,1984,0,98117,47.6762,-122.36,1640,4300,2014,6,0,0,0,0,11760,0,1,30,166029,2.29,15.29702030745872,14220,69.81104756388909,30.18895243611091,4.762847806713536,99.83316649983317,23.652819486152822,2.32,15.579379562043796,14093,70.67265234030027,29.327347659699736,4.742001293725432,99.6292707587311,24.463917091460587
1196000007,2014-05-05,5,2.5,3090,12750,1.0,0,0,3,8,1750,1340,1968,0,98023,47.3408,-122.335,1760,25919,2014,5,0,0,0,0,24720,0,1,46,98057,2.84,17.422428414646312,18530,66.81093394077449,33.18906605922551,7.981084030556566,98.90960038986356,53.08845029239766,2.81,18.088104608353433,18625,64.76571428571428,35.23428571428571,8.736678507992895,98.46469418199901,51.54462953754351
1330850130,2015-02-18,3,2.5,2850,21780,2.0,0,0,3,10,2850,0,1994,0,98053,47.6455,-122.04,3020,21798,2015,2,2,0,0,0,28500,0,0,21,171822,2.69,9.269278791842558,8377,85.93194514982224,14.068054850177756,4.442119280890326,99.83973288814691,26.8313856427379,2.67,10.823743185947912,8200,82.85419620987496,17.145803790125047,5.704032486542639,99.89091900736297,26.56803926915735
6664900410,2014-06-26,3,2.0,1900,8002,1.0,0,0,3,7,1900,0,1991,0,98023,47.2909,-122.352,1900,6086,2014,6,3,0,0,0,13300,0,0,23,98057,2.84,17.422428414646312,18530,66.81093394077449,33.18906605922551,7.981084030556566,98.90960038986356,53.08845029239766,2.81,18.088104608353433,18625,64.76571428571428,35.23428571428571,8.736678507992895,98.46469418199901,51.54462953754351
1231001110,2014-07-22,3,1.0,920,3532,1.0,0,0,3,6,920,0,1910,0,98118,47.5539,-122.268,1250,4000,2014,7,1,0,0,0,5520,0,0,104,106930,2.75,18.80646044347112,17060,56.44829520663217,43.551704793367826,9.809241901003125,97.62032677053377,37.58809215308283,2.76,18.663888888888888,16861,55.8023285244242,44.1976714755758,10.945570971184631,97.02670100740065,37.2020995663939
9235900030,2014-07-17,2,1.0,860,6120,1.0,0,0,3,7,860,0,1948,0,98155,47.7503,-122.328,1100,6860,2014,7,3,0,0,0,6020,0,0,66,124531,2.48,16.52716001821175,13838,68.1508643268727,31.849135673127293,8.176812638295683,98.1925078457077,38.148015731140504,2.48,17.143465606587636,13823,68.9590238023501,31.040976197649893,9.775827429417362,98.56964422418308,37.801684193561385
9407101840,2014-06-20,4,2.5,1890,12236,1.0,0,0,3,7,1230,660,1978,0,98045,47.4491,-121.78,1390,11360,2014,6,4,0,0,0,13230,0,1,36,154803,2.6,11.896235479081142,5848,76.05357142857143,23.946428571428573,4.146459747817652,98.97304236200257,46.04522563444257,2.62,12.452140619561435,5880,76.65285534137993,23.34714465862007,4.789620468048987,98.46000993541976,46.656731246895184
9523103001,2014-10-13,2,1.0,850,3276,1.0,0,0,3,6,850,0,1910,0,98103,47.6742,-122.35,1460,4100,2014,10,0,0,0,0,5100,0,0,104,122656,2.11,22.87456037514654,24340,48.11213812347401,51.88786187652599,3.97510133178923,99.1585414718846,18.936823827968478,2.08,23.163301875522638,24335,48.10872624912034,51.89127375087966,4.7532645230375685,99.01151866677559,19.094300574571793
2149800278,2014-10-15,6,5.0,2732,7655,2.0,0,0,3,7,2732,0,2009,0,98002,47.3045,-122.211,3078,69993,2014,10,2,0,0,0,19124,0,0,5,68040,2.64,18.596016244440147,13738,50.49263025143848,49.50736974856152,8.921506062539885,96.5053019824804,61.71046565237437,2.61,18.7400560648534,13981,49.973103819257666,50.026896180742334,11.200844877927564,96.62962288212789,60.11568591728912
7234601198,2014-06-04,3,3.25,1540,704,3.0,0,0,3,9,1540,0,2011,0,98122,47.6177,-122.308,1540,1456,2014,6,2,0,0,0,13860,0,0,3,94548,1.96,34.44654683065279,17551,33.21537815630061,66.7846218436994,4.870675176352032,98.85230330853253,23.880006332119677,1.95,33.01648693828051,17176,33.65877772971637,66.34122227028362,6.536089637800748,98.60956388992037,25.23827206337418
9476700035,2014-07-10,4,2.0,2680,13680,2.0,0,2,4,7,2350,330,1943,1965,98056,47.4887,-122.192,1430,11000,2014,7,3,1,0,0,18760,0,1,71,102196,2.51,19.700650139315567,13893,51.64368244502423,48.356317554975774,6.624963057826815,97.99134991266739,42.58920402561757,2.56,20.747436492907926,13631,51.246200607902736,48.753799392097264,7.454338464584468,97.1547942343848,43.680802172550656
9297301065,2014-10-29,3,1.0,1800,4800,1.0,0,2,4,9,900,900,1927,0,98126,47.5672,-122.372,1400,4800,2014,10,2,0,0,0,16200,0,1,87,108072,2.36,17.374538643750345,10242,56.54861693210393,43.45138306789606,4.653176915203527,100.23680854939583,34.264375493351146,2.27,16.627794527561296,10016,55.87763397154776,44.12236602845224,5.641737426518615,99.87504685742846,36.67374734474572
518500700,2014-05-07,2,2.25,2550,5663,1.0,0,0,3,10,1720,830,2011,0,98056,47.5304,-122.202,2560,3828,2014,5,2,0,0,0,25500,0,1,3,102196,2.51,19.700650139315567,13893,51.64368244502423,48.356317554975774,6.624963057826815,97.99134991266739,42.58920402561757,2.56,20.747436492907926,13631,51.246200607902736,48.753799392097264,7.454338464584468,97.1547942343848,43.680802172550656
7843500090,2014-08-22,4,2.5,2010,12085,2.0,0,0,3,8,2010,0,1986,0,98042,47.3406,-122.057,1910,12133,2014,8,4,0,0,0,16080,0,0,28,122709,2.84,14.728895746087723,16573,81.84237202230106,18.157627977698937,5.7493896195951795,98.46322368633011,50.75872289700055,2.8,15.359349774536549,16818,82.74386406544997,17.25613593455003,6.523882775213978,98.58030168589174,52.2264944625193
6056110780,2014-06-27,2,1.75,1110,1773,2.0,0,0,3,8,1110,0,2014,0,98108,47.5647,-122.293,1420,2855,2014,6,4,0,0,0,8880,0,0,0,90179,3.03,19.908830157754558,8612,54.59848578875513,45.40151421124488,8.936391301120759,96.30263002712583,38.9019931595707,3.04,20.018841262364578,8329,53.53791529292417,46.46208470707583,9.09441233140655,96.94831433568542,39.52716965201134
2345700260,2015-04-06,5,2.5,2820,6305,2.0,0,0,3,8,2820,0,2003,0,98003,47.2616,-122.296,2610,6306,2015,4,0,0,0,0,22560,0,0,12,67547,2.55,19.24448767833982,19289,48.22101062334889,51.77898937665112,8.09211372700373,97.76363151579788,55.309292094387416,2.53,17.855201652353518,19279,47.96962879640045,52.03037120359954,8.922079628575183,97.993265993266,55.535353535353536
3509600070,2014-07-25,3,1.5,1370,9000,1.0,0,0,3,7,1370,0,1962,0,98168,47.4973,-122.328,1400,9075,2014,7,4,0,0,0,9590,0,0,52,77935,2.8,20.49963262307127,12139,52.17844124283978,47.82155875716022,8.562583961217218,96.41425186805176,54.26006925460178,2.89,20.8829290342022,12234,50.7457509538675,49.2542490461325,11.205219182785854,97.16754897968418,53.68535360390933
1431700280,2015-04-09,5,2.0,2730,7344,1.0,0,0,5,7,1510,1220,1962,0,98058,47.4602,-122.171,1730,7700,2015,4,3,0,0,0,19110,0,1,53,106611,2.78,15.935921408835924,16692,73.01956836343044,26.980431636569556,5.35431150140261,97.63669462323647,42.85157011897796,2.74,16.106225715036956,16367,72.2486806538808,27.751319346119192,6.590114827758363,97.51918859649122,44.01041666666667
1623049174,2015-04-02,4,3.0,1920,12040,1.0,0,0,3,7,1920,0,1962,0,98168,47.4805,-122.301,1530,10230,2015,4,3,0,0,0,13440,0,0,53,77935,2.8,20.49963262307127,12139,52.17844124283978,47.82155875716022,8.562583961217218,96.41425186805176,54.26006925460178,2.89,20.8829290342022,12234,50.7457509538675,49.2542490461325,11.205219182785854,97.16754897968418,53.68535360390933
3024089049,2014-06-09,2,1.75,1610,158558,1.5,0,0,2,6,1610,0,1948,0,98065,47.5319,-121.84,1800,3572,2014,6,0,0,0,0,9660,0,0,66,175750,2.93,10.615415255925114,4953,79.75811584977721,20.241884150222788,4.1850514774702505,99.11081471601645,30.999221962876515,2.91,8.78239184647078,4755,78.93797411869701,21.06202588130299,4.645161290322581,99.65219477092828,32.369872871192136
7853340450,2015-04-27,3,2.75,1770,3172,2.0,0,0,3,8,1770,0,2009,0,98065,47.5164,-121.878,1760,2891,2015,4,0,0,0,0,14160,0,0,6,175750,2.93,10.615415255925114,4953,79.75811584977721,20.241884150222788,4.1850514774702505,99.11081471601645,30.999221962876515,2.91,8.78239184647078,4755,78.93797411869701,21.06202588130299,4.645161290322581,99.65219477092828,32.369872871192136
7732410360,2014-08-22,3,2.5,2420,9000,2.0,0,0,4,9,2420,0,1987,0,98007,47.6599,-122.146,2630,9000,2014,8,4,0,0,0,21780,0,0,27,118634,2.48,20.499565396404225,11154,35.96800304732883,64.03199695267118,5.613278442135529,98.00031408679266,22.378683976338795,2.46,20.650383547461058,10912,35.5564209911401,64.4435790088599,7.187732216442614,98.34565872363737,24.130375239660367
1446800995,2014-08-05,3,2.5,2020,6628,1.0,0,0,4,7,1250,770,1963,0,98168,47.4934,-122.332,1540,9995,2014,8,1,0,0,0,14140,0,1,51,77935,2.8,20.49963262307127,12139,52.17844124283978,47.82155875716022,8.562583961217218,96.41425186805176,54.26006925460178,2.89,20.8829290342022,12234,50.7457509538675,49.2542490461325,11.205219182785854,97.16754897968418,53.68535360390933
2946000285,2015-03-02,3,2.0,1170,10051,1.0,0,0,4,7,1170,0,1957,0,98198,47.4229,-122.324,1440,9800,2015,3,0,0,0,0,8190,0,0,58,76062,2.67,22.07152903355435,14123,54.47965869267103,45.52034130732896,7.476339026066727,96.01030110935024,51.96909667194929,2.66,22.372788556958557,14108,54.52003727865797,45.479962721342034,9.229583126824165,96.58536585365853,50.707716913234705
425079100,2014-12-31,3,2.75,1840,68479,1.0,0,2,3,8,1340,500,1989,0,98014,47.6802,-121.908,2060,61903,2014,12,2,0,0,0,14720,0,1,25,149028,2.67,15.914655473941938,2760,80.12255840674071,19.877441593259288,5.053892215568863,98.49246231155779,41.447236180904525,2.71,16.475644699140403,2796,80.17309205350118,19.82690794649882,5.778769841269842,97.50727046115496,41.29621936019942
3876313040,2014-07-09,4,2.5,2100,8400,1.0,0,0,4,7,1240,860,1976,0,98072,47.735,-122.17,1980,8610,2014,7,2,0,0,0,14700,0,1,38,157963,2.6,13.507779349363508,9217,75.10030952653904,24.899690473460964,4.844401668270773,98.9697933227345,34.97615262321145,2.6,13.562575408577382,9093,75.71628232005591,24.283717679944093,4.9586119070359755,99.31105530873737,35.92814371257485
1762600260,2014-05-22,4,3.25,3440,35021,2.0,0,0,3,10,3440,0,1983,0,98033,47.6476,-122.184,3440,35021,2014,5,3,0,0,0,34400,0,0,31,163786,2.29,14.715707890692858,16640,64.64853771164701,35.351462288353005,6.13177729151471,100.35475872592028,25.88212855235552,2.3,14.803502341681938,16431,65.22136010953903,34.77863989046098,6.479481641468683,100.68666848737857,27.48234559712848
1925069121,2015-03-30,3,2.5,1730,4102,3.0,1,4,3,8,1730,0,1996,0,98074,47.645,-122.084,2340,16994,2015,3,0,0,0,0,13840,1730,0,19,229104,3.02,10.366720845184885,9070,87.03577124629757,12.96422875370244,4.483074107959744,100.24147476294245,16.24359502915366,3.03,10.087027329635095,8959,87.40808823529412,12.591911764705882,4.416132562138502,100.35249133707731,17.803799737125104
7443000480,2015-05-07,4,2.0,2750,5527,2.0,0,0,3,8,2130,620,1901,1987,98119,47.6513,-122.368,1290,1764,2015,5,3,1,0,0,22000,0,1,114,112865,1.9,25.481150100191062,12166,40.59950184660311,59.40049815339689,4.838109415705247,98.6912347167212,21.78979392686987,1.89,25.428950611432366,12075,40.114135206321336,59.885864793678664,5.074963929489995,99.02767835838702,20.561918396564067
7820000015,2015-03-12,3,1.75,1400,8640,1.0,0,0,3,7,1400,0,1962,0,98011,47.7659,-122.204,1630,8640,2015,3,3,0,0,0,9800,0,0,53,124418,2.46,15.247978855721392,13329,65.2180746561886,34.781925343811395,6.342825237297599,99.00660763248978,39.452510450847306,2.46,15.129648719371977,13089,66.21599871237727,33.78400128762273,7.092279579716767,99.87127028642361,40.38435014482093
4027701253,2014-08-13,4,2.5,1990,30083,2.0,0,0,3,8,1990,0,1998,0,98155,47.7678,-122.272,2220,11627,2014,8,2,0,0,0,15920,0,0,16,124531,2.48,16.52716001821175,13838,68.1508643268727,31.849135673127293,8.176812638295683,98.1925078457077,38.148015731140504,2.48,17.143465606587636,13823,68.9590238023501,31.040976197649893,9.775827429417362,98.56964422418308,37.801684193561385
2826049165,2015-02-26,4,1.0,1180,13500,1.5,0,0,3,7,1180,0,1950,0,98125,47.7165,-122.308,1580,8976,2015,2,3,0,0,0,8260,0,0,65,89983,2.18,19.775984583885343,18882,47.03408836061897,52.96591163938103,6.25,100.80028203772255,32.942005993301606,2.12,19.175038337558288,18728,45.79247434435576,54.20752565564424,6.600554974298321,100.34034541438865,33.71592019986242
5426300060,2014-10-08,3,2.25,2300,15952,1.0,0,0,4,8,1150,1150,1963,0,98039,47.6322,-122.232,2200,14284,2014,10,2,0,0,0,18400,0,1,51,244740,2.87,9.791666666666666,1266,91.62833486660533,8.371665133394664,2.4007386888273317,99.69984992496248,13.256628314157078,2.92,7.837127845884413,1214,90.13282732447819,9.867172675521822,2.1998166819431715,100.0,14.598168870803663
1278000210,2015-03-11,2,1.0,828,4524,1.0,0,0,3,6,828,0,1968,2007,98001,47.2655,-122.244,828,5402,2015,3,2,1,0,0,4968,0,0,47,103338,2.88,16.70823899612418,11853,78.03582680709334,21.964173192906653,7.520990889060918,99.03689573349462,55.469222537570374,2.84,16.314553990610328,11718,77.66858997475659,22.33141002524342,8.275337739049068,97.7865131732884,55.145303944967004
923000270,2014-05-08,2,1.0,1020,8155,1.0,0,0,4,7,1020,0,1948,0,98177,47.7257,-122.361,1430,8157,2014,5,3,0,0,0,7140,0,0,66,153542,2.43,13.07924984875983,8212,79.67166859048352,20.32833140951648,5.038420387121875,99.43356309288201,27.4619531836484,2.43,12.346137193047566,8127,81.14840062926062,18.85159937073938,4.7893884163628995,99.46581196581197,26.716524216524217
7657600005,2014-10-31,5,2.0,1730,7375,1.0,0,0,4,6,1730,0,1944,0,98178,47.4953,-122.238,1550,7125,2014,10,4,0,0,0,10380,0,0,70,96875,2.82,20.090596844044004,9752,59.93050885451693,40.06949114548308,5.811326633948742,99.90720334067974,49.350423384758145,2.76,19.902357951594475,9374,62.577187463590825,37.42281253640918,7.69108659417414,99.64886790168302,47.354401259232354
3024079057,2014-07-30,3,1.5,1750,32500,1.0,0,0,4,7,1750,0,1966,0,98027,47.5316,-121.959,1820,102801,2014,7,2,0,0,0,12250,0,0,48,140556,2.54,13.249890206411946,11360,71.30082050336497,28.699179496635015,4.680932365303783,100.03016439595798,34.07571263385451,2.48,13.001025458112265,11363,70.81061096219614,29.189389037803863,5.410590943975442,99.23960116829488,32.964044717494204
3276180020,2015-03-27,4,1.75,1660,10757,1.0,0,0,3,7,1000,660,1980,0,98056,47.5071,-122.194,1880,8319,2015,3,4,0,0,0,11620,0,1,35,102196,2.51,19.700650139315567,13893,51.64368244502423,48.356317554975774,6.624963057826815,97.99134991266739,42.58920402561757,2.56,20.747436492907926,13631,51.246200607902736,48.753799392097264,7.454338464584468,97.1547942343848,43.680802172550656
7304300760,2014-06-25,3,1.0,1010,8184,1.0,0,0,4,6,1010,0,1947,0,98155,47.7416,-122.319,1010,8184,2014,6,2,0,0,0,6060,0,0,67,124531,2.48,16.52716001821175,13838,68.1508643268727,31.849135673127293,8.176812638295683,98.1925078457077,38.148015731140504,2.48,17.143465606587636,13823,68.9590238023501,31.040976197649893,9.775827429417362,98.56964422418308,37.801684193561385
3908100020,2014-08-03,4,1.0,1360,5766,1.5,0,0,5,7,1360,0,1951,0,98115,47.6827,-122.289,1500,5704,2014,8,6,0,0,0,9520,0,0,63,141013,2.36,20.038971348841685,22085,62.56938184923383,37.430618150766165,5.07985950029823,99.48958702950569,21.213527308458662,2.32,19.346653198985,21778,62.75248864405142,37.24751135594858,5.230427913543313,99.63049016040087,21.893457996248916
8835400805,2014-05-22,4,1.75,2740,8520,1.0,0,2,3,8,1370,1370,1954,0,98118,47.5445,-122.263,2740,9286,2014,5,3,0,0,0,21920,0,1,60,106930,2.75,18.80646044347112,17060,56.44829520663217,43.551704793367826,9.809241901003125,97.62032677053377,37.58809215308283,2.76,18.663888888888888,16861,55.8023285244242,44.1976714755758,10.945570971184631,97.02670100740065,37.2020995663939
4051150070,2014-12-23,3,1.5,1072,4339,2.0,0,0,3,7,1072,0,2009,0,98042,47.386,-122.162,1443,4341,2014,12,1,0,0,0,7504,0,0,5,122709,2.84,14.728895746087723,16573,81.84237202230106,18.157627977698937,5.7493896195951795,98.46322368633011,50.75872289700055,2.8,15.359349774536549,16818,82.74386406544997,17.25613593455003,6.523882775213978,98.58030168589174,52.2264944625193
3904930530,2015-04-14,3,2.0,1440,5469,1.0,0,0,3,8,1440,0,1988,0,98029,47.5753,-122.017,1980,6198,2015,4,1,0,0,0,11520,0,0,27,156427,2.51,10.307103610675039,11144,68.2339558251967,31.766044174803298,6.658926376178117,99.6974697469747,23.432343234323433,2.49,9.80519156992676,11047,66.38615281629531,33.6138471837047,7.2508398656215,99.70228064262442,25.536456577912592
6163900971,2014-06-19,3,2.0,1430,6000,1.0,0,0,5,7,1430,0,1945,0,98155,47.7564,-122.316,1630,6315,2014,6,3,0,0,0,10010,0,0,69,124531,2.48,16.52716001821175,13838,68.1508643268727,31.849135673127293,8.176812638295683,98.1925078457077,38.148015731140504,2.48,17.143465606587636,13823,68.9590238023501,31.040976197649893,9.775827429417362,98.56964422418308,37.801684193561385
7942600310,2014-07-17,2,1.0,940,5120,1.0,0,0,3,7,940,0,1909,0,98122,47.6073,-122.308,1300,5120,2014,7,3,0,0,0,6580,0,0,105,94548,1.96,34.44654683065279,17551,33.21537815630061,66.7846218436994,4.870675176352032,98.85230330853253,23.880006332119677,1.95,33.01648693828051,17176,33.65877772971637,66.34122227028362,6.536089637800748,98.60956388992037,25.23827206337418
4365700330,2014-07-30,2,1.75,930,7080,1.0,0,0,3,6,930,0,1923,2006,98106,47.5224,-122.36,1100,7680,2014,7,2,1,0,0,5580,0,0,91,94762,2.43,20.256740681998416,10747,46.417630200612706,53.58236979938729,9.329466197085837,100.42269832078749,44.035900405327155,2.5,19.96174407768895,10674,48.08038392321536,51.91961607678465,9.873452927270199,101.05257103416542,44.05843782353618
423059207,2015-02-23,3,2.0,1190,6445,1.0,0,0,3,7,1190,0,1996,0,98056,47.5057,-122.172,1920,8195,2015,2,0,0,0,0,8330,0,0,19,102196,2.51,19.700650139315567,13893,51.64368244502423,48.356317554975774,6.624963057826815,97.99134991266739,42.58920402561757,2.56,20.747436492907926,13631,51.246200607902736,48.753799392097264,7.454338464584468,97.1547942343848,43.680802172550656
3992700265,2014-08-04,3,1.0,1060,8040,1.0,0,0,4,6,1060,0,1949,0,98125,47.7121,-122.287,1300,7620,2014,8,0,0,0,0,6360,0,0,65,89983,2.18,19.775984583885343,18882,47.03408836061897,52.96591163938103,6.25,100.80028203772255,32.942005993301606,2.12,19.175038337558288,18728,45.79247434435576,54.20752565564424,6.600554974298321,100.34034541438865,33.71592019986242
7177300090,2014-05-20,3,1.5,1080,2940,1.5,0,0,4,7,1080,0,1920,0,98115,47.6832,-122.304,1400,4930,2014,5,1,0,0,0,7560,0,0,94,141013,2.36,20.038971348841685,22085,62.56938184923383,37.430618150766165,5.07985950029823,99.48958702950569,21.213527308458662,2.32,19.346653198985,21778,62.75248864405142,37.24751135594858,5.230427913543313,99.63049016040087,21.893457996248916
2540820010,2015-04-27,4,2.5,2930,8641,2.0,0,0,3,8,2930,0,2010,0,98034,47.7199,-122.246,2120,11175,2015,4,0,0,0,0,23440,0,0,5,119806,2.43,16.05333943799004,18001,61.237125332716126,38.76287466728388,6.750954198473283,99.64536699635606,34.17816241540864,2.44,17.057790319329666,18171,60.109001406469766,39.89099859353024,7.7933415340661085,99.85536782591545,35.227795674183156
5700002510,2014-06-11,5,2.5,2340,6000,2.0,0,0,4,10,2340,0,1922,0,98144,47.5764,-122.287,2350,6000,2014,6,2,0,0,0,23400,0,0,92,97953,2.26,24.435394298408,13211,47.05356417134033,52.94643582865967,4.982979222913488,99.13933472900675,31.98883461270063,2.24,23.04151393743074,12994,47.69384193467963,52.306158065320375,6.687801012009999,99.23316558830577,31.929067816918284
5201000030,2015-03-23,4,2.5,2370,41338,2.0,0,0,3,8,2370,0,1995,0,98077,47.7379,-122.052,2340,46661,2015,3,0,0,0,0,18960,0,0,20,169573,2.96,13.307618129218902,4923,94.13233458177278,5.867665418227216,4.543605045436051,99.69715956558062,31.47451963241437,2.98,14.185654756627361,4928,92.30282581189371,7.697174188106285,5.255087817117368,99.70955249569707,33.04647160068847
7631800015,2015-04-07,3,3.25,4830,57990,2.0,1,4,3,11,5480,0,1991,0,98166,47.4558,-122.371,2500,22954,2015,4,1,0,0,1,60280,5480,0,24,105013,2.51,15.282996712071395,8765,64.0529896168994,35.94701038310061,5.573970690858339,97.8699402786994,44.95686794956868,2.46,14.673185495605612,8880,63.30851558864589,36.69148441135412,6.493621545003543,97.69518681462999,45.590649418871884
2922702965,2015-01-15,3,2.0,1980,3525,1.5,0,0,4,8,1590,390,1932,0,98117,47.6847,-122.368,1760,3760,2015,1,3,0,0,0,15840,0,1,83,166029,2.29,15.29702030745872,14220,69.81104756388909,30.18895243611091,4.762847806713536,99.83316649983317,23.652819486152822,2.32,15.579379562043796,14093,70.67265234030027,29.327347659699736,4.742001293725432,99.6292707587311,24.463917091460587
1525059198,2014-05-21,3,2.25,2760,40946,2.0,0,0,5,10,2760,0,1978,0,98005,47.6501,-122.164,3030,42253,2014,5,2,0,0,0,27600,0,0,36,151297,2.35,15.897297661567492,8146,56.48061808978287,43.51938191021713,7.278904560897765,100.07012622720896,23.796166432912578,2.35,15.411255411255413,8229,55.90447288560496,44.09552711439504,8.25257574211976,99.94462463412704,24.04081955541492
1245003160,2014-05-02,4,2.25,2200,11250,1.5,0,0,5,7,1300,900,1920,0,98033,47.6845,-122.201,2320,10814,2014,5,4,0,0,0,15400,0,1,94,163786,2.29,14.715707890692858,16640,64.64853771164701,35.351462288353005,6.13177729151471,100.35475872592028,25.88212855235552,2.3,14.803502341681938,16431,65.22136010953903,34.77863989046098,6.479481641468683,100.68666848737857,27.48234559712848
3810000455,2014-09-08,4,2.25,2060,8400,1.0,0,0,3,7,1300,760,1960,0,98178,47.4984,-122.23,1990,7383,2014,9,0,0,0,0,14420,0,1,54,96875,2.82,20.090596844044004,9752,59.93050885451693,40.06949114548308,5.811326633948742,99.90720334067974,49.350423384758145,2.76,19.902357951594475,9374,62.577187463590825,37.42281253640918,7.69108659417414,99.64886790168302,47.354401259232354
7855600080,2015-03-30,3,1.75,2770,15232,1.0,0,0,3,8,1570,1200,1976,0,98006,47.5706,-122.16,2340,11400,2015,3,0,0,0,0,22160,0,1,39,185991,2.82,14.267360653577546,13727,77.46436154079466,22.535638459205337,6.640385009215646,100.15012703056432,27.042112556778815,2.81,13.709650387155165,13558,77.95756373072813,22.042436269271867,7.3147711184521,100.43854542632049,26.78619940233632
5701500030,2014-06-01,4,3.5,3480,7232,2.0,0,0,3,9,2580,900,1926,2010,98144,47.5859,-122.291,2380,5642,2014,6,6,1,0,0,31320,0,1,88,97953,2.26,24.435394298408,13211,47.05356417134033,52.94643582865967,4.982979222913488,99.13933472900675,31.98883461270063,2.24,23.04151393743074,12994,47.69384193467963,52.306158065320375,6.687801012009999,99.23316558830577,31.929067816918284
7504020400,2015-01-27,4,2.25,2360,15860,1.0,0,0,3,9,2360,0,1977,0,98074,47.6307,-122.051,2650,11798,2015,1,1,0,0,0,21240,0,0,38,229104,3.02,10.366720845184885,9070,87.03577124629757,12.96422875370244,4.483074107959744,100.24147476294245,16.24359502915366,3.03,10.087027329635095,8959,87.40808823529412,12.591911764705882,4.416132562138502,100.35249133707731,17.803799737125104
1402600570,2015-01-13,3,2.25,1580,6561,1.0,0,0,3,8,1200,380,1981,0,98058,47.4394,-122.14,1710,7241,2015,1,1,0,0,0,12640,0,1,34,106611,2.78,15.935921408835924,16692,73.01956836343044,26.980431636569556,5.35431150140261,97.63669462323647,42.85157011897796,2.74,16.106225715036956,16367,72.2486806538808,27.751319346119192,6.590114827758363,97.51918859649122,44.01041666666667
7575610760,2015-05-07,3,2.25,1620,7772,2.0,0,0,4,8,1620,0,1988,0,98003,47.3521,-122.302,1710,6455,2015,5,3,0,0,0,12960,0,0,27,67547,2.55,19.24448767833982,19289,48.22101062334889,51.77898937665112,8.09211372700373,97.76363151579788,55.309292094387416,2.53,17.855201652353518,19279,47.96962879640045,52.03037120359954,8.922079628575183,97.993265993266,55.535353535353536
8731990370,2015-04-22,4,3.0,2540,8800,1.0,0,1,3,9,1620,920,1977,0,98023,47.3204,-122.387,2540,8800,2015,4,2,0,0,0,22860,0,1,38,98057,2.84,17.422428414646312,18530,66.81093394077449,33.18906605922551,7.981084030556566,98.90960038986356,53.08845029239766,2.81,18.088104608353433,18625,64.76571428571428,35.23428571428571,8.736678507992895,98.46469418199901,51.54462953754351
5021900090,2015-03-06,5,2.75,2830,18050,1.0,0,0,5,7,1630,1200,1958,0,98040,47.5773,-122.226,2370,14250,2015,3,4,0,0,0,19810,0,1,57,190985,2.51,9.818010174647295,10179,71.95032870708546,28.049671292914535,5.143830092302178,100.51344885932669,15.986930392671683,2.49,9.62381105055039,10139,74.13847948255751,25.861520517442475,4.498525073746313,100.2252118769632,17.157589047590825
290000075,2015-02-25,3,1.0,1260,6000,1.0,0,3,3,7,1260,0,1951,0,98146,47.5058,-122.384,2020,6600,2015,2,2,0,0,0,8820,0,0,64,101051,2.8,20.73438156114403,10239,60.939156243375024,39.060843756624976,7.612875658738072,98.09803704114451,45.38649218143507,2.71,20.303089178162036,10155,59.27780144865786,40.72219855134214,9.27133130522961,98.80675038354451,49.75282686516279
2841500010,2014-09-24,4,3.0,2860,5724,1.0,0,0,3,7,1730,1130,1983,0,98108,47.5427,-122.302,2340,7200,2014,9,2,0,0,0,20020,0,1,31,90179,3.03,19.908830157754558,8612,54.59848578875513,45.40151421124488,8.936391301120759,96.30263002712583,38.9019931595707,3.04,20.018841262364578,8329,53.53791529292417,46.46208470707583,9.09441233140655,96.94831433568542,39.52716965201134
3955900830,2015-04-27,3,2.5,3460,6590,2.0,0,0,3,7,3460,0,2001,0,98056,47.4802,-122.188,2490,6312,2015,4,0,0,0,0,24220,0,0,14,102196,2.51,19.700650139315567,13893,51.64368244502423,48.356317554975774,6.624963057826815,97.99134991266739,42.58920402561757,2.56,20.747436492907926,13631,51.246200607902736,48.753799392097264,7.454338464584468,97.1547942343848,43.680802172550656
7852110140,2014-07-18,4,2.5,2580,5823,2.0,0,0,3,8,2580,0,2002,0,98065,47.5374,-121.875,2380,5823,2014,7,4,0,0,0,20640,0,0,12,175750,2.93,10.615415255925114,4953,79.75811584977721,20.241884150222788,4.1850514774702505,99.11081471601645,30.999221962876515,2.91,8.78239184647078,4755,78.93797411869701,21.06202588130299,4.645161290322581,99.65219477092828,32.369872871192136
1311400350,2014-10-09,4,1.5,2070,7245,1.0,0,0,4,7,1060,1010,1964,0,98001,47.3417,-122.281,1450,7350,2014,10,3,0,0,0,14490,0,1,50,103338,2.88,16.70823899612418,11853,78.03582680709334,21.964173192906653,7.520990889060918,99.03689573349462,55.469222537570374,2.84,16.314553990610328,11718,77.66858997475659,22.33141002524342,8.275337739049068,97.7865131732884,55.145303944967004
7773800015,2015-04-16,4,2.25,2420,11120,1.0,0,2,4,8,1620,800,1952,0,98146,47.4954,-122.366,2210,8497,2015,4,3,0,0,0,19360,0,1,63,101051,2.8,20.73438156114403,10239,60.939156243375024,39.060843756624976,7.612875658738072,98.09803704114451,45.38649218143507,2.71,20.303089178162036,10155,59.27780144865786,40.72219855134214,9.27133130522961,98.80675038354451,49.75282686516279
4123400320,2014-05-05,4,2.25,1990,7712,1.0,0,0,3,8,1210,780,1973,0,98027,47.5688,-122.087,1720,7393,2014,5,0,0,0,0,15920,0,1,41,140556,2.54,13.249890206411946,11360,71.30082050336497,28.699179496635015,4.680932365303783,100.03016439595798,34.07571263385451,2.48,13.001025458112265,11363,70.81061096219614,29.189389037803863,5.410590943975442,99.23960116829488,32.964044717494204
2725069157,2014-06-13,4,2.5,3670,54450,2.0,0,0,3,10,3670,0,1999,0,98074,47.6211,-122.016,2900,49658,2014,6,4,0,0,0,36700,0,0,15,229104,3.02,10.366720845184885,9070,87.03577124629757,12.96422875370244,4.483074107959744,100.24147476294245,16.24359502915366,3.03,10.087027329635095,8959,87.40808823529412,12.591911764705882,4.416132562138502,100.35249133707731,17.803799737125104
666000143,2014-12-29,3,3.0,1950,1983,3.0,0,0,3,9,1610,340,2009,0,98004,47.6078,-122.202,2040,2131,2014,12,0,0,0,0,17550,0,1,5,157784,2.09,16.09075919420747,17462,44.548266529191906,55.451733470808094,6.039425544695026,99.71498371335505,20.39087947882736,2.11,16.54254118709095,16773,45.298507462686565,54.701492537313435,6.137602970182156,99.6095090971507,22.202197047717128
5101408678,2014-11-20,2,1.75,2060,7192,1.0,0,0,3,7,1420,640,1940,0,98125,47.7038,-122.317,1860,7140,2014,11,3,0,0,0,14420,0,1,74,89983,2.18,19.775984583885343,18882,47.03408836061897,52.96591163938103,6.25,100.80028203772255,32.942005993301606,2.12,19.175038337558288,18728,45.79247434435576,54.20752565564424,6.600554974298321,100.34034541438865,33.71592019986242
6371000026,2015-01-22,2,2.0,1030,600,2.0,0,0,3,8,680,350,2004,0,98116,47.5788,-122.41,1120,1267,2015,1,3,0,0,0,8240,0,1,11,129924,2.05,15.481481481481483,12313,56.0263408716749,43.9736591283251,3.855525297405762,99.08641444539983,26.660576096302663,2.06,16.790914094161206,12217,55.1675732584664,44.8324267415336,4.419769214021336,99.34274850624661,28.636610537751224
2024059084,2015-03-13,4,2.75,2290,21486,1.0,0,2,5,7,2290,0,1963,0,98006,47.5515,-122.189,2540,15936,2015,3,4,0,0,0,16030,0,0,52,185991,2.82,14.267360653577546,13727,77.46436154079466,22.535638459205337,6.640385009215646,100.15012703056432,27.042112556778815,2.81,13.709650387155165,13558,77.95756373072813,22.042436269271867,7.3147711184521,100.43854542632049,26.78619940233632
7283900036,2014-08-18,3,1.0,990,10752,1.5,0,0,4,7,990,0,1929,0,98133,47.7648,-122.35,1820,7600,2014,8,0,0,0,0,6930,0,0,85,85059,2.18,19.780409147977647,22049,47.43003034828267,52.56996965171733,6.900681086745005,98.7952152014652,40.53628663003663,2.2,19.916468960063266,21780,48.4259846747035,51.57401532529649,9.163212725439678,98.85203345832132,41.53446783963081
8881900230,2014-12-02,3,2.75,2870,6600,2.0,0,2,3,8,2870,0,1984,0,98008,47.5745,-122.113,2570,7925,2014,12,1,0,0,0,22960,0,0,30,164219,2.69,15.393666045690754,9357,72.43788819875776,27.562111801242235,6.570794767842117,99.65975011155734,31.626506024096386,2.69,15.761031234506692,9349,72.46019286835613,27.53980713164387,7.243693589446886,99.19940949352714,32.716329775153305
3959400135,2014-06-02,2,1.0,1210,4800,1.0,0,0,3,8,1060,150,1950,0,98108,47.5625,-122.316,1380,4800,2014,6,0,0,0,0,9680,0,1,64,90179,3.03,19.908830157754558,8612,54.59848578875513,45.40151421124488,8.936391301120759,96.30263002712583,38.9019931595707,3.04,20.018841262364578,8329,53.53791529292417,46.46208470707583,9.09441233140655,96.94831433568542,39.52716965201134
7696610270,2014-12-29,3,1.5,1360,7488,1.0,0,0,4,7,1050,310,1975,0,98001,47.3314,-122.275,1580,7508,2014,12,0,0,0,0,9520,0,1,39,103338,2.88,16.70823899612418,11853,78.03582680709334,21.964173192906653,7.520990889060918,99.03689573349462,55.469222537570374,2.84,16.314553990610328,11718,77.66858997475659,22.33141002524342,8.275337739049068,97.7865131732884,55.145303944967004
1689400150,2015-02-06,3,2.75,2170,2738,1.5,0,0,4,9,1550,620,1930,0,98109,47.6389,-122.349,1170,1062,2015,2,4,0,0,0,19530,0,1,85,124408,1.7,27.800957442136237,15202,28.230758246465797,71.7692417535342,3.0450204638472034,99.08156134571229,20.355395827093943,1.67,27.266207687894433,14434,30.246109023997548,69.75389097600245,3.8523274478330656,99.60608676883228,22.17785452190805
5103900015,2014-06-26,3,1.5,2450,12497,1.0,0,0,4,7,2450,0,1967,0,98065,47.5317,-121.834,1560,11700,2014,6,3,0,0,0,17150,0,0,47,175750,2.93,10.615415255925114,4953,79.75811584977721,20.241884150222788,4.1850514774702505,99.11081471601645,30.999221962876515,2.91,8.78239184647078,4755,78.93797411869701,21.06202588130299,4.645161290322581,99.65219477092828,32.369872871192136
1441000350,2014-09-15,4,3.5,3180,4869,2.0,0,0,3,8,2390,790,2007,0,98055,47.4482,-122.206,2850,4500,2014,9,0,0,0,0,25440,0,1,7,90525,2.52,17.770148765734834,9457,52.904097253489425,47.09590274651058,6.387272021730695,100.09902828495389,48.560995234263785,2.46,17.95350415747497,9186,54.91396235131077,45.08603764868923,6.44159566844494,98.96273530541683,49.161224228454344
5101408735,2014-11-03,2,1.0,800,5220,1.0,0,0,3,6,800,0,1943,0,98125,47.7037,-122.32,1910,5376,2014,11,0,0,0,0,4800,0,0,71,89983,2.18,19.775984583885343,18882,47.03408836061897,52.96591163938103,6.25,100.80028203772255,32.942005993301606,2.12,19.175038337558288,18728,45.79247434435576,54.20752565564424,6.600554974298321,100.34034541438865,33.71592019986242
3126059027,2015-03-18,4,3.5,4700,13730,2.0,0,3,3,11,3500,1200,1958,1995,98033,47.6899,-122.217,3210,15306,2015,3,2,1,0,1,51700,0,1,57,163786,2.29,14.715707890692858,16640,64.64853771164701,35.351462288353005,6.13177729151471,100.35475872592028,25.88212855235552,2.3,14.803502341681938,16431,65.22136010953903,34.77863989046098,6.479481641468683,100.68666848737857,27.48234559712848
2320069014,2014-07-09,3,2.0,2660,192099,1.0,0,0,4,9,2660,0,1964,0,98022,47.2098,-122.016,2570,43561,2014,7,2,0,0,0,23940,0,0,50,112818,2.51,14.782116581777025,9214,71.14731044181414,28.85268955818587,6.198934280639431,94.7731755424063,59.927679158448385,2.52,13.98300218215229,9049,70.50333969465649,29.496660305343514,7.5844202251206,95.85578394199428,61.64438235881061
9541600015,2015-02-11,4,2.25,2010,15375,1.0,0,0,4,8,2010,0,1957,0,98005,47.5956,-122.174,1930,15375,2015,2,2,0,0,0,16080,0,0,58,151297,2.35,15.897297661567492,8146,56.48061808978287,43.51938191021713,7.278904560897765,100.07012622720896,23.796166432912578,2.35,15.411255411255413,8229,55.90447288560496,44.09552711439504,8.25257574211976,99.94462463412704,24.04081955541492
8682320420,2015-04-27,2,2.5,2170,6361,1.0,0,2,3,8,2170,0,2009,0,98053,47.7109,-122.017,2310,7419,2015,4,0,0,0,0,17360,0,0,6,171822,2.69,9.269278791842558,8377,85.93194514982224,14.068054850177756,4.442119280890326,99.83973288814691,26.8313856427379,2.67,10.823743185947912,8200,82.85419620987496,17.145803790125047,5.704032486542639,99.89091900736297,26.56803926915735
1562200090,2014-10-17,4,2.5,2090,7290,1.0,0,0,5,8,1420,670,1966,0,98007,47.624,-122.142,2110,8436,2014,10,4,0,0,0,16720,0,1,48,118634,2.48,20.499565396404225,11154,35.96800304732883,64.03199695267118,5.613278442135529,98.00031408679266,22.378683976338795,2.46,20.650383547461058,10912,35.5564209911401,64.4435790088599,7.187732216442614,98.34565872363737,24.130375239660367
3395070980,2015-03-27,5,3.25,2820,3275,2.0,0,0,3,8,2230,590,2006,0,98118,47.5339,-122.284,2610,3275,2015,3,4,0,0,0,22560,0,1,9,106930,2.75,18.80646044347112,17060,56.44829520663217,43.551704793367826,9.809241901003125,97.62032677053377,37.58809215308283,2.76,18.663888888888888,16861,55.8023285244242,44.1976714755758,10.945570971184631,97.02670100740065,37.2020995663939
7349600230,2014-07-29,3,2.25,1640,6044,2.0,0,0,3,7,1640,0,1996,0,98002,47.2844,-122.205,1600,7418,2014,7,1,0,0,0,11480,0,0,18,68040,2.64,18.596016244440147,13738,50.49263025143848,49.50736974856152,8.921506062539885,96.5053019824804,61.71046565237437,2.61,18.7400560648534,13981,49.973103819257666,50.026896180742334,11.200844877927564,96.62962288212789,60.11568591728912
522049122,2015-04-02,4,1.75,1320,7694,1.0,0,0,3,7,1320,0,1928,1972,98148,47.4297,-122.325,1620,8468,2015,4,3,1,0,0,9240,0,0,87,81431,2.49,20.801797540208135,4634,39.694835680751176,60.305164319248824,5.8074923821473385,96.5266676355181,52.01278883883157,2.46,21.21500893388922,4554,42.75695284159613,57.24304715840387,8.75373527860784,96.37251998815518,55.13769618004146
869700060,2014-07-29,3,2.5,1260,2767,2.0,0,0,3,8,1260,0,1999,0,98059,47.4914,-122.155,1310,2767,2014,7,1,0,0,0,10080,0,0,15,126846,2.75,13.177344215208938,13637,79.87440417643943,20.125595823560566,4.938333752831613,99.5200838844975,40.75657364090983,2.79,13.745595489781536,13401,78.51442602823818,21.485573971761816,6.100010041168792,99.15702883205734,41.01237986642776
811000055,2014-09-25,4,3.0,3260,4500,2.0,0,0,3,9,2300,960,1930,2014,98109,47.6314,-122.353,2410,4995,2014,9,3,1,0,0,29340,0,1,84,124408,1.7,27.800957442136237,15202,28.230758246465797,71.7692417535342,3.0450204638472034,99.08156134571229,20.355395827093943,1.67,27.266207687894433,14434,30.246109023997548,69.75389097600245,3.8523274478330656,99.60608676883228,22.17785452190805
1221059176,2015-03-11,4,2.75,2200,211729,1.0,0,0,3,7,1410,790,1989,0,98092,47.3224,-122.122,2240,58806,2015,3,2,0,0,0,15400,0,1,26,112735,2.77,17.21767115272089,16100,70.074142116659,29.92585788334099,8.37161127623165,98.55946766114585,47.855654272238674,2.7,17.027911100241507,15769,70.4232874883162,29.5767125116838,8.278795811518325,98.43809669288933,49.83960895134805
1523059103,2014-09-26,4,2.5,2570,22215,2.0,0,0,5,7,2570,0,1958,0,98059,47.4833,-122.157,2460,6533,2014,9,4,0,0,0,17990,0,0,56,126846,2.75,13.177344215208938,13637,79.87440417643943,20.125595823560566,4.938333752831613,99.5200838844975,40.75657364090983,2.79,13.745595489781536,13401,78.51442602823818,21.485573971761816,6.100010041168792,99.15702883205734,41.01237986642776
2025760210,2014-06-11,4,2.75,4140,24190,2.0,0,0,3,11,4140,0,2002,0,98092,47.3062,-122.15,3950,24190,2014,6,2,0,0,1,45540,0,0,12,112735,2.77,17.21767115272089,16100,70.074142116659,29.92585788334099,8.37161127623165,98.55946766114585,47.855654272238674,2.7,17.027911100241507,15769,70.4232874883162,29.5767125116838,8.278795811518325,98.43809669288933,49.83960895134805
9218400088,2014-11-19,5,1.0,1810,11205,1.5,0,2,3,7,1810,0,1915,0,98178,47.5099,-122.262,1860,7965,2014,11,2,0,0,0,12670,0,0,99,96875,2.82,20.090596844044004,9752,59.93050885451693,40.06949114548308,5.811326633948742,99.90720334067974,49.350423384758145,2.76,19.902357951594475,9374,62.577187463590825,37.42281253640918,7.69108659417414,99.64886790168302,47.354401259232354
8682292020,2014-09-15,2,2.0,1510,4908,1.0,0,0,3,8,1510,0,2006,0,98053,47.7196,-122.024,1440,3921,2014,9,0,0,0,0,12080,0,0,8,171822,2.69,9.269278791842558,8377,85.93194514982224,14.068054850177756,4.442119280890326,99.83973288814691,26.8313856427379,2.67,10.823743185947912,8200,82.85419620987496,17.145803790125047,5.704032486542639,99.89091900736297,26.56803926915735
2623089135,2014-06-16,3,2.5,1830,65340,1.0,0,0,3,8,1520,310,1991,0,98045,47.4553,-121.75,2100,84942,2014,6,0,0,0,0,14640,0,1,23,154803,2.6,11.896235479081142,5848,76.05357142857143,23.946428571428573,4.146459747817652,98.97304236200257,46.04522563444257,2.62,12.452140619561435,5880,76.65285534137993,23.34714465862007,4.789620468048987,98.46000993541976,46.656731246895184
3758900259,2014-05-07,4,3.5,3900,8391,2.0,0,0,3,10,3900,0,2006,0,98033,47.6979,-122.205,3820,12268,2014,5,2,0,0,0,39000,0,0,8,163786,2.29,14.715707890692858,16640,64.64853771164701,35.351462288353005,6.13177729151471,100.35475872592028,25.88212855235552,2.3,14.803502341681938,16431,65.22136010953903,34.77863989046098,6.479481641468683,100.68666848737857,27.48234559712848
524069049,2015-04-02,3,1.5,1460,78408,1.0,0,0,4,7,1460,0,1963,0,98075,47.59,-122.058,3320,7787,2015,4,3,0,0,0,10220,0,0,52,234261,3.16,10.383283441920526,7595,87.0674447007735,12.93255529922649,3.5686033224927485,99.95167414566794,21.139109423541594,3.16,11.460327261500463,7356,87.72919605077574,12.270803949224259,4.311893639956881,99.93420090656528,21.340839303991814
3121500150,2015-04-23,4,2.5,3800,22029,2.0,0,0,3,9,3800,0,1993,0,98053,47.6734,-122.026,3170,24979,2015,4,3,0,0,0,34200,0,0,22,171822,2.69,9.269278791842558,8377,85.93194514982224,14.068054850177756,4.442119280890326,99.83973288814691,26.8313856427379,2.67,10.823743185947912,8200,82.85419620987496,17.145803790125047,5.704032486542639,99.89091900736297,26.56803926915735
5581400080,2014-06-18,4,2.5,3210,14910,2.0,0,0,3,10,3210,0,1995,0,98074,47.6073,-122.062,3280,14910,2014,6,2,0,0,0,32100,0,0,19,229104,3.02,10.366720845184885,9070,87.03577124629757,12.96422875370244,4.483074107959744,100.24147476294245,16.24359502915366,3.03,10.087027329635095,8959,87.40808823529412,12.591911764705882,4.416132562138502,100.35249133707731,17.803799737125104
8087800020,2014-05-15,3,1.5,1490,8475,1.0,0,0,4,7,1490,0,1963,0,98052,47.6571,-122.133,1490,8540,2014,5,3,0,0,0,10430,0,0,51,158457,2.49,16.67975909924064,26354,53.58728109111451,46.41271890888548,5.135890711012479,99.32081320083873,22.76187437323366,2.43,16.793908754119162,26472,53.10328204716185,46.896717952838145,5.753945061367621,99.18121641257467,25.27158244343474
4070700290,2015-02-26,3,2.5,1950,3730,2.0,0,0,3,9,1950,0,1996,0,98033,47.6731,-122.199,2080,4000,2015,2,3,0,0,0,17550,0,0,19,163786,2.29,14.715707890692858,16640,64.64853771164701,35.351462288353005,6.13177729151471,100.35475872592028,25.88212855235552,2.3,14.803502341681938,16431,65.22136010953903,34.77863989046098,6.479481641468683,100.68666848737857,27.48234559712848
3296000170,2014-12-29,5,2.75,2810,13144,1.0,0,0,3,8,1440,1370,1964,0,98007,47.6199,-122.141,2480,13144,2014,12,0,0,0,0,22480,0,1,50,118634,2.48,20.499565396404225,11154,35.96800304732883,64.03199695267118,5.613278442135529,98.00031408679266,22.378683976338795,2.46,20.650383547461058,10912,35.5564209911401,64.4435790088599,7.187732216442614,98.34565872363737,24.130375239660367
9238500040,2014-06-24,3,2.5,2970,23100,1.0,0,0,3,7,1510,1460,1967,0,98072,47.7735,-122.133,2390,20300,2014,6,1,0,0,0,20790,0,1,47,157963,2.6,13.507779349363508,9217,75.10030952653904,24.899690473460964,4.844401668270773,98.9697933227345,34.97615262321145,2.6,13.562575408577382,9093,75.71628232005591,24.283717679944093,4.9586119070359755,99.31105530873737,35.92814371257485
2744600040,2014-06-14,3,1.75,1430,8865,1.0,0,0,3,7,1430,0,1950,0,98125,47.7331,-122.299,1250,8154,2014,6,5,0,0,0,10010,0,0,64,89983,2.18,19.775984583885343,18882,47.03408836061897,52.96591163938103,6.25,100.80028203772255,32.942005993301606,2.12,19.175038337558288,18728,45.79247434435576,54.20752565564424,6.600554974298321,100.34034541438865,33.71592019986242
6813600380,2014-12-24,3,3.0,2090,7440,1.5,0,0,5,7,1290,800,1922,0,98103,47.6891,-122.331,1570,4960,2014,12,2,0,0,0,14630,0,1,92,122656,2.11,22.87456037514654,24340,48.11213812347401,51.88786187652599,3.97510133178923,99.1585414718846,18.936823827968478,2.08,23.163301875522638,24335,48.10872624912034,51.89127375087966,4.7532645230375685,99.01151866677559,19.094300574571793
6140100150,2014-11-25,4,2.0,2280,7200,1.0,0,0,4,7,2280,0,1956,0,98133,47.7132,-122.355,1100,7620,2014,11,1,0,0,0,15960,0,0,58,85059,2.18,19.780409147977647,22049,47.43003034828267,52.56996965171733,6.900681086745005,98.7952152014652,40.53628663003663,2.2,19.916468960063266,21780,48.4259846747035,51.57401532529649,9.163212725439678,98.85203345832132,41.53446783963081
2201500555,2014-09-29,3,1.0,1420,10980,1.0,0,0,4,7,1200,220,1954,0,98006,47.574,-122.138,1630,9763,2014,9,0,0,0,0,9940,0,1,60,185991,2.82,14.267360653577546,13727,77.46436154079466,22.535638459205337,6.640385009215646,100.15012703056432,27.042112556778815,2.81,13.709650387155165,13558,77.95756373072813,22.042436269271867,7.3147711184521,100.43854542632049,26.78619940233632
2600110250,2015-04-30,4,2.5,2170,9796,1.0,0,0,4,8,1650,520,1980,0,98006,47.5505,-122.152,2350,9796,2015,4,3,0,0,0,17360,0,1,35,185991,2.82,14.267360653577546,13727,77.46436154079466,22.535638459205337,6.640385009215646,100.15012703056432,27.042112556778815,2.81,13.709650387155165,13558,77.95756373072813,22.042436269271867,7.3147711184521,100.43854542632049,26.78619940233632
4337000275,2015-03-17,2,1.0,740,8853,1.0,0,0,3,6,740,0,1943,0,98166,47.4793,-122.336,850,8775,2015,3,1,0,0,0,4440,0,0,72,105013,2.51,15.282996712071395,8765,64.0529896168994,35.94701038310061,5.573970690858339,97.8699402786994,44.95686794956868,2.46,14.673185495605612,8880,63.30851558864589,36.69148441135412,6.493621545003543,97.69518681462999,45.590649418871884
1186000150,2015-01-23,3,1.75,1370,2800,1.0,0,0,5,7,800,570,1982,0,98122,47.6157,-122.291,2270,3773,2015,1,4,0,0,0,9590,0,1,33,94548,1.96,34.44654683065279,17551,33.21537815630061,66.7846218436994,4.870675176352032,98.85230330853253,23.880006332119677,1.95,33.01648693828051,17176,33.65877772971637,66.34122227028362,6.536089637800748,98.60956388992037,25.23827206337418
1972201963,2014-06-16,3,2.25,1420,1282,3.0,0,0,3,8,1420,0,2006,0,98103,47.6533,-122.346,1530,1280,2014,6,0,0,0,0,11360,0,0,8,122656,2.11,22.87456037514654,24340,48.11213812347401,51.88786187652599,3.97510133178923,99.1585414718846,18.936823827968478,2.08,23.163301875522638,24335,48.10872624912034,51.89127375087966,4.7532645230375685,99.01151866677559,19.094300574571793
1105000745,2015-01-23,3,1.5,1570,10824,2.0,0,0,3,7,1570,0,1908,0,98118,47.54,-122.275,1530,8125,2015,1,4,0,0,0,10990,0,0,107,106930,2.75,18.80646044347112,17060,56.44829520663217,43.551704793367826,9.809241901003125,97.62032677053377,37.58809215308283,2.76,18.663888888888888,16861,55.8023285244242,44.1976714755758,10.945570971184631,97.02670100740065,37.2020995663939
2887700560,2015-05-07,3,2.0,2080,4549,1.0,0,0,5,7,1040,1040,1954,0,98115,47.6886,-122.309,1620,4549,2015,5,3,0,0,0,14560,0,1,61,141013,2.36,20.038971348841685,22085,62.56938184923383,37.430618150766165,5.07985950029823,99.48958702950569,21.213527308458662,2.32,19.346653198985,21778,62.75248864405142,37.24751135594858,5.230427913543313,99.63049016040087,21.893457996248916
4039700080,2015-03-17,4,1.75,1930,9310,1.0,0,0,4,9,1930,0,1968,0,98008,47.6158,-122.108,2110,10290,2015,3,1,0,0,0,17370,0,0,47,164219,2.69,15.393666045690754,9357,72.43788819875776,27.562111801242235,6.570794767842117,99.65975011155734,31.626506024096386,2.69,15.761031234506692,9349,72.46019286835613,27.53980713164387,7.243693589446886,99.19940949352714,32.716329775153305
522049104,2014-07-29,5,1.75,2340,9148,2.0,0,0,3,7,2340,0,1957,0,98198,47.4232,-122.324,1390,10019,2014,7,1,0,0,0,16380,0,0,57,76062,2.67,22.07152903355435,14123,54.47965869267103,45.52034130732896,7.476339026066727,96.01030110935024,51.96909667194929,2.66,22.372788556958557,14108,54.52003727865797,45.479962721342034,9.229583126824165,96.58536585365853,50.707716913234705
4202400078,2015-04-28,2,1.0,1410,7000,1.0,0,0,3,7,1410,0,1968,0,98055,47.4908,-122.223,1540,6000,2015,4,1,0,0,0,9870,0,0,47,90525,2.52,17.770148765734834,9457,52.904097253489425,47.09590274651058,6.387272021730695,100.09902828495389,48.560995234263785,2.46,17.95350415747497,9186,54.91396235131077,45.08603764868923,6.44159566844494,98.96273530541683,49.161224228454344
7520000695,2014-11-04,3,1.0,840,4495,1.0,0,0,3,6,840,0,1921,0,98146,47.496,-122.349,1260,7434,2014,11,1,0,0,0,5040,0,0,93,101051,2.8,20.73438156114403,10239,60.939156243375024,39.060843756624976,7.612875658738072,98.09803704114451,45.38649218143507,2.71,20.303089178162036,10155,59.27780144865786,40.72219855134214,9.27133130522961,98.80675038354451,49.75282686516279
7714000310,2014-07-19,4,2.5,2790,4650,2.0,0,0,3,8,2790,0,2004,0,98038,47.3557,-122.026,2850,4650,2014,7,5,0,0,0,22320,0,0,10,135304,2.86,12.556807332442238,12545,84.88178488178488,15.118215118215117,8.23751596956063,99.08171413361725,51.89424185963978,2.88,13.27901930178551,12318,84.63165017339085,15.368349826609151,8.409014463504876,99.04576700434153,54.23299565846599
4319200060,2014-07-09,3,2.0,2783,11177,2.0,0,0,3,8,2783,0,1910,1999,98126,47.538,-122.38,1730,8018,2014,7,2,1,0,0,22264,0,0,104,108072,2.36,17.374538643750345,10242,56.54861693210393,43.45138306789606,4.653176915203527,100.23680854939583,34.264375493351146,2.27,16.627794527561296,10016,55.87763397154776,44.12236602845224,5.641737426518615,99.87504685742846,36.67374734474572
8624700015,2014-11-12,4,3.0,2940,5763,1.0,0,0,5,8,1640,1300,1955,0,98108,47.5589,-122.295,2020,7320,2014,11,2,0,0,0,23520,0,1,59,90179,3.03,19.908830157754558,8612,54.59848578875513,45.40151421124488,8.936391301120759,96.30263002712583,38.9019931595707,3.04,20.018841262364578,8329,53.53791529292417,46.46208470707583,9.09441233140655,96.94831433568542,39.52716965201134
5104520610,2014-07-14,4,2.5,1830,4500,2.0,0,0,3,7,1830,0,2004,0,98038,47.3504,-122.005,2080,5100,2014,7,0,0,0,0,12810,0,0,10,135304,2.86,12.556807332442238,12545,84.88178488178488,15.118215118215117,8.23751596956063,99.08171413361725,51.89424185963978,2.88,13.27901930178551,12318,84.63165017339085,15.368349826609151,8.409014463504876,99.04576700434153,54.23299565846599
2354300845,2014-08-04,3,1.0,1020,6000,1.0,0,0,3,5,1020,0,1900,0,98027,47.5281,-122.031,2070,7200,2014,8,0,0,0,0,5100,0,0,114,140556,2.54,13.249890206411946,11360,71.30082050336497,28.699179496635015,4.680932365303783,100.03016439595798,34.07571263385451,2.48,13.001025458112265,11363,70.81061096219614,29.189389037803863,5.410590943975442,99.23960116829488,32.964044717494204
3824100291,2014-09-16,4,2.25,2550,10000,1.0,0,0,4,7,1560,990,1979,0,98028,47.77,-122.259,2440,10000,2014,9,1,0,0,0,17850,0,1,35,132191,2.67,13.599013968775678,8536,72.67970599227607,27.320294007723934,6.275532377227293,98.3883964544722,35.38812785388128,2.64,14.729697547035009,8635,73.22834645669292,26.77165354330709,7.076760377192209,98.22348793056686,36.54054787089775
6151800612,2015-01-07,4,1.0,1460,16638,1.0,0,0,4,6,1460,0,1975,0,98010,47.3431,-122.048,1460,16638,2015,1,2,0,0,0,8760,0,0,40,141579,2.57,13.38701560140916,2023,89.75431259801358,10.245687401986409,4.837398373983739,98.27384435342306,56.31948507899356,2.54,11.838658983761132,1978,90.11689691817216,9.883103081827842,4.036620890553475,98.94736842105263,61.702786377708975
5454200080,2014-08-11,4,1.75,2630,9645,1.0,0,0,4,9,2630,0,1963,0,98040,47.5459,-122.228,2690,10439,2014,8,0,0,0,0,23670,0,0,51,190985,2.51,9.818010174647295,10179,71.95032870708546,28.049671292914535,5.143830092302178,100.51344885932669,15.986930392671683,2.49,9.62381105055039,10139,74.13847948255751,25.861520517442475,4.498525073746313,100.2252118769632,17.157589047590825
6413600290,2014-05-09,3,1.0,1030,6127,1.0,0,0,3,7,880,150,1947,0,98125,47.7192,-122.32,1610,6127,2014,5,4,0,0,0,7210,0,1,67,89983,2.18,19.775984583885343,18882,47.03408836061897,52.96591163938103,6.25,100.80028203772255,32.942005993301606,2.12,19.175038337558288,18728,45.79247434435576,54.20752565564424,6.600554974298321,100.34034541438865,33.71592019986242
2131200065,2014-12-11,3,1.75,1460,7361,1.0,0,0,3,6,1460,0,1982,0,98019,47.7436,-121.979,1460,7505,2014,12,3,0,0,0,8760,0,0,32,149479,2.7,12.106593154146566,4391,82.10296260320544,17.89703739679456,7.84727863525589,98.49849849849849,41.80999180999181,2.75,12.650887573964498,4151,85.6704980842912,14.329501915708812,9.496822943499913,98.77597495018503,47.3242243097068
1459920010,2015-03-23,3,2.0,1451,7159,1.0,0,0,3,7,1451,0,2010,0,98042,47.3754,-122.163,2303,6126,2015,3,0,0,0,0,10157,0,0,5,122709,2.84,14.728895746087723,16573,81.84237202230106,18.157627977698937,5.7493896195951795,98.46322368633011,50.75872289700055,2.8,15.359349774536549,16818,82.74386406544997,17.25613593455003,6.523882775213978,98.58030168589174,52.2264944625193
50300090,2014-08-11,4,3.0,3000,10297,2.0,0,0,3,8,3000,0,2003,0,98042,47.3684,-122.073,2520,8366,2014,8,0,0,0,0,24000,0,0,11,122709,2.84,14.728895746087723,16573,81.84237202230106,18.157627977698937,5.7493896195951795,98.46322368633011,50.75872289700055,2.8,15.359349774536549,16818,82.74386406544997,17.25613593455003,6.523882775213978,98.58030168589174,52.2264944625193
2326300090,2014-06-04,3,1.75,2090,4725,2.0,0,0,3,7,1610,480,1947,2013,98199,47.657,-122.394,1280,4725,2014,6,2,1,0,0,14630,0,1,67,168132,2.27,15.401888530631044,9920,62.062574948217595,37.937425051782405,4.147350993377484,99.1690635985938,22.416107382550337,2.24,15.287600188590286,9908,63.396185047138786,36.603814952861214,4.887626368117638,99.1062108559499,21.711899791231733
7714000070,2015-02-05,4,2.5,2790,4650,2.0,0,0,3,8,2790,0,2004,0,98038,47.3556,-122.026,2820,4650,2015,2,3,0,0,0,22320,0,0,11,135304,2.86,12.556807332442238,12545,84.88178488178488,15.118215118215117,8.23751596956063,99.08171413361725,51.89424185963978,2.88,13.27901930178551,12318,84.63165017339085,15.368349826609151,8.409014463504876,99.04576700434153,54.23299565846599
3630180500,2014-10-06,5,3.5,4350,6218,2.0,0,2,3,10,3520,830,2007,0,98027,47.5396,-121.997,3260,5989,2014,10,0,0,0,0,43500,0,1,7,140556,2.54,13.249890206411946,11360,71.30082050336497,28.699179496635015,4.680932365303783,100.03016439595798,34.07571263385451,2.48,13.001025458112265,11363,70.81061096219614,29.189389037803863,5.410590943975442,99.23960116829488,32.964044717494204
1727850340,2014-09-29,4,2.75,3200,13729,2.0,0,0,3,11,3200,0,1984,0,98005,47.6402,-122.171,4050,16921,2014,9,0,0,0,1,35200,0,0,30,151297,2.35,15.897297661567492,8146,56.48061808978287,43.51938191021713,7.278904560897765,100.07012622720896,23.796166432912578,2.35,15.411255411255413,8229,55.90447288560496,44.09552711439504,8.25257574211976,99.94462463412704,24.04081955541492
8691430330,2014-08-31,5,3.25,4100,7578,2.0,0,2,3,10,4100,0,2011,0,98075,47.5955,-121.974,3710,8156,2014,8,6,0,0,0,41000,0,0,3,234261,3.16,10.383283441920526,7595,87.0674447007735,12.93255529922649,3.5686033224927485,99.95167414566794,21.139109423541594,3.16,11.460327261500463,7356,87.72919605077574,12.270803949224259,4.311893639956881,99.93420090656528,21.340839303991814
2310030390,2015-04-29,3,1.75,1180,6260,1.0,0,0,4,8,1180,0,1993,0,98038,47.3531,-122.048,1580,7272,2015,4,2,0,0,0,9440,0,0,22,135304,2.86,12.556807332442238,12545,84.88178488178488,15.118215118215117,8.23751596956063,99.08171413361725,51.89424185963978,2.88,13.27901930178551,12318,84.63165017339085,15.368349826609151,8.409014463504876,99.04576700434153,54.23299565846599
5561400610,2014-10-19,5,3.5,2730,42500,1.0,0,0,3,8,1530,1200,1989,0,98027,47.4587,-121.996,3180,37970,2014,10,6,0,0,0,21840,0,1,25,140556,2.54,13.249890206411946,11360,71.30082050336497,28.699179496635015,4.680932365303783,100.03016439595798,34.07571263385451,2.48,13.001025458112265,11363,70.81061096219614,29.189389037803863,5.410590943975442,99.23960116829488,32.964044717494204
7010701016,2015-02-09,1,1.0,1080,5000,1.5,0,0,3,7,1080,0,1948,0,98199,47.6603,-122.394,1620,4000,2015,2,0,0,0,0,7560,0,0,67,168132,2.27,15.401888530631044,9920,62.062574948217595,37.937425051782405,4.147350993377484,99.1690635985938,22.416107382550337,2.24,15.287600188590286,9908,63.396185047138786,36.603814952861214,4.887626368117638,99.1062108559499,21.711899791231733
7883605915,2015-05-08,3,1.0,1020,6000,1.5,0,0,3,7,1020,0,1900,0,98108,47.5254,-122.318,1240,6000,2015,5,4,0,0,0,7140,0,0,115,90179,3.03,19.908830157754558,8612,54.59848578875513,45.40151421124488,8.936391301120759,96.30263002712583,38.9019931595707,3.04,20.018841262364578,8329,53.53791529292417,46.46208470707583,9.09441233140655,96.94831433568542,39.52716965201134
1282300995,2015-02-22,3,2.25,1310,915,2.0,0,0,3,7,1060,250,2007,0,98144,47.5738,-122.293,1500,1215,2015,2,6,0,0,0,9170,0,1,8,97953,2.26,24.435394298408,13211,47.05356417134033,52.94643582865967,4.982979222913488,99.13933472900675,31.98883461270063,2.24,23.04151393743074,12994,47.69384193467963,52.306158065320375,6.687801012009999,99.23316558830577,31.929067816918284
4040700310,2014-08-05,4,1.75,1980,7840,1.0,0,0,4,7,990,990,1961,0,98008,47.6226,-122.115,1520,8400,2014,8,1,0,0,0,13860,0,1,53,164219,2.69,15.393666045690754,9357,72.43788819875776,27.562111801242235,6.570794767842117,99.65975011155734,31.626506024096386,2.69,15.761031234506692,9349,72.46019286835613,27.53980713164387,7.243693589446886,99.19940949352714,32.716329775153305
3353400435,2014-07-21,3,2.0,1450,11204,1.0,0,0,3,7,1450,0,2003,0,98001,47.2639,-122.252,1520,9518,2014,7,0,0,0,0,10150,0,0,11,103338,2.88,16.70823899612418,11853,78.03582680709334,21.964173192906653,7.520990889060918,99.03689573349462,55.469222537570374,2.84,16.314553990610328,11718,77.66858997475659,22.33141002524342,8.275337739049068,97.7865131732884,55.145303944967004
2143701015,2014-12-10,4,3.25,2510,7686,2.0,0,0,3,9,2510,0,2003,0,98055,47.4785,-122.228,2510,6732,2014,12,2,0,0,0,22590,0,0,11,90525,2.52,17.770148765734834,9457,52.904097253489425,47.09590274651058,6.387272021730695,100.09902828495389,48.560995234263785,2.46,17.95350415747497,9186,54.91396235131077,45.08603764868923,6.44159566844494,98.96273530541683,49.161224228454344
255450020,2014-09-18,3,2.5,2420,4725,2.0,0,0,3,8,2420,0,2014,0,98038,47.371,-122.018,2370,4200,2014,9,3,0,0,0,19360,0,0,0,135304,2.86,12.556807332442238,12545,84.88178488178488,15.118215118215117,8.23751596956063,99.08171413361725,51.89424185963978,2.88,13.27901930178551,12318,84.63165017339085,15.368349826609151,8.409014463504876,99.04576700434153,54.23299565846599
1020069017,2015-03-27,4,1.0,1300,211729,1.0,0,3,4,6,1300,0,1920,0,98022,47.2313,-122.023,2560,425581,2015,3,4,0,0,0,7800,0,0,95,112818,2.51,14.782116581777025,9214,71.14731044181414,28.85268955818587,6.198934280639431,94.7731755424063,59.927679158448385,2.52,13.98300218215229,9049,70.50333969465649,29.496660305343514,7.5844202251206,95.85578394199428,61.64438235881061
4038200120,2014-08-25,5,1.75,2120,8625,1.0,0,0,3,7,1200,920,1959,0,98008,47.6118,-122.131,1930,8625,2014,8,0,0,0,0,14840,0,1,55,164219,2.69,15.393666045690754,9357,72.43788819875776,27.562111801242235,6.570794767842117,99.65975011155734,31.626506024096386,2.69,15.761031234506692,9349,72.46019286835613,27.53980713164387,7.243693589446886,99.19940949352714,32.716329775153305
9284801100,2015-01-05,3,1.5,1060,5750,1.0,0,0,2,7,1060,0,1981,0,98126,47.5532,-122.372,1060,5750,2015,1,0,0,0,0,7420,0,0,34,108072,2.36,17.374538643750345,10242,56.54861693210393,43.45138306789606,4.653176915203527,100.23680854939583,34.264375493351146,2.27,16.627794527561296,10016,55.87763397154776,44.12236602845224,5.641737426518615,99.87504685742846,36.67374734474572
1965200075,2015-03-16,3,1.75,1600,2538,2.0,0,0,3,7,1600,0,1929,0,98102,47.6447,-122.327,1660,1750,2015,3,0,0,0,0,11200,0,0,86,114026,1.64,32.88064183586572,15038,28.637943015983318,71.36205698401668,4.007043005015473,99.6177954441217,19.624929929164754,1.61,33.5729757131665,14696,28.04420202592619,71.9557979740738,4.6355078809106836,99.60608964122218,19.620994357500265
847100047,2014-09-17,4,2.75,3220,9825,2.0,0,0,3,8,3220,0,2012,0,98059,47.4863,-122.143,2820,8566,2014,9,2,0,0,0,25760,0,0,2,126846,2.75,13.177344215208938,13637,79.87440417643943,20.125595823560566,4.938333752831613,99.5200838844975,40.75657364090983,2.79,13.745595489781536,13401,78.51442602823818,21.485573971761816,6.100010041168792,99.15702883205734,41.01237986642776
4038700720,2014-09-18,5,2.25,1950,8025,1.0,0,2,3,7,1150,800,1960,0,98008,47.6159,-122.114,1780,8560,2014,9,3,0,0,0,13650,0,1,54,164219,2.69,15.393666045690754,9357,72.43788819875776,27.562111801242235,6.570794767842117,99.65975011155734,31.626506024096386,2.69,15.761031234506692,9349,72.46019286835613,27.53980713164387,7.243693589446886,99.19940949352714,32.716329775153305
6815100085,2014-12-24,4,2.0,3100,8000,1.5,0,0,5,7,2040,1060,1939,0,98103,47.6852,-122.329,1650,4000,2014,12,2,0,0,0,21700,0,1,75,122656,2.11,22.87456037514654,24340,48.11213812347401,51.88786187652599,3.97510133178923,99.1585414718846,18.936823827968478,2.08,23.163301875522638,24335,48.10872624912034,51.89127375087966,4.7532645230375685,99.01151866677559,19.094300574571793
2508000020,2014-08-19,2,1.0,750,6350,1.0,0,0,3,5,750,0,1920,0,98103,47.6938,-122.356,920,6350,2014,8,1,0,0,0,3750,0,0,94,122656,2.11,22.87456037514654,24340,48.11213812347401,51.88786187652599,3.97510133178923,99.1585414718846,18.936823827968478,2.08,23.163301875522638,24335,48.10872624912034,51.89127375087966,4.7532645230375685,99.01151866677559,19.094300574571793
255520180,2014-12-18,3,2.5,4040,8653,2.0,0,0,3,9,2900,1140,2006,0,98019,47.7378,-121.975,3360,8653,2014,12,3,0,0,0,36360,0,1,8,149479,2.7,12.106593154146566,4391,82.10296260320544,17.89703739679456,7.84727863525589,98.49849849849849,41.80999180999181,2.75,12.650887573964498,4151,85.6704980842912,14.329501915708812,9.496822943499913,98.77597495018503,47.3242243097068
6822100750,2015-05-08,3,1.75,1500,6000,1.0,0,0,5,7,850,650,1940,0,98199,47.6474,-122.402,1700,6000,2015,5,4,0,0,0,10500,0,1,75,168132,2.27,15.401888530631044,9920,62.062574948217595,37.937425051782405,4.147350993377484,99.1690635985938,22.416107382550337,2.24,15.287600188590286,9908,63.396185047138786,36.603814952861214,4.887626368117638,99.1062108559499,21.711899791231733
869700050,2015-01-20,3,2.5,1490,4078,2.0,0,0,3,8,1490,0,1998,0,98059,47.4915,-122.155,1310,2767,2015,1,1,0,0,0,11920,0,0,17,126846,2.75,13.177344215208938,13637,79.87440417643943,20.125595823560566,4.938333752831613,99.5200838844975,40.75657364090983,2.79,13.745595489781536,13401,78.51442602823818,21.485573971761816,6.100010041168792,99.15702883205734,41.01237986642776
1775801405,2014-12-16,4,2.5,2390,38258,2.0,0,0,3,8,2390,0,2001,0,98072,47.7433,-122.094,1960,17113,2014,12,1,0,0,0,19120,0,0,13,157963,2.6,13.507779349363508,9217,75.10030952653904,24.899690473460964,4.844401668270773,98.9697933227345,34.97615262321145,2.6,13.562575408577382,9093,75.71628232005591,24.283717679944093,4.9586119070359755,99.31105530873737,35.92814371257485
6600400090,2015-01-13,3,1.0,1640,9750,1.0,0,0,3,7,1640,0,1968,0,98042,47.3256,-122.141,1200,9750,2015,1,1,0,0,0,11480,0,0,47,122709,2.84,14.728895746087723,16573,81.84237202230106,18.157627977698937,5.7493896195951795,98.46322368633011,50.75872289700055,2.8,15.359349774536549,16818,82.74386406544997,17.25613593455003,6.523882775213978,98.58030168589174,52.2264944625193
7202330270,2015-03-03,3,2.5,1440,4473,2.0,0,0,3,7,1440,0,2003,0,98053,47.6825,-122.036,1650,3322,2015,3,1,0,0,0,10080,0,0,12,171822,2.69,9.269278791842558,8377,85.93194514982224,14.068054850177756,4.442119280890326,99.83973288814691,26.8313856427379,2.67,10.823743185947912,8200,82.85419620987496,17.145803790125047,5.704032486542639,99.89091900736297,26.56803926915735
1683400165,2015-04-30,7,4.0,2960,2665,2.0,0,0,3,9,1950,1010,1927,2013,98144,47.5835,-122.313,1970,4410,2015,4,3,1,0,0,26640,0,1,88,97953,2.26,24.435394298408,13211,47.05356417134033,52.94643582865967,4.982979222913488,99.13933472900675,31.98883461270063,2.24,23.04151393743074,12994,47.69384193467963,52.306158065320375,6.687801012009999,99.23316558830577,31.929067816918284
2625069070,2015-04-10,4,3.25,4830,181319,2.5,0,0,3,9,4860,0,1993,0,98074,47.6179,-122.005,3850,181319,2015,4,4,0,0,0,43740,0,0,22,229104,3.02,10.366720845184885,9070,87.03577124629757,12.96422875370244,4.483074107959744,100.24147476294245,16.24359502915366,3.03,10.087027329635095,8959,87.40808823529412,12.591911764705882,4.416132562138502,100.35249133707731,17.803799737125104
7625702440,2014-12-30,3,1.75,1480,800,2.0,0,0,3,8,1000,480,2014,0,98136,47.5493,-122.387,1480,1143,2014,12,1,0,0,0,11840,0,1,0,144659,2.13,15.69451876767831,7483,65.10981373366694,34.89018626633305,3.7052720728350628,99.55093555093555,32.71517671517671,2.14,17.20172866183053,7488,65.71508929827029,34.284910701729714,5.032728833565833,98.98634497780012,33.358465276032504
3388000640,2015-03-18,3,1.5,1280,7742,1.0,0,0,4,7,1280,0,1962,0,98031,47.3947,-122.197,1450,8316,2015,3,2,0,0,0,8960,0,0,53,98657,2.97,17.82141658274589,12676,64.00824742268041,35.99175257731959,8.799066842478954,97.82912276247302,50.04020143032457,2.99,17.766172506738545,12903,63.46782097353806,36.53217902646194,10.101061398608502,97.60154576385098,48.943588020330154
1899400365,2014-06-20,3,2.0,1510,7884,1.0,0,0,3,6,1510,0,1942,2014,98166,47.4683,-122.348,1050,7620,2014,6,4,1,0,0,9060,0,0,72,105013,2.51,15.282996712071395,8765,64.0529896168994,35.94701038310061,5.573970690858339,97.8699402786994,44.95686794956868,2.46,14.673185495605612,8880,63.30851558864589,36.69148441135412,6.493621545003543,97.69518681462999,45.590649418871884
6899990200,2014-07-02,4,3.0,3550,12327,1.5,0,0,4,10,2180,1370,1990,0,98011,47.7533,-122.205,3170,12937,2014,7,2,0,0,0,35500,0,1,24,124418,2.46,15.247978855721392,13329,65.2180746561886,34.781925343811395,6.342825237297599,99.00660763248978,39.452510450847306,2.46,15.129648719371977,13089,66.21599871237727,33.78400128762273,7.092279579716767,99.87127028642361,40.38435014482093
5569700020,2014-07-30,4,2.5,3230,19193,1.0,0,3,4,8,2000,1230,1973,0,98075,47.5755,-122.07,3230,13420,2014,7,2,0,0,0,25840,0,1,41,234261,3.16,10.383283441920526,7595,87.0674447007735,12.93255529922649,3.5686033224927485,99.95167414566794,21.139109423541594,3.16,11.460327261500463,7356,87.72919605077574,12.270803949224259,4.311893639956881,99.93420090656528,21.340839303991814
986000045,2014-10-07,4,1.75,2020,10332,1.0,0,0,3,7,1010,1010,1954,0,98168,47.5059,-122.303,2240,8379,2014,10,1,0,0,0,14140,0,1,60,77935,2.8,20.49963262307127,12139,52.17844124283978,47.82155875716022,8.562583961217218,96.41425186805176,54.26006925460178,2.89,20.8829290342022,12234,50.7457509538675,49.2542490461325,11.205219182785854,97.16754897968418,53.68535360390933
3293700221,2014-10-21,3,1.0,1260,7660,1.0,0,0,3,6,1260,0,1947,0,98133,47.7476,-122.35,1990,7861,2014,10,1,0,0,0,7560,0,0,67,85059,2.18,19.780409147977647,22049,47.43003034828267,52.56996965171733,6.900681086745005,98.7952152014652,40.53628663003663,2.2,19.916468960063266,21780,48.4259846747035,51.57401532529649,9.163212725439678,98.85203345832132,41.53446783963081
3764800250,2015-01-05,4,2.0,1180,7275,1.0,0,0,3,7,1180,0,1965,0,98034,47.7301,-122.2,1210,7275,2015,1,0,0,0,0,8260,0,0,50,119806,2.43,16.05333943799004,18001,61.237125332716126,38.76287466728388,6.750954198473283,99.64536699635606,34.17816241540864,2.44,17.057790319329666,18171,60.109001406469766,39.89099859353024,7.7933415340661085,99.85536782591545,35.227795674183156
2291400566,2014-08-07,4,1.0,1450,6820,1.5,0,0,3,6,1450,0,1947,0,98133,47.7061,-122.347,1450,6820,2014,8,3,0,0,0,8700,0,0,67,85059,2.18,19.780409147977647,22049,47.43003034828267,52.56996965171733,6.900681086745005,98.7952152014652,40.53628663003663,2.2,19.916468960063266,21780,48.4259846747035,51.57401532529649,9.163212725439678,98.85203345832132,41.53446783963081
4219401236,2014-05-20,3,1.75,3400,8965,1.0,0,2,5,9,1820,1580,1957,0,98105,47.6569,-122.273,3200,8500,2014,5,1,0,0,0,30600,0,1,57,75214,2.39,34.427767354596625,16374,36.709440879926674,63.29055912007333,10.222291797119599,99.00454237943366,17.87474630327631,2.36,35.428375934705045,16197,36.734693877551024,63.26530612244898,9.713006949079345,99.13663286818593,17.643810862363214
4239400840,2014-10-29,3,1.0,1090,3523,1.0,0,0,4,6,1090,0,1969,0,98092,47.3161,-122.182,1030,3200,2014,10,2,0,0,0,6540,0,0,45,112735,2.77,17.21767115272089,16100,70.074142116659,29.92585788334099,8.37161127623165,98.55946766114585,47.855654272238674,2.7,17.027911100241507,15769,70.4232874883162,29.5767125116838,8.278795811518325,98.43809669288933,49.83960895134805
7211400990,2015-03-03,2,1.0,860,5000,1.0,0,0,3,6,860,0,1915,1945,98146,47.5133,-122.356,1220,5000,2015,3,1,1,0,0,5160,0,0,100,101051,2.8,20.73438156114403,10239,60.939156243375024,39.060843756624976,7.612875658738072,98.09803704114451,45.38649218143507,2.71,20.303089178162036,10155,59.27780144865786,40.72219855134214,9.27133130522961,98.80675038354451,49.75282686516279
7696500280,2014-10-27,3,1.0,910,7194,1.0,0,0,4,7,910,0,1971,0,98001,47.3337,-122.275,1530,7200,2014,10,0,0,0,0,6370,0,0,43,103338,2.88,16.70823899612418,11853,78.03582680709334,21.964173192906653,7.520990889060918,99.03689573349462,55.469222537570374,2.84,16.314553990610328,11718,77.66858997475659,22.33141002524342,8.275337739049068,97.7865131732884,55.145303944967004
7215721070,2014-09-29,4,2.5,1800,4500,2.0,0,0,3,8,1800,0,1999,0,98075,47.5998,-122.014,1800,4500,2014,9,0,0,0,0,14400,0,0,15,234261,3.16,10.383283441920526,7595,87.0674447007735,12.93255529922649,3.5686033224927485,99.95167414566794,21.139109423541594,3.16,11.460327261500463,7356,87.72919605077574,12.270803949224259,4.311893639956881,99.93420090656528,21.340839303991814
3204850140,2014-11-12,5,2.5,2880,8216,2.0,0,0,3,8,2880,0,2001,0,98030,47.3747,-122.185,1960,7200,2014,11,2,0,0,0,23040,0,0,13,85188,3.09,19.65576092087585,12484,47.11751662971175,52.88248337028825,8.260646485377118,97.17440872714266,52.62663745696785,3.0,17.600482618203756,12534,46.087481666810454,53.91251833318954,8.848456113317134,97.94284650470073,53.155543144373084
4322200220,2015-04-21,3,2.75,3370,5350,1.5,0,1,4,7,2310,1060,1910,0,98136,47.5373,-122.39,1720,5618,2015,4,1,0,0,0,23590,0,1,105,144659,2.13,15.69451876767831,7483,65.10981373366694,34.89018626633305,3.7052720728350628,99.55093555093555,32.71517671517671,2.14,17.20172866183053,7488,65.71508929827029,34.284910701729714,5.032728833565833,98.98634497780012,33.358465276032504
2566300100,2015-03-27,5,1.75,2650,11340,1.0,0,0,3,8,2650,0,1955,0,98004,47.626000000000005,-122.213,2780,13204,2015,3,4,0,0,0,21200,0,0,60,157784,2.09,16.09075919420747,17462,44.548266529191906,55.451733470808094,6.039425544695026,99.71498371335505,20.39087947882736,2.11,16.54254118709095,16773,45.298507462686565,54.701492537313435,6.137602970182156,99.6095090971507,22.202197047717128
1944900090,2014-05-19,5,1.75,1250,10530,1.0,0,0,4,7,1250,0,1966,0,98007,47.6101,-122.138,1560,8190,2014,5,0,0,0,0,8750,0,0,48,118634,2.48,20.499565396404225,11154,35.96800304732883,64.03199695267118,5.613278442135529,98.00031408679266,22.378683976338795,2.46,20.650383547461058,10912,35.5564209911401,64.4435790088599,7.187732216442614,98.34565872363737,24.130375239660367
6648500390,2015-02-26,3,2.25,1940,6500,1.0,0,0,3,8,1440,500,1979,0,98042,47.3565,-122.149,1880,8991,2015,2,3,0,0,0,15520,0,1,36,122709,2.84,14.728895746087723,16573,81.84237202230106,18.157627977698937,5.7493896195951795,98.46322368633011,50.75872289700055,2.8,15.359349774536549,16818,82.74386406544997,17.25613593455003,6.523882775213978,98.58030168589174,52.2264944625193
7385300020,2014-06-13,5,2.5,3210,12000,1.0,0,0,4,8,1830,1380,1968,0,98007,47.6205,-122.148,2450,12000,2014,6,4,0,0,0,25680,0,1,46,118634,2.48,20.499565396404225,11154,35.96800304732883,64.03199695267118,5.613278442135529,98.00031408679266,22.378683976338795,2.46,20.650383547461058,10912,35.5564209911401,64.4435790088599,7.187732216442614,98.34565872363737,24.130375239660367
1704900135,2014-11-11,2,1.0,840,5087,1.0,0,0,3,7,840,0,1925,0,98118,47.5557,-122.278,1590,5087,2014,11,1,0,0,0,5880,0,0,89,106930,2.75,18.80646044347112,17060,56.44829520663217,43.551704793367826,9.809241901003125,97.62032677053377,37.58809215308283,2.76,18.663888888888888,16861,55.8023285244242,44.1976714755758,10.945570971184631,97.02670100740065,37.2020995663939
2877100655,2014-12-08,4,2.25,2360,2500,2.0,0,3,3,8,1520,840,2001,0,98117,47.6771,-122.358,1810,3900,2014,12,0,0,0,0,18880,0,1,13,166029,2.29,15.29702030745872,14220,69.81104756388909,30.18895243611091,4.762847806713536,99.83316649983317,23.652819486152822,2.32,15.579379562043796,14093,70.67265234030027,29.327347659699736,4.742001293725432,99.6292707587311,24.463917091460587
2726079098,2014-09-18,3,2.5,2840,211729,2.0,0,0,3,9,2840,0,1991,0,98014,47.702,-121.892,2820,175111,2014,9,3,0,0,0,25560,0,0,23,149028,2.67,15.914655473941938,2760,80.12255840674071,19.877441593259288,5.053892215568863,98.49246231155779,41.447236180904525,2.71,16.475644699140403,2796,80.17309205350118,19.82690794649882,5.778769841269842,97.50727046115496,41.29621936019942
7625703800,2015-04-24,3,2.0,1300,6000,1.0,0,0,5,7,1300,0,1943,0,98136,47.5482,-122.392,1230,6000,2015,4,4,0,0,0,9100,0,0,72,144659,2.13,15.69451876767831,7483,65.10981373366694,34.89018626633305,3.7052720728350628,99.55093555093555,32.71517671517671,2.14,17.20172866183053,7488,65.71508929827029,34.284910701729714,5.032728833565833,98.98634497780012,33.358465276032504
318300040,2014-09-23,5,3.25,3990,13087,2.0,0,0,3,9,2400,1590,1991,0,98042,47.3632,-122.061,2580,13633,2014,9,1,0,0,0,35910,0,1,23,122709,2.84,14.728895746087723,16573,81.84237202230106,18.157627977698937,5.7493896195951795,98.46322368633011,50.75872289700055,2.8,15.359349774536549,16818,82.74386406544997,17.25613593455003,6.523882775213978,98.58030168589174,52.2264944625193
7922800190,2015-03-11,5,1.75,2000,8713,1.0,0,2,3,7,1000,1000,1962,0,98008,47.5882,-122.117,2040,8449,2015,3,2,0,0,0,14000,0,1,53,164219,2.69,15.393666045690754,9357,72.43788819875776,27.562111801242235,6.570794767842117,99.65975011155734,31.626506024096386,2.69,15.761031234506692,9349,72.46019286835613,27.53980713164387,7.243693589446886,99.19940949352714,32.716329775153305
2023049361,2015-03-23,2,1.0,940,6000,1.0,0,0,2,7,940,0,1954,0,98148,47.4631,-122.329,1890,8547,2015,3,0,0,0,0,6580,0,0,61,81431,2.49,20.801797540208135,4634,39.694835680751176,60.305164319248824,5.8074923821473385,96.5266676355181,52.01278883883157,2.46,21.21500893388922,4554,42.75695284159613,57.24304715840387,8.75373527860784,96.37251998815518,55.13769618004146
8946400210,2014-06-03,3,2.5,2110,4099,2.0,0,0,3,8,2110,0,2001,0,98072,47.7508,-122.17,2110,4871,2014,6,1,0,0,0,16880,0,0,13,157963,2.6,13.507779349363508,9217,75.10030952653904,24.899690473460964,4.844401668270773,98.9697933227345,34.97615262321145,2.6,13.562575408577382,9093,75.71628232005591,24.283717679944093,4.9586119070359755,99.31105530873737,35.92814371257485
6071600450,2014-11-20,4,2.25,2020,8400,1.0,0,0,4,8,1350,670,1961,0,98006,47.5488,-122.171,2060,8400,2014,11,3,0,0,0,16160,0,1,53,185991,2.82,14.267360653577546,13727,77.46436154079466,22.535638459205337,6.640385009215646,100.15012703056432,27.042112556778815,2.81,13.709650387155165,13558,77.95756373072813,22.042436269271867,7.3147711184521,100.43854542632049,26.78619940233632
4343800100,2014-10-21,3,1.75,1680,7250,1.0,0,0,3,7,930,750,1952,0,98133,47.7201,-122.35,1340,7250,2014,10,1,0,0,0,11760,0,1,62,85059,2.18,19.780409147977647,22049,47.43003034828267,52.56996965171733,6.900681086745005,98.7952152014652,40.53628663003663,2.2,19.916468960063266,21780,48.4259846747035,51.57401532529649,9.163212725439678,98.85203345832132,41.53446783963081
1443300140,2015-01-14,3,2.25,2300,35287,2.0,0,0,3,8,2300,0,1977,0,98022,47.2477,-121.937,1760,47916,2015,1,2,0,0,0,18400,0,0,38,112818,2.51,14.782116581777025,9214,71.14731044181414,28.85268955818587,6.198934280639431,94.7731755424063,59.927679158448385,2.52,13.98300218215229,9049,70.50333969465649,29.496660305343514,7.5844202251206,95.85578394199428,61.64438235881061
1024039001,2014-07-17,4,2.75,3090,16538,3.0,0,0,4,8,2590,500,1919,1987,98116,47.5803,-122.403,1500,5130,2014,7,3,1,0,0,24720,0,1,95,129924,2.05,15.481481481481483,12313,56.0263408716749,43.9736591283251,3.855525297405762,99.08641444539983,26.660576096302663,2.06,16.790914094161206,12217,55.1675732584664,44.8324267415336,4.419769214021336,99.34274850624661,28.636610537751224
2767704860,2014-07-28,3,1.75,1550,5000,1.0,0,0,3,7,1250,300,1911,2011,98107,47.6722,-122.372,1110,5000,2014,7,0,1,0,0,10850,0,1,103,131559,1.93,23.823613629855874,12707,35.71075197889182,64.28924802110818,5.1404627006610015,99.34580861098434,21.74552462092398,1.92,23.06289432176656,12416,34.91419393017161,65.0858060698284,6.3046647230320705,99.24250394529194,22.530247238295633
7234600851,2014-12-16,4,1.0,2210,4366,2.0,0,0,3,8,2210,0,1901,0,98122,47.6105,-122.309,1740,1745,2014,12,1,0,0,0,17680,0,0,113,94548,1.96,34.44654683065279,17551,33.21537815630061,66.7846218436994,4.870675176352032,98.85230330853253,23.880006332119677,1.95,33.01648693828051,17176,33.65877772971637,66.34122227028362,6.536089637800748,98.60956388992037,25.23827206337418
644200065,2015-03-06,4,2.5,2620,11200,1.0,0,0,4,8,1770,850,1962,0,98004,47.5876,-122.193,2360,11200,2015,3,4,0,0,0,20960,0,1,53,157784,2.09,16.09075919420747,17462,44.548266529191906,55.451733470808094,6.039425544695026,99.71498371335505,20.39087947882736,2.11,16.54254118709095,16773,45.298507462686565,54.701492537313435,6.137602970182156,99.6095090971507,22.202197047717128
7784400035,2014-08-13,2,1.75,2110,8700,1.0,0,4,4,9,1760,350,1960,0,98146,47.4912,-122.365,2120,9500,2014,8,2,0,0,0,18990,0,1,54,101051,2.8,20.73438156114403,10239,60.939156243375024,39.060843756624976,7.612875658738072,98.09803704114451,45.38649218143507,2.71,20.303089178162036,10155,59.27780144865786,40.72219855134214,9.27133130522961,98.80675038354451,49.75282686516279
3826000560,2014-10-02,2,1.0,1740,8100,1.0,0,0,3,6,1050,690,1947,0,98168,47.4942,-122.304,960,8100,2014,10,3,0,0,0,10440,0,1,67,77935,2.8,20.49963262307127,12139,52.17844124283978,47.82155875716022,8.562583961217218,96.41425186805176,54.26006925460178,2.89,20.8829290342022,12234,50.7457509538675,49.2542490461325,11.205219182785854,97.16754897968418,53.68535360390933
9272202260,2014-09-24,3,1.0,1200,7000,2.0,0,0,1,7,1200,0,1908,0,98116,47.5883,-122.384,3290,6000,2014,9,2,0,0,0,8400,0,0,106,129924,2.05,15.481481481481483,12313,56.0263408716749,43.9736591283251,3.855525297405762,99.08641444539983,26.660576096302663,2.06,16.790914094161206,12217,55.1675732584664,44.8324267415336,4.419769214021336,99.34274850624661,28.636610537751224
263000253,2015-03-30,3,2.25,1550,1485,3.0,0,0,3,8,1550,0,2011,0,98103,47.6989,-122.346,1550,1480,2015,3,0,0,0,0,12400,0,0,4,122656,2.11,22.87456037514654,24340,48.11213812347401,51.88786187652599,3.97510133178923,99.1585414718846,18.936823827968478,2.08,23.163301875522638,24335,48.10872624912034,51.89127375087966,4.7532645230375685,99.01151866677559,19.094300574571793
3621059043,2014-05-27,4,2.5,3250,211729,1.0,0,2,3,9,3250,0,1973,0,98092,47.2582,-122.113,1600,44287,2014,5,1,0,0,0,29250,0,0,41,112735,2.77,17.21767115272089,16100,70.074142116659,29.92585788334099,8.37161127623165,98.55946766114585,47.855654272238674,2.7,17.027911100241507,15769,70.4232874883162,29.5767125116838,8.278795811518325,98.43809669288933,49.83960895134805
240000130,2014-10-13,4,2.5,3280,16575,1.0,0,0,3,9,2190,1090,1972,0,98188,47.426,-122.285,1570,13209,2014,10,0,0,0,0,29520,0,1,42,77722,2.57,21.355714002772828,10041,42.85119667013528,57.14880332986473,8.525003709749221,99.28014754000833,56.91593789041585,2.5,21.801283022680202,10236,44.501647446457994,55.498352553542006,9.433817315817777,98.1617870838152,56.87503804248585
1352300120,2014-05-29,2,1.0,1500,4120,1.5,0,0,3,5,880,620,1928,0,98055,47.4857,-122.2,1300,4120,2014,5,3,0,0,0,7500,0,1,86,90525,2.52,17.770148765734834,9457,52.904097253489425,47.09590274651058,6.387272021730695,100.09902828495389,48.560995234263785,2.46,17.95350415747497,9186,54.91396235131077,45.08603764868923,6.44159566844494,98.96273530541683,49.161224228454344
7849200861,2014-07-14,3,1.0,1300,5782,1.0,0,0,4,6,1300,0,1959,0,98065,47.524,-121.821,1020,7200,2014,7,0,0,0,0,7800,0,0,55,175750,2.93,10.615415255925114,4953,79.75811584977721,20.241884150222788,4.1850514774702505,99.11081471601645,30.999221962876515,2.91,8.78239184647078,4755,78.93797411869701,21.06202588130299,4.645161290322581,99.65219477092828,32.369872871192136
2487700130,2015-04-06,4,2.5,2720,8000,1.0,0,0,4,7,1360,1360,1955,0,98136,47.5237,-122.391,1790,8000,2015,4,0,0,0,0,19040,0,1,60,144659,2.13,15.69451876767831,7483,65.10981373366694,34.89018626633305,3.7052720728350628,99.55093555093555,32.71517671517671,2.14,17.20172866183053,7488,65.71508929827029,34.284910701729714,5.032728833565833,98.98634497780012,33.358465276032504
1796100140,2014-07-15,3,1.5,1350,81549,1.0,0,0,2,7,1350,0,1966,0,98092,47.3099,-122.09,2220,93825,2014,7,1,0,0,0,9450,0,0,48,112735,2.77,17.21767115272089,16100,70.074142116659,29.92585788334099,8.37161127623165,98.55946766114585,47.855654272238674,2.7,17.027911100241507,15769,70.4232874883162,29.5767125116838,8.278795811518325,98.43809669288933,49.83960895134805
7234601221,2014-10-14,3,1.5,1280,2114,1.5,0,0,3,8,1280,0,1904,0,98122,47.6174,-122.308,1540,1456,2014,10,1,0,0,0,10240,0,0,110,94548,1.96,34.44654683065279,17551,33.21537815630061,66.7846218436994,4.870675176352032,98.85230330853253,23.880006332119677,1.95,33.01648693828051,17176,33.65877772971637,66.34122227028362,6.536089637800748,98.60956388992037,25.23827206337418
8651710190,2014-10-24,4,2.25,2140,10943,1.0,0,0,3,7,1550,590,1977,0,98034,47.7271,-122.215,2350,9000,2014,10,4,0,0,0,14980,0,1,37,119806,2.43,16.05333943799004,18001,61.237125332716126,38.76287466728388,6.750954198473283,99.64536699635606,34.17816241540864,2.44,17.057790319329666,18171,60.109001406469766,39.89099859353024,7.7933415340661085,99.85536782591545,35.227795674183156
2916200091,2015-03-03,4,2.5,2180,7204,2.0,0,0,3,8,2180,0,2014,0,98133,47.7221,-122.352,1500,7650,2015,3,1,0,0,0,17440,0,0,1,85059,2.18,19.780409147977647,22049,47.43003034828267,52.56996965171733,6.900681086745005,98.7952152014652,40.53628663003663,2.2,19.916468960063266,21780,48.4259846747035,51.57401532529649,9.163212725439678,98.85203345832132,41.53446783963081
1232000915,2014-05-09,3,2.0,1410,4800,1.0,0,0,3,7,1410,0,1940,0,98117,47.6852,-122.378,1190,3840,2014,5,4,0,0,0,9870,0,0,74,166029,2.29,15.29702030745872,14220,69.81104756388909,30.18895243611091,4.762847806713536,99.83316649983317,23.652819486152822,2.32,15.579379562043796,14093,70.67265234030027,29.327347659699736,4.742001293725432,99.6292707587311,24.463917091460587
1545801970,2014-05-16,3,2.0,1900,6660,1.0,0,0,5,7,950,950,1966,0,98038,47.3594,-122.054,1690,8111,2014,5,4,0,0,0,13300,0,1,48,135304,2.86,12.556807332442238,12545,84.88178488178488,15.118215118215117,8.23751596956063,99.08171413361725,51.89424185963978,2.88,13.27901930178551,12318,84.63165017339085,15.368349826609151,8.409014463504876,99.04576700434153,54.23299565846599
3211200420,2014-06-18,3,1.0,910,7700,1.0,0,0,4,7,910,0,1971,0,98034,47.7303,-122.238,1250,7700,2014,6,2,0,0,0,6370,0,0,43,119806,2.43,16.05333943799004,18001,61.237125332716126,38.76287466728388,6.750954198473283,99.64536699635606,34.17816241540864,2.44,17.057790319329666,18171,60.109001406469766,39.89099859353024,7.7933415340661085,99.85536782591545,35.227795674183156
7686204675,2015-01-29,4,1.0,1010,7515,1.0,0,0,4,6,1010,0,1955,0,98198,47.4174,-122.316,1330,7515,2015,1,3,0,0,0,6060,0,0,60,76062,2.67,22.07152903355435,14123,54.47965869267103,45.52034130732896,7.476339026066727,96.01030110935024,51.96909667194929,2.66,22.372788556958557,14108,54.52003727865797,45.479962721342034,9.229583126824165,96.58536585365853,50.707716913234705
3141600210,2014-06-19,3,2.0,1340,4320,1.0,0,0,3,5,920,420,1912,1993,98002,47.299,-122.228,980,6480,2014,6,3,1,0,0,6700,0,1,102,68040,2.64,18.596016244440147,13738,50.49263025143848,49.50736974856152,8.921506062539885,96.5053019824804,61.71046565237437,2.61,18.7400560648534,13981,49.973103819257666,50.026896180742334,11.200844877927564,96.62962288212789,60.11568591728912
3959401284,2014-06-26,3,1.5,2120,6290,1.0,0,0,4,8,1220,900,1949,0,98108,47.5658,-122.318,1620,5400,2014,6,3,0,0,0,16960,0,1,65,90179,3.03,19.908830157754558,8612,54.59848578875513,45.40151421124488,8.936391301120759,96.30263002712583,38.9019931595707,3.04,20.018841262364578,8329,53.53791529292417,46.46208470707583,9.09441233140655,96.94831433568542,39.52716965201134
2113700825,2014-07-31,3,1.0,970,4700,1.0,0,0,4,6,720,250,1943,0,98106,47.5285,-122.354,1560,4600,2014,7,3,0,0,0,5820,0,1,71,94762,2.43,20.256740681998416,10747,46.417630200612706,53.58236979938729,9.329466197085837,100.42269832078749,44.035900405327155,2.5,19.96174407768895,10674,48.08038392321536,51.91961607678465,9.873452927270199,101.05257103416542,44.05843782353618
3876000710,2014-12-18,3,2.0,1440,7425,1.0,0,0,4,7,1440,0,1965,0,98034,47.7243,-122.185,1800,8344,2014,12,3,0,0,0,10080,0,0,49,119806,2.43,16.05333943799004,18001,61.237125332716126,38.76287466728388,6.750954198473283,99.64536699635606,34.17816241540864,2.44,17.057790319329666,18171,60.109001406469766,39.89099859353024,7.7933415340661085,99.85536782591545,35.227795674183156
522069022,2014-07-14,5,2.5,2950,72309,2.0,0,0,3,8,2950,0,2006,0,98058,47.4186,-122.079,1480,56192,2014,7,0,0,0,0,23600,0,0,8,106611,2.78,15.935921408835924,16692,73.01956836343044,26.980431636569556,5.35431150140261,97.63669462323647,42.85157011897796,2.74,16.106225715036956,16367,72.2486806538808,27.751319346119192,6.590114827758363,97.51918859649122,44.01041666666667
3214200070,2015-04-29,3,1.0,1210,7636,1.0,0,0,4,7,1210,0,1952,0,98118,47.5377,-122.266,1530,5900,2015,4,2,0,0,0,8470,0,0,63,106930,2.75,18.80646044347112,17060,56.44829520663217,43.551704793367826,9.809241901003125,97.62032677053377,37.58809215308283,2.76,18.663888888888888,16861,55.8023285244242,44.1976714755758,10.945570971184631,97.02670100740065,37.2020995663939
1221039156,2014-08-15,4,2.5,2180,11132,1.0,0,0,4,8,1620,560,1978,0,98023,47.3187,-122.367,1950,13801,2014,8,4,0,0,0,17440,0,1,36,98057,2.84,17.422428414646312,18530,66.81093394077449,33.18906605922551,7.981084030556566,98.90960038986356,53.08845029239766,2.81,18.088104608353433,18625,64.76571428571428,35.23428571428571,8.736678507992895,98.46469418199901,51.54462953754351
259600790,2014-10-15,3,1.75,1220,7370,1.0,0,0,4,7,1220,0,1964,0,98008,47.6334,-122.12,1580,8213,2014,10,2,0,0,0,8540,0,0,50,164219,2.69,15.393666045690754,9357,72.43788819875776,27.562111801242235,6.570794767842117,99.65975011155734,31.626506024096386,2.69,15.761031234506692,9349,72.46019286835613,27.53980713164387,7.243693589446886,99.19940949352714,32.716329775153305
785000040,2015-03-18,4,1.75,1440,8536,1.0,0,0,4,7,1440,0,1961,0,98033,47.6775,-122.18,1720,9748,2015,3,2,0,0,0,10080,0,0,54,163786,2.29,14.715707890692858,16640,64.64853771164701,35.351462288353005,6.13177729151471,100.35475872592028,25.88212855235552,2.3,14.803502341681938,16431,65.22136010953903,34.77863989046098,6.479481641468683,100.68666848737857,27.48234559712848
8138870470,2014-07-07,3,2.5,1910,2091,2.0,0,0,3,8,1910,0,2014,0,98029,47.5445,-122.013,1630,1546,2014,7,0,0,0,0,15280,0,0,0,156427,2.51,10.307103610675039,11144,68.2339558251967,31.766044174803298,6.658926376178117,99.6974697469747,23.432343234323433,2.49,9.80519156992676,11047,66.38615281629531,33.6138471837047,7.2508398656215,99.70228064262442,25.536456577912592
2596300035,2015-04-22,4,1.0,1390,9023,1.5,0,0,3,7,1390,0,1955,0,98155,47.7754,-122.296,1760,9023,2015,4,2,0,0,0,9730,0,0,60,124531,2.48,16.52716001821175,13838,68.1508643268727,31.849135673127293,8.176812638295683,98.1925078457077,38.148015731140504,2.48,17.143465606587636,13823,68.9590238023501,31.040976197649893,9.775827429417362,98.56964422418308,37.801684193561385
540100057,2015-04-28,4,3.75,3250,10949,2.0,0,0,4,9,2940,310,1930,1989,98004,47.639,-122.219,2340,15234,2015,4,1,1,0,0,29250,0,1,85,157784,2.09,16.09075919420747,17462,44.548266529191906,55.451733470808094,6.039425544695026,99.71498371335505,20.39087947882736,2.11,16.54254118709095,16773,45.298507462686565,54.701492537313435,6.137602970182156,99.6095090971507,22.202197047717128
3073500045,2014-05-07,4,2.5,3305,16164,1.5,0,0,5,7,2245,1060,1922,1956,98133,47.7563,-122.338,1620,8883,2014,5,2,1,0,0,23135,0,1,92,85059,2.18,19.780409147977647,22049,47.43003034828267,52.56996965171733,6.900681086745005,98.7952152014652,40.53628663003663,2.2,19.916468960063266,21780,48.4259846747035,51.57401532529649,9.163212725439678,98.85203345832132,41.53446783963081
5363200266,2014-06-23,3,2.0,1200,5029,1.0,0,0,3,6,880,320,1937,0,98115,47.6936,-122.294,1510,5854,2014,6,0,0,0,0,7200,0,1,77,141013,2.36,20.038971348841685,22085,62.56938184923383,37.430618150766165,5.07985950029823,99.48958702950569,21.213527308458662,2.32,19.346653198985,21778,62.75248864405142,37.24751135594858,5.230427913543313,99.63049016040087,21.893457996248916
8682261650,2014-07-10,2,2.0,1670,4996,1.0,0,0,3,8,1670,0,2004,0,98053,47.7141,-122.031,1670,4996,2014,7,3,0,0,0,13360,0,0,10,171822,2.69,9.269278791842558,8377,85.93194514982224,14.068054850177756,4.442119280890326,99.83973288814691,26.8313856427379,2.67,10.823743185947912,8200,82.85419620987496,17.145803790125047,5.704032486542639,99.89091900736297,26.56803926915735
3224510080,2014-11-20,4,3.0,3350,23781,1.0,0,0,4,9,2020,1330,1979,0,98006,47.56,-122.132,2870,12036,2014,11,3,0,0,0,30150,0,1,35,185991,2.82,14.267360653577546,13727,77.46436154079466,22.535638459205337,6.640385009215646,100.15012703056432,27.042112556778815,2.81,13.709650387155165,13558,77.95756373072813,22.042436269271867,7.3147711184521,100.43854542632049,26.78619940233632
3211270160,2014-06-12,4,2.5,2470,35073,2.0,0,0,3,9,2470,0,1989,0,98092,47.3064,-122.108,2990,35259,2014,6,3,0,0,0,22230,0,0,25,112735,2.77,17.21767115272089,16100,70.074142116659,29.92585788334099,8.37161127623165,98.55946766114585,47.855654272238674,2.7,17.027911100241507,15769,70.4232874883162,29.5767125116838,8.278795811518325,98.43809669288933,49.83960895134805
9269200520,2014-10-16,1,1.0,670,4920,1.0,0,0,3,5,670,0,1920,0,98126,47.5342,-122.373,1050,4920,2014,10,3,0,0,0,3350,0,0,94,108072,2.36,17.374538643750345,10242,56.54861693210393,43.45138306789606,4.653176915203527,100.23680854939583,34.264375493351146,2.27,16.627794527561296,10016,55.87763397154776,44.12236602845224,5.641737426518615,99.87504685742846,36.67374734474572
293810190,2014-11-04,4,2.5,2400,6811,2.0,0,0,3,8,2400,0,2007,0,98059,47.4959,-122.15,2710,5314,2014,11,1,0,0,0,19200,0,0,7,126846,2.75,13.177344215208938,13637,79.87440417643943,20.125595823560566,4.938333752831613,99.5200838844975,40.75657364090983,2.79,13.745595489781536,13401,78.51442602823818,21.485573971761816,6.100010041168792,99.15702883205734,41.01237986642776
4197400043,2015-02-19,3,1.5,1690,10250,1.0,0,0,4,7,1690,0,1955,0,98166,47.4531,-122.344,1990,11084,2015,2,3,0,0,0,11830,0,0,60,105013,2.51,15.282996712071395,8765,64.0529896168994,35.94701038310061,5.573970690858339,97.8699402786994,44.95686794956868,2.46,14.673185495605612,8880,63.30851558864589,36.69148441135412,6.493621545003543,97.69518681462999,45.590649418871884
3026079031,2014-08-06,3,1.0,1410,47916,1.0,0,0,3,7,1410,0,1981,0,98019,47.7149,-121.96,1810,215622,2014,8,2,0,0,0,9870,0,0,33,149479,2.7,12.106593154146566,4391,82.10296260320544,17.89703739679456,7.84727863525589,98.49849849849849,41.80999180999181,2.75,12.650887573964498,4151,85.6704980842912,14.329501915708812,9.496822943499913,98.77597495018503,47.3242243097068
5332200405,2014-06-02,4,2.5,2460,5000,2.0,0,0,5,8,1620,840,1938,0,98112,47.6282,-122.293,2320,5000,2014,6,0,0,0,0,19680,0,1,76,153204,2.12,20.965110771983372,10930,55.615488345212874,44.38451165478713,5.323420074349442,99.23632488752072,17.546767700686715,2.12,21.08649789029536,11036,54.353054353054354,45.646945646945646,6.614844158756259,99.30969930969931,17.801567801567803
2473411210,2015-01-22,4,1.75,1660,8160,1.0,0,0,3,8,1660,0,1974,0,98058,47.4483,-122.129,1800,7684,2015,1,3,0,0,0,13280,0,0,41,106611,2.78,15.935921408835924,16692,73.01956836343044,26.980431636569556,5.35431150140261,97.63669462323647,42.85157011897796,2.74,16.106225715036956,16367,72.2486806538808,27.751319346119192,6.590114827758363,97.51918859649122,44.01041666666667
9268200315,2014-08-28,3,2.0,1870,8442,1.5,0,0,5,7,1060,810,1927,0,98117,47.6964,-122.365,1640,6174,2014,8,3,0,0,0,13090,0,1,87,166029,2.29,15.29702030745872,14220,69.81104756388909,30.18895243611091,4.762847806713536,99.83316649983317,23.652819486152822,2.32,15.579379562043796,14093,70.67265234030027,29.327347659699736,4.742001293725432,99.6292707587311,24.463917091460587
8123500050,2014-06-24,5,2.75,2730,22572,1.0,0,0,3,7,2080,650,1968,1992,98075,47.5951,-122.037,2260,15458,2014,6,1,1,0,0,19110,0,1,46,234261,3.16,10.383283441920526,7595,87.0674447007735,12.93255529922649,3.5686033224927485,99.95167414566794,21.139109423541594,3.16,11.460327261500463,7356,87.72919605077574,12.270803949224259,4.311893639956881,99.93420090656528,21.340839303991814
3221069091,2014-11-06,3,2.5,2110,208737,2.0,0,3,3,9,2110,0,1977,0,98092,47.2674,-122.072,2390,125017,2014,11,3,0,0,0,18990,0,0,37,112735,2.77,17.21767115272089,16100,70.074142116659,29.92585788334099,8.37161127623165,98.55946766114585,47.855654272238674,2.7,17.027911100241507,15769,70.4232874883162,29.5767125116838,8.278795811518325,98.43809669288933,49.83960895134805
2485000165,2014-12-15,4,2.5,2300,9900,1.0,0,2,3,8,1600,700,1961,0,98136,47.5256,-122.385,2510,7500,2014,12,0,0,0,0,18400,0,1,53,144659,2.13,15.69451876767831,7483,65.10981373366694,34.89018626633305,3.7052720728350628,99.55093555093555,32.71517671517671,2.14,17.20172866183053,7488,65.71508929827029,34.284910701729714,5.032728833565833,98.98634497780012,33.358465276032504
4058800215,2014-05-28,3,3.75,3890,7140,1.0,0,2,3,8,2390,1500,1943,2007,98178,47.5073,-122.239,1820,7320,2014,5,2,1,0,0,31120,0,1,71,96875,2.82,20.090596844044004,9752,59.93050885451693,40.06949114548308,5.811326633948742,99.90720334067974,49.350423384758145,2.76,19.902357951594475,9374,62.577187463590825,37.42281253640918,7.69108659417414,99.64886790168302,47.354401259232354
1926059039,2014-10-06,4,2.5,3320,7429,2.0,0,0,3,9,3320,0,2014,0,98034,47.7189,-122.225,1840,7429,2014,10,0,0,0,0,29880,0,0,0,119806,2.43,16.05333943799004,18001,61.237125332716126,38.76287466728388,6.750954198473283,99.64536699635606,34.17816241540864,2.44,17.057790319329666,18171,60.109001406469766,39.89099859353024,7.7933415340661085,99.85536782591545,35.227795674183156
2533300680,2014-10-07,3,2.5,2860,4500,2.0,0,2,3,8,1980,880,1915,0,98119,47.6463,-122.371,2310,4500,2014,10,1,0,0,0,22880,0,1,99,112865,1.9,25.481150100191062,12166,40.59950184660311,59.40049815339689,4.838109415705247,98.6912347167212,21.78979392686987,1.89,25.428950611432366,12075,40.114135206321336,59.885864793678664,5.074963929489995,99.02767835838702,20.561918396564067
3343903640,2015-03-13,3,1.75,1400,5648,1.5,0,0,5,6,1400,0,1917,0,98056,47.5133,-122.196,2320,9420,2015,3,4,0,0,0,8400,0,0,98,102196,2.51,19.700650139315567,13893,51.64368244502423,48.356317554975774,6.624963057826815,97.99134991266739,42.58920402561757,2.56,20.747436492907926,13631,51.246200607902736,48.753799392097264,7.454338464584468,97.1547942343848,43.680802172550656
5700003705,2014-06-19,5,2.0,3530,9385,1.5,0,0,3,9,3530,0,1925,0,98144,47.5774,-122.285,4100,9203,2014,6,3,0,0,0,31770,0,0,89,97953,2.26,24.435394298408,13211,47.05356417134033,52.94643582865967,4.982979222913488,99.13933472900675,31.98883461270063,2.24,23.04151393743074,12994,47.69384193467963,52.306158065320375,6.687801012009999,99.23316558830577,31.929067816918284
2023049372,2014-11-07,4,2.25,2670,9040,1.0,0,0,3,8,2170,500,1955,0,98148,47.4666,-122.326,1880,2648,2014,11,4,0,0,0,21360,0,1,59,81431,2.49,20.801797540208135,4634,39.694835680751176,60.305164319248824,5.8074923821473385,96.5266676355181,52.01278883883157,2.46,21.21500893388922,4554,42.75695284159613,57.24304715840387,8.75373527860784,96.37251998815518,55.13769618004146
4058800830,2015-03-18,6,3.0,3840,14040,1.5,0,3,3,8,2460,1380,1949,0,98178,47.506,-122.241,2170,6765,2015,3,2,0,0,0,30720,0,1,66,96875,2.82,20.090596844044004,9752,59.93050885451693,40.06949114548308,5.811326633948742,99.90720334067974,49.350423384758145,2.76,19.902357951594475,9374,62.577187463590825,37.42281253640918,7.69108659417414,99.64886790168302,47.354401259232354
3333002302,2015-02-13,4,2.5,1950,5602,1.0,0,0,5,7,1120,830,1966,0,98118,47.5437,-122.291,2000,6050,2015,2,4,0,0,0,13650,0,1,49,106930,2.75,18.80646044347112,17060,56.44829520663217,43.551704793367826,9.809241901003125,97.62032677053377,37.58809215308283,2.76,18.663888888888888,16861,55.8023285244242,44.1976714755758,10.945570971184631,97.02670100740065,37.2020995663939
2944500340,2014-07-21,4,2.75,2200,8580,1.0,0,0,3,8,1860,340,1991,0,98023,47.295,-122.37,2290,7816,2014,7,0,0,0,0,17600,0,1,23,98057,2.84,17.422428414646312,18530,66.81093394077449,33.18906605922551,7.981084030556566,98.90960038986356,53.08845029239766,2.81,18.088104608353433,18625,64.76571428571428,35.23428571428571,8.736678507992895,98.46469418199901,51.54462953754351
1982200790,2015-01-27,3,2.0,1490,3880,1.0,0,0,3,7,1490,0,1959,0,98107,47.662,-122.363,1490,3880,2015,1,1,0,0,0,10430,0,0,56,131559,1.93,23.823613629855874,12707,35.71075197889182,64.28924802110818,5.1404627006610015,99.34580861098434,21.74552462092398,1.92,23.06289432176656,12416,34.91419393017161,65.0858060698284,6.3046647230320705,99.24250394529194,22.530247238295633
8929000270,2014-05-12,3,2.5,2010,2287,2.0,0,0,3,8,1390,620,2014,0,98029,47.5517,-121.998,1690,1662,2014,5,0,0,0,0,16080,0,1,0,156427,2.51,10.307103610675039,11144,68.2339558251967,31.766044174803298,6.658926376178117,99.6974697469747,23.432343234323433,2.49,9.80519156992676,11047,66.38615281629531,33.6138471837047,7.2508398656215,99.70228064262442,25.536456577912592
8122101440,2014-07-08,2,1.0,800,7260,1.0,0,0,3,7,800,0,1953,0,98126,47.5359,-122.367,1010,7440,2014,7,1,0,0,0,5600,0,0,61,108072,2.36,17.374538643750345,10242,56.54861693210393,43.45138306789606,4.653176915203527,100.23680854939583,34.264375493351146,2.27,16.627794527561296,10016,55.87763397154776,44.12236602845224,5.641737426518615,99.87504685742846,36.67374734474572
7525530470,2014-07-25,3,2.5,3140,10983,2.0,0,0,3,10,3140,0,1991,0,98075,47.5595,-122.04,3140,10983,2014,7,4,0,0,0,31400,0,0,23,234261,3.16,10.383283441920526,7595,87.0674447007735,12.93255529922649,3.5686033224927485,99.95167414566794,21.139109423541594,3.16,11.460327261500463,7356,87.72919605077574,12.270803949224259,4.311893639956881,99.93420090656528,21.340839303991814
9332800020,2014-07-15,4,2.25,2290,10409,2.0,0,0,3,8,2290,0,1972,0,98005,47.6351,-122.168,2040,10409,2014,7,1,0,0,0,18320,0,0,42,151297,2.35,15.897297661567492,8146,56.48061808978287,43.51938191021713,7.278904560897765,100.07012622720896,23.796166432912578,2.35,15.411255411255413,8229,55.90447288560496,44.09552711439504,8.25257574211976,99.94462463412704,24.04081955541492
3878900525,2015-02-13,3,1.0,1200,5650,1.5,0,0,3,7,1200,0,1928,0,98178,47.5065,-122.249,1610,5650,2015,2,4,0,0,0,8400,0,0,87,96875,2.82,20.090596844044004,9752,59.93050885451693,40.06949114548308,5.811326633948742,99.90720334067974,49.350423384758145,2.76,19.902357951594475,9374,62.577187463590825,37.42281253640918,7.69108659417414,99.64886790168302,47.354401259232354
5420300210,2014-10-07,3,1.75,2090,7461,1.0,0,0,3,6,1200,890,1986,0,98030,47.3764,-122.184,1420,7462,2014,10,1,0,0,0,12540,0,1,28,85188,3.09,19.65576092087585,12484,47.11751662971175,52.88248337028825,8.260646485377118,97.17440872714266,52.62663745696785,3.0,17.600482618203756,12534,46.087481666810454,53.91251833318954,8.848456113317134,97.94284650470073,53.155543144373084
9232900165,2015-01-23,2,1.0,790,5800,1.0,0,0,3,6,790,0,1943,0,98117,47.6973,-122.36,1460,5800,2015,1,4,0,0,0,4740,0,0,72,166029,2.29,15.29702030745872,14220,69.81104756388909,30.18895243611091,4.762847806713536,99.83316649983317,23.652819486152822,2.32,15.579379562043796,14093,70.67265234030027,29.327347659699736,4.742001293725432,99.6292707587311,24.463917091460587
6414100026,2015-01-08,2,1.0,1802,11225,1.0,0,0,3,7,1802,0,1961,0,98125,47.7205,-122.323,1810,7332,2015,1,3,0,0,0,12614,0,0,54,89983,2.18,19.775984583885343,18882,47.03408836061897,52.96591163938103,6.25,100.80028203772255,32.942005993301606,2.12,19.175038337558288,18728,45.79247434435576,54.20752565564424,6.600554974298321,100.34034541438865,33.71592019986242
3013300660,2014-10-28,3,2.25,2090,8095,2.0,0,2,3,10,2090,0,1988,0,98136,47.5287,-122.385,1940,5635,2014,10,1,0,0,0,20900,0,0,26,144659,2.13,15.69451876767831,7483,65.10981373366694,34.89018626633305,3.7052720728350628,99.55093555093555,32.71517671517671,2.14,17.20172866183053,7488,65.71508929827029,34.284910701729714,5.032728833565833,98.98634497780012,33.358465276032504
7954300120,2014-08-22,4,2.5,2600,6536,2.0,0,0,3,9,2600,0,1999,0,98056,47.5232,-122.191,2640,6185,2014,8,4,0,0,0,23400,0,0,15,102196,2.51,19.700650139315567,13893,51.64368244502423,48.356317554975774,6.624963057826815,97.99134991266739,42.58920402561757,2.56,20.747436492907926,13631,51.246200607902736,48.753799392097264,7.454338464584468,97.1547942343848,43.680802172550656
1081200360,2014-08-06,3,1.75,1750,11180,1.0,0,0,3,8,1750,0,1968,0,98059,47.4713,-122.117,1730,11180,2014,8,2,0,0,0,14000,0,0,46,126846,2.75,13.177344215208938,13637,79.87440417643943,20.125595823560566,4.938333752831613,99.5200838844975,40.75657364090983,2.79,13.745595489781536,13401,78.51442602823818,21.485573971761816,6.100010041168792,99.15702883205734,41.01237986642776
2877102345,2014-10-27,2,1.75,1700,5000,1.0,0,0,3,6,850,850,1915,0,98117,47.6787,-122.363,1690,5000,2014,10,0,0,0,0,10200,0,1,99,166029,2.29,15.29702030745872,14220,69.81104756388909,30.18895243611091,4.762847806713536,99.83316649983317,23.652819486152822,2.32,15.579379562043796,14093,70.67265234030027,29.327347659699736,4.742001293725432,99.6292707587311,24.463917091460587
2202500255,2015-03-05,3,2.0,1210,9926,1.0,0,0,4,7,1210,0,1954,2015,98006,47.5731,-122.135,1690,9737,2015,3,3,1,0,0,8470,0,0,61,185991,2.82,14.267360653577546,13727,77.46436154079466,22.535638459205337,6.640385009215646,100.15012703056432,27.042112556778815,2.81,13.709650387155165,13558,77.95756373072813,22.042436269271867,7.3147711184521,100.43854542632049,26.78619940233632
7984400050,2014-09-22,3,1.5,1460,11100,1.0,0,0,3,7,1460,0,1956,0,98003,47.3253,-122.298,1460,11100,2014,9,0,0,0,0,10220,0,0,58,67547,2.55,19.24448767833982,19289,48.22101062334889,51.77898937665112,8.09211372700373,97.76363151579788,55.309292094387416,2.53,17.855201652353518,19279,47.96962879640045,52.03037120359954,8.922079628575183,97.993265993266,55.535353535353536
9558020380,2014-08-20,4,2.5,2840,4750,2.0,0,0,3,9,2840,0,2002,0,98058,47.4511,-122.121,2460,4750,2014,8,2,0,0,0,25560,0,0,12,106611,2.78,15.935921408835924,16692,73.01956836343044,26.980431636569556,5.35431150140261,97.63669462323647,42.85157011897796,2.74,16.106225715036956,16367,72.2486806538808,27.751319346119192,6.590114827758363,97.51918859649122,44.01041666666667
7812801850,2014-10-15,3,1.0,1180,6050,1.0,0,0,3,6,820,360,1944,0,98178,47.4945,-122.249,1070,6050,2014,10,2,0,0,0,7080,0,1,70,96875,2.82,20.090596844044004,9752,59.93050885451693,40.06949114548308,5.811326633948742,99.90720334067974,49.350423384758145,2.76,19.902357951594475,9374,62.577187463590825,37.42281253640918,7.69108659417414,99.64886790168302,47.354401259232354
8944460020,2015-03-05,4,2.5,2665,5868,2.0,0,0,3,9,2665,0,2006,0,98030,47.3831,-122.185,2665,6092,2015,3,3,0,0,0,23985,0,0,9,85188,3.09,19.65576092087585,12484,47.11751662971175,52.88248337028825,8.260646485377118,97.17440872714266,52.62663745696785,3.0,17.600482618203756,12534,46.087481666810454,53.91251833318954,8.848456113317134,97.94284650470073,53.155543144373084
2306400040,2015-04-16,3,2.0,1560,2589,1.0,0,0,3,7,790,770,1923,2001,98103,47.6587,-122.344,1450,3893,2015,4,3,1,0,0,10920,0,1,92,122656,2.11,22.87456037514654,24340,48.11213812347401,51.88786187652599,3.97510133178923,99.1585414718846,18.936823827968478,2.08,23.163301875522638,24335,48.10872624912034,51.89127375087966,4.7532645230375685,99.01151866677559,19.094300574571793
8649400410,2015-04-17,3,1.75,2140,13598,1.5,0,0,4,7,1620,520,1970,0,98014,47.7139,-121.321,930,10150,2015,4,4,0,0,0,14980,0,1,45,149028,2.67,15.914655473941938,2760,80.12255840674071,19.877441593259288,5.053892215568863,98.49246231155779,41.447236180904525,2.71,16.475644699140403,2796,80.17309205350118,19.82690794649882,5.778769841269842,97.50727046115496,41.29621936019942
7889602020,2014-08-19,3,1.0,1280,9000,1.5,0,0,4,6,1280,0,1954,0,98146,47.4915,-122.338,1430,4500,2014,8,1,0,0,0,7680,0,0,60,101051,2.8,20.73438156114403,10239,60.939156243375024,39.060843756624976,7.612875658738072,98.09803704114451,45.38649218143507,2.71,20.303089178162036,10155,59.27780144865786,40.72219855134214,9.27133130522961,98.80675038354451,49.75282686516279
2041000025,2014-12-03,2,1.0,1090,3160,1.0,0,0,3,7,840,250,1926,0,98109,47.6385,-122.344,1070,3160,2014,12,2,0,0,0,7630,0,1,88,124408,1.7,27.800957442136237,15202,28.230758246465797,71.7692417535342,3.0450204638472034,99.08156134571229,20.355395827093943,1.67,27.266207687894433,14434,30.246109023997548,69.75389097600245,3.8523274478330656,99.60608676883228,22.17785452190805
871001484,2015-01-15,3,1.75,1800,5816,1.0,0,0,5,7,900,900,1947,0,98199,47.6529,-122.407,1650,5816,2015,1,3,0,0,0,12600,0,1,68,168132,2.27,15.401888530631044,9920,62.062574948217595,37.937425051782405,4.147350993377484,99.1690635985938,22.416107382550337,2.24,15.287600188590286,9908,63.396185047138786,36.603814952861214,4.887626368117638,99.1062108559499,21.711899791231733
2767602141,2014-09-05,3,1.5,1380,4290,1.0,0,0,3,7,1080,300,1955,0,98107,47.674,-122.379,1510,3900,2014,9,4,0,0,0,9660,0,1,59,131559,1.93,23.823613629855874,12707,35.71075197889182,64.28924802110818,5.1404627006610015,99.34580861098434,21.74552462092398,1.92,23.06289432176656,12416,34.91419393017161,65.0858060698284,6.3046647230320705,99.24250394529194,22.530247238295633
3630180470,2015-02-05,4,2.75,3250,5500,2.0,0,0,3,9,3250,0,2007,0,98027,47.5398,-121.997,3920,6000,2015,2,3,0,0,0,29250,0,0,8,140556,2.54,13.249890206411946,11360,71.30082050336497,28.699179496635015,4.680932365303783,100.03016439595798,34.07571263385451,2.48,13.001025458112265,11363,70.81061096219614,29.189389037803863,5.410590943975442,99.23960116829488,32.964044717494204
2769602140,2014-12-15,3,2.0,1360,2500,1.0,0,0,3,7,730,630,1986,0,98107,47.6753,-122.363,1630,5000,2014,12,0,0,0,0,9520,0,1,28,131559,1.93,23.823613629855874,12707,35.71075197889182,64.28924802110818,5.1404627006610015,99.34580861098434,21.74552462092398,1.92,23.06289432176656,12416,34.91419393017161,65.0858060698284,6.3046647230320705,99.24250394529194,22.530247238295633
2473250280,2014-08-26,4,2.25,2300,9100,1.0,0,0,3,7,1280,1020,1977,0,98058,47.4576,-122.16,1640,9100,2014,8,1,0,0,0,16100,0,1,37,106611,2.78,15.935921408835924,16692,73.01956836343044,26.980431636569556,5.35431150140261,97.63669462323647,42.85157011897796,2.74,16.106225715036956,16367,72.2486806538808,27.751319346119192,6.590114827758363,97.51918859649122,44.01041666666667
5422560660,2014-10-30,2,2.5,1700,6635,2.0,0,0,4,8,1700,0,1976,0,98052,47.6655,-122.13,1700,6635,2014,10,3,0,0,0,13600,0,0,38,158457,2.49,16.67975909924064,26354,53.58728109111451,46.41271890888548,5.135890711012479,99.32081320083873,22.76187437323366,2.43,16.793908754119162,26472,53.10328204716185,46.896717952838145,5.753945061367621,99.18121641257467,25.27158244343474
3756600240,2015-03-19,3,1.0,1140,10320,1.0,0,0,4,7,1140,0,1963,0,98034,47.7168,-122.196,1140,10412,2015,3,3,0,0,0,7980,0,0,52,119806,2.43,16.05333943799004,18001,61.237125332716126,38.76287466728388,6.750954198473283,99.64536699635606,34.17816241540864,2.44,17.057790319329666,18171,60.109001406469766,39.89099859353024,7.7933415340661085,99.85536782591545,35.227795674183156
8651600160,2014-11-11,4,2.25,2510,11585,2.0,0,0,4,8,2510,0,1969,0,98040,47.5483,-122.226,2450,9691,2014,11,1,0,0,0,20080,0,0,45,190985,2.51,9.818010174647295,10179,71.95032870708546,28.049671292914535,5.143830092302178,100.51344885932669,15.986930392671683,2.49,9.62381105055039,10139,74.13847948255751,25.861520517442475,4.498525073746313,100.2252118769632,17.157589047590825
7202300540,2014-07-01,4,2.75,3990,6637,2.0,0,0,3,9,3990,0,2003,0,98053,47.6835,-122.045,3500,7074,2014,7,1,0,0,0,35910,0,0,11,171822,2.69,9.269278791842558,8377,85.93194514982224,14.068054850177756,4.442119280890326,99.83973288814691,26.8313856427379,2.67,10.823743185947912,8200,82.85419620987496,17.145803790125047,5.704032486542639,99.89091900736297,26.56803926915735
8961950250,2014-09-15,5,2.75,3220,8160,2.0,0,0,3,9,3220,0,1999,0,98001,47.3154,-122.254,2876,11521,2014,9,0,0,0,0,28980,0,0,15,103338,2.88,16.70823899612418,11853,78.03582680709334,21.964173192906653,7.520990889060918,99.03689573349462,55.469222537570374,2.84,16.314553990610328,11718,77.66858997475659,22.33141002524342,8.275337739049068,97.7865131732884,55.145303944967004
3303000130,2015-04-28,3,2.25,1770,7667,1.0,0,0,3,8,1270,500,1966,0,98177,47.7724,-122.362,2180,8103,2015,4,1,0,0,0,14160,0,1,49,153542,2.43,13.07924984875983,8212,79.67166859048352,20.32833140951648,5.038420387121875,99.43356309288201,27.4619531836484,2.43,12.346137193047566,8127,81.14840062926062,18.85159937073938,4.7893884163628995,99.46581196581197,26.716524216524217
798000062,2014-08-01,3,1.75,1770,9000,1.0,0,0,3,7,1090,680,1954,0,98168,47.4997,-122.326,1520,21141,2014,8,4,0,0,0,12390,0,1,60,77935,2.8,20.49963262307127,12139,52.17844124283978,47.82155875716022,8.562583961217218,96.41425186805176,54.26006925460178,2.89,20.8829290342022,12234,50.7457509538675,49.2542490461325,11.205219182785854,97.16754897968418,53.68535360390933
1695900150,2014-05-28,2,1.75,2320,5500,1.5,0,2,3,8,1720,600,1925,2000,98144,47.586000000000006,-122.292,2380,5000,2014,5,2,1,0,0,18560,0,1,89,97953,2.26,24.435394298408,13211,47.05356417134033,52.94643582865967,4.982979222913488,99.13933472900675,31.98883461270063,2.24,23.04151393743074,12994,47.69384193467963,52.306158065320375,6.687801012009999,99.23316558830577,31.929067816918284
1604730150,2014-10-14,5,3.0,2800,5700,2.0,0,0,3,8,2800,0,2014,0,98059,47.4969,-122.145,2910,5349,2014,10,1,0,0,0,22400,0,0,0,126846,2.75,13.177344215208938,13637,79.87440417643943,20.125595823560566,4.938333752831613,99.5200838844975,40.75657364090983,2.79,13.745595489781536,13401,78.51442602823818,21.485573971761816,6.100010041168792,99.15702883205734,41.01237986642776
4136930310,2014-11-06,4,2.5,2390,7115,2.0,0,0,3,9,2390,0,1999,0,98092,47.2593,-122.222,2600,7916,2014,11,3,0,0,0,21510,0,0,15,112735,2.77,17.21767115272089,16100,70.074142116659,29.92585788334099,8.37161127623165,98.55946766114585,47.855654272238674,2.7,17.027911100241507,15769,70.4232874883162,29.5767125116838,8.278795811518325,98.43809669288933,49.83960895134805
8835401250,2015-05-06,6,2.75,4430,6440,2.0,0,3,3,10,2680,1750,1964,2015,98118,47.5462,-122.265,3530,7314,2015,5,2,1,0,0,44300,0,1,51,106930,2.75,18.80646044347112,17060,56.44829520663217,43.551704793367826,9.809241901003125,97.62032677053377,37.58809215308283,2.76,18.663888888888888,16861,55.8023285244242,44.1976714755758,10.945570971184631,97.02670100740065,37.2020995663939
8665900328,2015-01-23,4,3.0,1900,9077,2.0,0,0,3,7,1900,0,1954,2015,98155,47.7684,-122.304,1900,12868,2015,1,4,1,0,0,13300,0,0,61,124531,2.48,16.52716001821175,13838,68.1508643268727,31.849135673127293,8.176812638295683,98.1925078457077,38.148015731140504,2.48,17.143465606587636,13823,68.9590238023501,31.040976197649893,9.775827429417362,98.56964422418308,37.801684193561385
9262800255,2014-08-19,2,1.75,1894,52769,1.5,0,0,4,6,1520,374,1936,0,98001,47.3088,-122.273,1820,50529,2014,8,1,0,0,0,11364,0,1,78,103338,2.88,16.70823899612418,11853,78.03582680709334,21.964173192906653,7.520990889060918,99.03689573349462,55.469222537570374,2.84,16.314553990610328,11718,77.66858997475659,22.33141002524342,8.275337739049068,97.7865131732884,55.145303944967004
1853080570,2014-08-11,4,2.75,3390,6298,2.0,0,0,3,9,3390,0,2011,0,98074,47.5906,-122.062,3390,7111,2014,8,0,0,0,0,30510,0,0,3,229104,3.02,10.366720845184885,9070,87.03577124629757,12.96422875370244,4.483074107959744,100.24147476294245,16.24359502915366,3.03,10.087027329635095,8959,87.40808823529412,12.591911764705882,4.416132562138502,100.35249133707731,17.803799737125104
5556300114,2014-12-19,3,1.75,2040,42693,1.0,0,2,3,10,2040,0,1980,0,98052,47.6479,-122.12,2640,11957,2014,12,4,0,0,0,20400,0,0,34,158457,2.49,16.67975909924064,26354,53.58728109111451,46.41271890888548,5.135890711012479,99.32081320083873,22.76187437323366,2.43,16.793908754119162,26472,53.10328204716185,46.896717952838145,5.753945061367621,99.18121641257467,25.27158244343474
9517200290,2015-02-23,3,1.75,2300,16474,1.0,0,0,3,7,1220,1080,1984,0,98072,47.7609,-122.144,1940,15601,2015,2,0,0,0,0,16100,0,1,31,157963,2.6,13.507779349363508,9217,75.10030952653904,24.899690473460964,4.844401668270773,98.9697933227345,34.97615262321145,2.6,13.562575408577382,9093,75.71628232005591,24.283717679944093,4.9586119070359755,99.31105530873737,35.92814371257485
4037200295,2014-08-19,3,1.75,1520,8835,1.0,0,0,4,7,1520,0,1957,0,98008,47.6054,-122.118,1760,8580,2014,8,1,0,0,0,10640,0,0,57,164219,2.69,15.393666045690754,9357,72.43788819875776,27.562111801242235,6.570794767842117,99.65975011155734,31.626506024096386,2.69,15.761031234506692,9349,72.46019286835613,27.53980713164387,7.243693589446886,99.19940949352714,32.716329775153305
7417100123,2015-04-23,3,2.25,1800,9010,1.0,0,0,3,7,1300,500,1975,0,98155,47.7722,-122.312,1950,10240,2015,4,3,0,0,0,12600,0,1,40,124531,2.48,16.52716001821175,13838,68.1508643268727,31.849135673127293,8.176812638295683,98.1925078457077,38.148015731140504,2.48,17.143465606587636,13823,68.9590238023501,31.040976197649893,9.775827429417362,98.56964422418308,37.801684193561385
2620069077,2015-04-22,3,1.0,880,7648,1.0,0,2,4,6,880,0,1940,0,98022,47.1963,-121.997,1020,7566,2015,4,2,0,0,0,5280,0,0,75,112818,2.51,14.782116581777025,9214,71.14731044181414,28.85268955818587,6.198934280639431,94.7731755424063,59.927679158448385,2.52,13.98300218215229,9049,70.50333969465649,29.496660305343514,7.5844202251206,95.85578394199428,61.64438235881061
7922720040,2015-03-17,4,2.5,2880,9202,1.0,0,0,3,8,1780,1100,1977,0,98052,47.6658,-122.139,2500,10265,2015,3,1,0,0,0,23040,0,1,38,158457,2.49,16.67975909924064,26354,53.58728109111451,46.41271890888548,5.135890711012479,99.32081320083873,22.76187437323366,2.43,16.793908754119162,26472,53.10328204716185,46.896717952838145,5.753945061367621,99.18121641257467,25.27158244343474
558100090,2015-03-12,5,2.75,2600,8160,2.0,0,0,3,8,2600,0,2015,0,98133,47.7348,-122.34,1600,8160,2015,3,3,0,0,0,20800,0,0,0,85059,2.18,19.780409147977647,22049,47.43003034828267,52.56996965171733,6.900681086745005,98.7952152014652,40.53628663003663,2.2,19.916468960063266,21780,48.4259846747035,51.57401532529649,9.163212725439678,98.85203345832132,41.53446783963081
257000037,2014-12-29,3,1.0,2120,31564,1.0,0,0,3,7,1220,900,1942,0,98168,47.4938,-122.298,1790,11571,2014,12,0,0,0,0,14840,0,1,72,77935,2.8,20.49963262307127,12139,52.17844124283978,47.82155875716022,8.562583961217218,96.41425186805176,54.26006925460178,2.89,20.8829290342022,12234,50.7457509538675,49.2542490461325,11.205219182785854,97.16754897968418,53.68535360390933
3319500385,2014-06-16,4,1.75,1580,5340,1.0,0,0,3,7,1130,450,1947,0,98144,47.6003,-122.306,830,980,2014,6,0,0,0,0,11060,0,1,67,97953,2.26,24.435394298408,13211,47.05356417134033,52.94643582865967,4.982979222913488,99.13933472900675,31.98883461270063,2.24,23.04151393743074,12994,47.69384193467963,52.306158065320375,6.687801012009999,99.23316558830577,31.929067816918284
9297301520,2015-03-29,2,1.75,870,4000,1.0,0,0,3,6,870,0,1941,0,98126,47.5657,-122.376,1420,4000,2015,3,6,0,0,0,5220,0,0,74,108072,2.36,17.374538643750345,10242,56.54861693210393,43.45138306789606,4.653176915203527,100.23680854939583,34.264375493351146,2.27,16.627794527561296,10016,55.87763397154776,44.12236602845224,5.641737426518615,99.87504685742846,36.67374734474572
3580900090,2014-09-02,3,2.0,1310,9855,1.0,0,0,3,7,1310,0,1962,0,98034,47.7296,-122.241,1310,8370,2014,9,1,0,0,0,9170,0,0,52,119806,2.43,16.05333943799004,18001,61.237125332716126,38.76287466728388,6.750954198473283,99.64536699635606,34.17816241540864,2.44,17.057790319329666,18171,60.109001406469766,39.89099859353024,7.7933415340661085,99.85536782591545,35.227795674183156
1321039076,2014-06-27,3,1.0,970,9583,1.0,0,0,4,6,970,0,1967,0,98023,47.3044,-122.366,970,7875,2014,6,4,0,0,0,5820,0,0,47,98057,2.84,17.422428414646312,18530,66.81093394077449,33.18906605922551,7.981084030556566,98.90960038986356,53.08845029239766,2.81,18.088104608353433,18625,64.76571428571428,35.23428571428571,8.736678507992895,98.46469418199901,51.54462953754351
7227801581,2014-05-07,3,2.5,1600,3573,2.0,0,0,3,7,1600,0,2013,0,98056,47.507,-122.181,1500,11089,2014,5,2,0,0,0,11200,0,0,1,102196,2.51,19.700650139315567,13893,51.64368244502423,48.356317554975774,6.624963057826815,97.99134991266739,42.58920402561757,2.56,20.747436492907926,13631,51.246200607902736,48.753799392097264,7.454338464584468,97.1547942343848,43.680802172550656
9407001620,2014-08-12,3,2.5,1370,22326,2.0,0,0,3,7,1370,0,1993,0,98045,47.4469,-121.775,1580,10920,2014,8,1,0,0,0,9590,0,0,21,154803,2.6,11.896235479081142,5848,76.05357142857143,23.946428571428573,4.146459747817652,98.97304236200257,46.04522563444257,2.62,12.452140619561435,5880,76.65285534137993,23.34714465862007,4.789620468048987,98.46000993541976,46.656731246895184
2130400150,2014-09-25,3,1.75,1210,9635,1.0,0,0,4,7,1210,0,1987,0,98019,47.7382,-121.98,1550,10707,2014,9,3,0,0,0,8470,0,0,27,149479,2.7,12.106593154146566,4391,82.10296260320544,17.89703739679456,7.84727863525589,98.49849849849849,41.80999180999181,2.75,12.650887573964498,4151,85.6704980842912,14.329501915708812,9.496822943499913,98.77597495018503,47.3242243097068
2312400200,2015-01-02,3,2.5,1510,10875,1.0,0,0,3,7,1150,360,1990,0,98003,47.3482,-122.3,1810,9916,2015,1,4,0,0,0,10570,0,1,25,67547,2.55,19.24448767833982,19289,48.22101062334889,51.77898937665112,8.09211372700373,97.76363151579788,55.309292094387416,2.53,17.855201652353518,19279,47.96962879640045,52.03037120359954,8.922079628575183,97.993265993266,55.535353535353536
4046700210,2014-06-29,3,2.0,1610,15005,1.0,0,0,4,7,1610,0,1986,0,98014,47.6886,-121.911,1610,15479,2014,6,6,0,0,0,11270,0,0,28,149028,2.67,15.914655473941938,2760,80.12255840674071,19.877441593259288,5.053892215568863,98.49246231155779,41.447236180904525,2.71,16.475644699140403,2796,80.17309205350118,19.82690794649882,5.778769841269842,97.50727046115496,41.29621936019942
1193000480,2014-07-24,4,2.75,3540,7091,1.5,0,1,4,8,1970,1570,1947,0,98199,47.6467,-122.394,2200,6000,2014,7,3,0,0,0,28320,0,1,67,168132,2.27,15.401888530631044,9920,62.062574948217595,37.937425051782405,4.147350993377484,99.1690635985938,22.416107382550337,2.24,15.287600188590286,9908,63.396185047138786,36.603814952861214,4.887626368117638,99.1062108559499,21.711899791231733
1492800296,2014-07-03,3,1.75,1530,6743,1.0,0,0,3,7,1410,120,1955,0,98116,47.5745,-122.396,2040,6000,2014,7,3,0,0,0,10710,0,1,59,129924,2.05,15.481481481481483,12313,56.0263408716749,43.9736591283251,3.855525297405762,99.08641444539983,26.660576096302663,2.06,16.790914094161206,12217,55.1675732584664,44.8324267415336,4.419769214021336,99.34274850624661,28.636610537751224
3013300017,2015-04-08,3,1.0,1290,6859,1.0,0,0,4,7,1290,0,1941,0,98136,47.5317,-122.387,1560,6369,2015,4,2,0,0,0,9030,0,0,74,144659,2.13,15.69451876767831,7483,65.10981373366694,34.89018626633305,3.7052720728350628,99.55093555093555,32.71517671517671,2.14,17.20172866183053,7488,65.71508929827029,34.284910701729714,5.032728833565833,98.98634497780012,33.358465276032504
3630240140,2015-01-23,4,3.0,2110,1286,2.0,0,0,3,9,1710,400,2007,0,98029,47.5444,-122.014,2000,1286,2015,1,4,0,0,0,18990,0,1,8,156427,2.51,10.307103610675039,11144,68.2339558251967,31.766044174803298,6.658926376178117,99.6974697469747,23.432343234323433,2.49,9.80519156992676,11047,66.38615281629531,33.6138471837047,7.2508398656215,99.70228064262442,25.536456577912592
1049010390,2015-03-19,3,2.0,1260,5460,1.0,0,0,3,7,1260,0,1972,0,98034,47.7355,-122.18,1510,5460,2015,3,3,0,0,0,8820,0,0,43,119806,2.43,16.05333943799004,18001,61.237125332716126,38.76287466728388,6.750954198473283,99.64536699635606,34.17816241540864,2.44,17.057790319329666,18171,60.109001406469766,39.89099859353024,7.7933415340661085,99.85536782591545,35.227795674183156
9320900420,2014-10-14,3,1.0,900,4750,1.0,0,0,4,6,900,0,1969,0,98023,47.3026,-122.363,900,3404,2014,10,1,0,0,0,5400,0,0,45,98057,2.84,17.422428414646312,18530,66.81093394077449,33.18906605922551,7.981084030556566,98.90960038986356,53.08845029239766,2.81,18.088104608353433,18625,64.76571428571428,35.23428571428571,8.736678507992895,98.46469418199901,51.54462953754351
4315700060,2015-03-03,2,2.0,1300,3850,1.0,0,0,3,7,800,500,1963,0,98136,47.5395,-122.39,950,5500,2015,3,1,0,0,0,9100,0,1,52,144659,2.13,15.69451876767831,7483,65.10981373366694,34.89018626633305,3.7052720728350628,99.55093555093555,32.71517671517671,2.14,17.20172866183053,7488,65.71508929827029,34.284910701729714,5.032728833565833,98.98634497780012,33.358465276032504
2591010290,2014-05-19,1,1.5,810,3211,2.0,0,0,4,7,810,0,1982,0,98033,47.6939,-122.184,1320,3298,2014,5,0,0,0,0,5670,0,0,32,163786,2.29,14.715707890692858,16640,64.64853771164701,35.351462288353005,6.13177729151471,100.35475872592028,25.88212855235552,2.3,14.803502341681938,16431,65.22136010953903,34.77863989046098,6.479481641468683,100.68666848737857,27.48234559712848
323089085,2015-04-22,3,2.0,2740,101930,1.0,0,2,3,9,2740,0,1999,0,98045,47.5056,-121.77,2140,83635,2015,4,2,0,0,0,24660,0,0,16,154803,2.6,11.896235479081142,5848,76.05357142857143,23.946428571428573,4.146459747817652,98.97304236200257,46.04522563444257,2.62,12.452140619561435,5880,76.65285534137993,23.34714465862007,4.789620468048987,98.46000993541976,46.656731246895184
6600400270,2014-12-10,3,1.0,1010,9750,1.0,0,0,5,7,1010,0,1969,0,98042,47.3244,-122.144,1230,9750,2014,12,2,0,0,0,7070,0,0,45,122709,2.84,14.728895746087723,16573,81.84237202230106,18.157627977698937,5.7493896195951795,98.46322368633011,50.75872289700055,2.8,15.359349774536549,16818,82.74386406544997,17.25613593455003,6.523882775213978,98.58030168589174,52.2264944625193
2919701105,2014-12-09,2,1.75,1320,2609,1.0,0,0,4,7,920,400,1938,0,98117,47.6878,-122.366,1200,4220,2014,12,1,0,0,0,9240,0,1,76,166029,2.29,15.29702030745872,14220,69.81104756388909,30.18895243611091,4.762847806713536,99.83316649983317,23.652819486152822,2.32,15.579379562043796,14093,70.67265234030027,29.327347659699736,4.742001293725432,99.6292707587311,24.463917091460587
7202360670,2015-04-08,4,3.5,3920,9555,2.0,0,0,3,9,3920,0,2004,0,98053,47.6797,-122.025,3920,8598,2015,4,2,0,0,0,35280,0,0,11,171822,2.69,9.269278791842558,8377,85.93194514982224,14.068054850177756,4.442119280890326,99.83973288814691,26.8313856427379,2.67,10.823743185947912,8200,82.85419620987496,17.145803790125047,5.704032486542639,99.89091900736297,26.56803926915735
8927600100,2014-05-28,3,2.5,2690,7000,2.0,0,0,5,7,1840,850,1943,0,98115,47.6784,-122.277,1800,6435,2014,5,2,0,0,0,18830,0,1,71,141013,2.36,20.038971348841685,22085,62.56938184923383,37.430618150766165,5.07985950029823,99.48958702950569,21.213527308458662,2.32,19.346653198985,21778,62.75248864405142,37.24751135594858,5.230427913543313,99.63049016040087,21.893457996248916
3211700045,2015-01-28,4,2.5,2300,11165,2.0,0,0,4,8,2300,0,1979,0,98008,47.5794,-122.118,2170,11165,2015,1,2,0,0,0,18400,0,0,36,164219,2.69,15.393666045690754,9357,72.43788819875776,27.562111801242235,6.570794767842117,99.65975011155734,31.626506024096386,2.69,15.761031234506692,9349,72.46019286835613,27.53980713164387,7.243693589446886,99.19940949352714,32.716329775153305
4027701326,2014-07-09,4,2.25,2380,17199,2.0,0,0,3,8,1530,850,1979,0,98028,47.7668,-122.27,2280,11529,2014,7,2,0,0,0,19040,0,1,35,132191,2.67,13.599013968775678,8536,72.67970599227607,27.320294007723934,6.275532377227293,98.3883964544722,35.38812785388128,2.64,14.729697547035009,8635,73.22834645669292,26.77165354330709,7.076760377192209,98.22348793056686,36.54054787089775
1601600195,2015-03-19,3,1.0,1510,6200,1.0,0,0,3,6,1010,500,1955,0,98118,47.5293,-122.274,1710,8623,2015,3,3,0,0,0,9060,0,1,60,106930,2.75,18.80646044347112,17060,56.44829520663217,43.551704793367826,9.809241901003125,97.62032677053377,37.58809215308283,2.76,18.663888888888888,16861,55.8023285244242,44.1976714755758,10.945570971184631,97.02670100740065,37.2020995663939
7853280350,2014-05-12,5,4.5,4630,6324,2.0,0,0,3,9,3210,1420,2006,0,98065,47.5382,-121.86,4420,6790,2014,5,0,0,0,0,41670,0,1,8,175750,2.93,10.615415255925114,4953,79.75811584977721,20.241884150222788,4.1850514774702505,99.11081471601645,30.999221962876515,2.91,8.78239184647078,4755,78.93797411869701,21.06202588130299,4.645161290322581,99.65219477092828,32.369872871192136
3629970130,2014-07-10,3,2.5,2820,8159,2.0,0,0,3,9,2820,0,2004,0,98029,47.5527,-121.992,2910,5000,2014,7,3,0,0,0,25380,0,0,10,156427,2.51,10.307103610675039,11144,68.2339558251967,31.766044174803298,6.658926376178117,99.6974697469747,23.432343234323433,2.49,9.80519156992676,11047,66.38615281629531,33.6138471837047,7.2508398656215,99.70228064262442,25.536456577912592
7203120020,2014-08-14,4,3.5,3310,4850,2.0,0,0,3,9,3310,0,2010,0,98053,47.6954,-122.022,3320,5955,2014,8,3,0,0,0,29790,0,0,4,171822,2.69,9.269278791842558,8377,85.93194514982224,14.068054850177756,4.442119280890326,99.83973288814691,26.8313856427379,2.67,10.823743185947912,8200,82.85419620987496,17.145803790125047,5.704032486542639,99.89091900736297,26.56803926915735
9542900190,2014-05-16,4,1.5,1370,9957,1.0,0,0,3,7,900,470,1972,0,98034,47.7237,-122.181,1510,8088,2014,5,4,0,0,0,9590,0,1,42,119806,2.43,16.05333943799004,18001,61.237125332716126,38.76287466728388,6.750954198473283,99.64536699635606,34.17816241540864,2.44,17.057790319329666,18171,60.109001406469766,39.89099859353024,7.7933415340661085,99.85536782591545,35.227795674183156
8035350120,2015-02-24,3,2.5,3020,12184,2.0,0,0,3,8,3020,0,2003,0,98019,47.744,-121.976,2980,10029,2015,2,1,0,0,0,24160,0,0,12,149479,2.7,12.106593154146566,4391,82.10296260320544,17.89703739679456,7.84727863525589,98.49849849849849,41.80999180999181,2.75,12.650887573964498,4151,85.6704980842912,14.329501915708812,9.496822943499913,98.77597495018503,47.3242243097068
1238501184,2014-07-08,4,2.5,3130,10849,2.0,0,0,3,10,3130,0,2013,0,98033,47.6828,-122.186,2470,9131,2014,7,1,0,0,0,31300,0,0,1,163786,2.29,14.715707890692858,16640,64.64853771164701,35.351462288353005,6.13177729151471,100.35475872592028,25.88212855235552,2.3,14.803502341681938,16431,65.22136010953903,34.77863989046098,6.479481641468683,100.68666848737857,27.48234559712848
251200240,2014-07-25,4,2.75,2100,7236,1.0,0,0,3,8,1400,700,1979,0,98034,47.7267,-122.232,1900,7519,2014,7,4,0,0,0,16800,0,1,35,119806,2.43,16.05333943799004,18001,61.237125332716126,38.76287466728388,6.750954198473283,99.64536699635606,34.17816241540864,2.44,17.057790319329666,18171,60.109001406469766,39.89099859353024,7.7933415340661085,99.85536782591545,35.227795674183156
8945300200,2014-08-15,3,1.0,1170,8816,1.0,0,0,4,6,1170,0,1966,0,98023,47.3059,-122.368,1200,9108,2014,8,4,0,0,0,7020,0,0,48,98057,2.84,17.422428414646312,18530,66.81093394077449,33.18906605922551,7.981084030556566,98.90960038986356,53.08845029239766,2.81,18.088104608353433,18625,64.76571428571428,35.23428571428571,8.736678507992895,98.46469418199901,51.54462953754351
2162000160,2015-03-03,3,2.25,2950,15207,1.0,0,0,4,10,2070,880,1966,0,98040,47.5571,-122.216,2950,22000,2015,3,1,0,0,0,29500,0,1,49,190985,2.51,9.818010174647295,10179,71.95032870708546,28.049671292914535,5.143830092302178,100.51344885932669,15.986930392671683,2.49,9.62381105055039,10139,74.13847948255751,25.861520517442475,4.498525073746313,100.2252118769632,17.157589047590825
5466310060,2015-03-24,2,1.5,1230,1561,2.0,0,0,3,7,1230,0,1983,0,98042,47.3768,-122.149,1660,2243,2015,3,1,0,0,0,8610,0,0,32,122709,2.84,14.728895746087723,16573,81.84237202230106,18.157627977698937,5.7493896195951795,98.46322368633011,50.75872289700055,2.8,15.359349774536549,16818,82.74386406544997,17.25613593455003,6.523882775213978,98.58030168589174,52.2264944625193
1239400064,2015-03-04,4,2.5,2850,8526,2.0,0,0,3,9,2850,0,1998,0,98033,47.6747,-122.191,2440,7072,2015,3,2,0,0,0,25650,0,0,17,163786,2.29,14.715707890692858,16640,64.64853771164701,35.351462288353005,6.13177729151471,100.35475872592028,25.88212855235552,2.3,14.803502341681938,16431,65.22136010953903,34.77863989046098,6.479481641468683,100.68666848737857,27.48234559712848
5205000020,2015-04-09,4,2.5,2610,7333,2.0,0,0,3,8,2610,0,1988,0,98003,47.2721,-122.293,2280,9033,2015,4,3,0,0,0,20880,0,0,27,67547,2.55,19.24448767833982,19289,48.22101062334889,51.77898937665112,8.09211372700373,97.76363151579788,55.309292094387416,2.53,17.855201652353518,19279,47.96962879640045,52.03037120359954,8.922079628575183,97.993265993266,55.535353535353536
1720800305,2014-11-19,1,2.25,1220,2100,2.0,0,2,4,8,1220,0,1946,1979,98033,47.6703,-122.204,3150,6000,2014,11,2,1,0,0,9760,0,0,68,163786,2.29,14.715707890692858,16640,64.64853771164701,35.351462288353005,6.13177729151471,100.35475872592028,25.88212855235552,2.3,14.803502341681938,16431,65.22136010953903,34.77863989046098,6.479481641468683,100.68666848737857,27.48234559712848
7280300375,2015-01-22,5,2.25,2650,9140,1.0,0,1,3,8,1350,1300,1965,0,98177,47.7772,-122.387,2700,7800,2015,1,3,0,0,0,21200,0,1,50,153542,2.43,13.07924984875983,8212,79.67166859048352,20.32833140951648,5.038420387121875,99.43356309288201,27.4619531836484,2.43,12.346137193047566,8127,81.14840062926062,18.85159937073938,4.7893884163628995,99.46581196581197,26.716524216524217
2095800400,2014-11-13,3,2.5,2090,8653,2.0,0,0,3,8,2090,0,1989,0,98011,47.7498,-122.184,2090,6396,2014,11,3,0,0,0,16720,0,0,25,124418,2.46,15.247978855721392,13329,65.2180746561886,34.781925343811395,6.342825237297599,99.00660763248978,39.452510450847306,2.46,15.129648719371977,13089,66.21599871237727,33.78400128762273,7.092279579716767,99.87127028642361,40.38435014482093
7852010950,2014-10-20,4,2.5,2550,5835,2.0,0,0,3,8,2550,0,1998,0,98065,47.5373,-121.87,2420,5817,2014,10,0,0,0,0,20400,0,0,16,175750,2.93,10.615415255925114,4953,79.75811584977721,20.241884150222788,4.1850514774702505,99.11081471601645,30.999221962876515,2.91,8.78239184647078,4755,78.93797411869701,21.06202588130299,4.645161290322581,99.65219477092828,32.369872871192136
1428001160,2015-04-20,3,1.75,1890,100623,1.0,0,3,3,8,1890,0,1978,0,98053,47.6454,-121.978,2110,50529,2015,4,0,0,0,0,15120,0,0,37,171822,2.69,9.269278791842558,8377,85.93194514982224,14.068054850177756,4.442119280890326,99.83973288814691,26.8313856427379,2.67,10.823743185947912,8200,82.85419620987496,17.145803790125047,5.704032486542639,99.89091900736297,26.56803926915735
9528104910,2014-09-09,4,3.25,2110,3000,2.0,0,0,3,8,2110,0,2001,0,98115,47.6769,-122.328,1780,4000,2014,9,1,0,0,0,16880,0,0,13,141013,2.36,20.038971348841685,22085,62.56938184923383,37.430618150766165,5.07985950029823,99.48958702950569,21.213527308458662,2.32,19.346653198985,21778,62.75248864405142,37.24751135594858,5.230427913543313,99.63049016040087,21.893457996248916
8644210470,2015-03-18,4,3.5,3350,19487,1.0,0,0,3,11,2460,890,1992,0,98075,47.5796,-121.998,3360,19460,2015,3,2,0,0,1,36850,0,1,23,234261,3.16,10.383283441920526,7595,87.0674447007735,12.93255529922649,3.5686033224927485,99.95167414566794,21.139109423541594,3.16,11.460327261500463,7356,87.72919605077574,12.270803949224259,4.311893639956881,99.93420090656528,21.340839303991814
7923300310,2014-05-27,4,2.25,1940,9144,1.0,0,0,4,7,1430,510,1956,0,98007,47.5942,-122.135,1460,9437,2014,5,1,0,0,0,13580,0,1,58,118634,2.48,20.499565396404225,11154,35.96800304732883,64.03199695267118,5.613278442135529,98.00031408679266,22.378683976338795,2.46,20.650383547461058,10912,35.5564209911401,64.4435790088599,7.187732216442614,98.34565872363737,24.130375239660367
254000100,2014-06-20,4,2.25,2870,5453,2.0,0,1,4,8,2220,650,1926,0,98146,47.5129,-122.388,1660,4800,2014,6,4,0,0,0,22960,0,1,88,101051,2.8,20.73438156114403,10239,60.939156243375024,39.060843756624976,7.612875658738072,98.09803704114451,45.38649218143507,2.71,20.303089178162036,10155,59.27780144865786,40.72219855134214,9.27133130522961,98.80675038354451,49.75282686516279
1931300688,2015-04-29,3,3.0,1280,1085,3.0,0,0,3,8,1280,0,2004,0,98103,47.6569,-122.346,1300,1310,2015,4,2,0,0,0,10240,0,0,11,122656,2.11,22.87456037514654,24340,48.11213812347401,51.88786187652599,3.97510133178923,99.1585414718846,18.936823827968478,2.08,23.163301875522638,24335,48.10872624912034,51.89127375087966,4.7532645230375685,99.01151866677559,19.094300574571793
7007700030,2015-01-05,3,1.0,1050,6000,1.0,0,0,3,7,1050,0,1952,0,98116,47.5709,-122.401,1720,6000,2015,1,0,0,0,0,7350,0,0,63,129924,2.05,15.481481481481483,12313,56.0263408716749,43.9736591283251,3.855525297405762,99.08641444539983,26.660576096302663,2.06,16.790914094161206,12217,55.1675732584664,44.8324267415336,4.419769214021336,99.34274850624661,28.636610537751224
422049178,2015-02-12,3,1.0,1420,9600,1.0,0,0,4,6,1420,0,1954,0,98188,47.4232,-122.292,1400,8415,2015,2,3,0,0,0,8520,0,0,61,77722,2.57,21.355714002772828,10041,42.85119667013528,57.14880332986473,8.525003709749221,99.28014754000833,56.91593789041585,2.5,21.801283022680202,10236,44.501647446457994,55.498352553542006,9.433817315817777,98.1617870838152,56.87503804248585
422069067,2015-05-12,4,2.25,2380,128937,1.0,0,0,4,7,2380,0,1960,0,98038,47.4253,-122.043,1030,114998,2015,5,1,0,0,0,16660,0,0,55,135304,2.86,12.556807332442238,12545,84.88178488178488,15.118215118215117,8.23751596956063,99.08171413361725,51.89424185963978,2.88,13.27901930178551,12318,84.63165017339085,15.368349826609151,8.409014463504876,99.04576700434153,54.23299565846599
2923049393,2014-08-13,4,2.25,2400,7738,1.5,0,0,3,8,2400,0,1964,0,98148,47.4562,-122.33,2170,8452,2014,8,2,0,0,0,19200,0,0,50,81431,2.49,20.801797540208135,4634,39.694835680751176,60.305164319248824,5.8074923821473385,96.5266676355181,52.01278883883157,2.46,21.21500893388922,4554,42.75695284159613,57.24304715840387,8.75373527860784,96.37251998815518,55.13769618004146
930000305,2014-11-10,4,1.75,2120,7680,1.0,0,0,4,7,1060,1060,1950,0,98177,47.7172,-122.361,1530,7680,2014,11,0,0,0,0,14840,0,1,64,153542,2.43,13.07924984875983,8212,79.67166859048352,20.32833140951648,5.038420387121875,99.43356309288201,27.4619531836484,2.43,12.346137193047566,8127,81.14840062926062,18.85159937073938,4.7893884163628995,99.46581196581197,26.716524216524217
2461900448,2014-06-16,3,2.0,1980,2674,3.0,0,0,3,8,1980,0,2007,0,98136,47.5524,-122.382,1440,2674,2014,6,0,0,0,0,15840,0,0,7,144659,2.13,15.69451876767831,7483,65.10981373366694,34.89018626633305,3.7052720728350628,99.55093555093555,32.71517671517671,2.14,17.20172866183053,7488,65.71508929827029,34.284910701729714,5.032728833565833,98.98634497780012,33.358465276032504
2610100020,2015-04-08,4,1.0,1010,7200,1.5,0,0,3,6,1010,0,1947,0,98155,47.742,-122.325,1360,7200,2015,4,2,0,0,0,6060,0,0,68,124531,2.48,16.52716001821175,13838,68.1508643268727,31.849135673127293,8.176812638295683,98.1925078457077,38.148015731140504,2.48,17.143465606587636,13823,68.9590238023501,31.040976197649893,9.775827429417362,98.56964422418308,37.801684193561385
2895550050,2015-05-07,3,2.5,1550,4486,2.0,0,0,3,7,1550,0,2000,0,98001,47.3299,-122.269,1700,4487,2015,5,3,0,0,0,10850,0,0,15,103338,2.88,16.70823899612418,11853,78.03582680709334,21.964173192906653,7.520990889060918,99.03689573349462,55.469222537570374,2.84,16.314553990610328,11718,77.66858997475659,22.33141002524342,8.275337739049068,97.7865131732884,55.145303944967004
7701700040,2014-09-25,3,1.75,1510,30185,1.5,0,0,3,7,1510,0,1976,0,98058,47.4118,-122.089,1470,12465,2014,9,3,0,0,0,10570,0,0,38,106611,2.78,15.935921408835924,16692,73.01956836343044,26.980431636569556,5.35431150140261,97.63669462323647,42.85157011897796,2.74,16.106225715036956,16367,72.2486806538808,27.751319346119192,6.590114827758363,97.51918859649122,44.01041666666667
2460900020,2014-07-30,3,1.0,1560,3960,1.5,0,0,4,7,1560,0,1907,0,98144,47.5936,-122.301,1280,3960,2014,7,2,0,0,0,10920,0,0,107,97953,2.26,24.435394298408,13211,47.05356417134033,52.94643582865967,4.982979222913488,99.13933472900675,31.98883461270063,2.24,23.04151393743074,12994,47.69384193467963,52.306158065320375,6.687801012009999,99.23316558830577,31.929067816918284
9827700105,2014-09-17,3,2.0,2330,3600,1.5,0,0,4,7,1580,750,1900,0,98122,47.6025,-122.303,1750,3600,2014,9,2,0,0,0,16310,0,1,114,94548,1.96,34.44654683065279,17551,33.21537815630061,66.7846218436994,4.870675176352032,98.85230330853253,23.880006332119677,1.95,33.01648693828051,17176,33.65877772971637,66.34122227028362,6.536089637800748,98.60956388992037,25.23827206337418
1005000240,2014-12-19,2,1.0,1200,6014,1.0,0,0,4,6,600,600,1949,0,98118,47.5357,-122.28,1270,4652,2014,12,4,0,0,0,7200,0,1,65,106930,2.75,18.80646044347112,17060,56.44829520663217,43.551704793367826,9.809241901003125,97.62032677053377,37.58809215308283,2.76,18.663888888888888,16861,55.8023285244242,44.1976714755758,10.945570971184631,97.02670100740065,37.2020995663939
7200001254,2014-07-09,4,1.75,2150,9000,1.0,0,0,4,7,1110,1040,1966,0,98052,47.6812,-122.113,2040,9000,2014,7,2,0,0,0,15050,0,1,48,158457,2.49,16.67975909924064,26354,53.58728109111451,46.41271890888548,5.135890711012479,99.32081320083873,22.76187437323366,2.43,16.793908754119162,26472,53.10328204716185,46.896717952838145,5.753945061367621,99.18121641257467,25.27158244343474
866400040,2014-10-13,5,3.0,2570,5590,1.0,0,0,3,8,1580,990,2009,0,98034,47.7271,-122.228,2020,10500,2014,10,0,0,0,0,20560,0,1,5,119806,2.43,16.05333943799004,18001,61.237125332716126,38.76287466728388,6.750954198473283,99.64536699635606,34.17816241540864,2.44,17.057790319329666,18171,60.109001406469766,39.89099859353024,7.7933415340661085,99.85536782591545,35.227795674183156
305000170,2014-06-10,3,2.5,2510,6320,2.0,0,0,3,9,2510,0,1996,0,98075,47.5868,-122.033,2518,5819,2014,6,1,0,0,0,22590,0,0,18,234261,3.16,10.383283441920526,7595,87.0674447007735,12.93255529922649,3.5686033224927485,99.95167414566794,21.139109423541594,3.16,11.460327261500463,7356,87.72919605077574,12.270803949224259,4.311893639956881,99.93420090656528,21.340839303991814
2260800110,2014-05-13,3,3.25,3610,59677,2.0,0,0,3,10,2440,1170,2003,0,98027,47.5464,-122.088,3130,65775,2014,5,1,0,0,0,36100,0,1,11,140556,2.54,13.249890206411946,11360,71.30082050336497,28.699179496635015,4.680932365303783,100.03016439595798,34.07571263385451,2.48,13.001025458112265,11363,70.81061096219614,29.189389037803863,5.410590943975442,99.23960116829488,32.964044717494204
3442000127,2014-05-30,4,2.5,2310,5100,2.0,0,0,3,9,2310,0,2013,0,98177,47.7039,-122.36,1260,5100,2014,5,4,0,0,0,20790,0,0,1,153542,2.43,13.07924984875983,8212,79.67166859048352,20.32833140951648,5.038420387121875,99.43356309288201,27.4619531836484,2.43,12.346137193047566,8127,81.14840062926062,18.85159937073938,4.7893884163628995,99.46581196581197,26.716524216524217
5253300437,2015-03-19,4,2.5,2400,7092,2.0,0,0,3,7,2400,0,1997,0,98133,47.7522,-122.338,2350,8310,2015,3,3,0,0,0,16800,0,0,18,85059,2.18,19.780409147977647,22049,47.43003034828267,52.56996965171733,6.900681086745005,98.7952152014652,40.53628663003663,2.2,19.916468960063266,21780,48.4259846747035,51.57401532529649,9.163212725439678,98.85203345832132,41.53446783963081
7576700150,2014-10-01,3,2.25,2360,5504,2.0,0,0,4,8,2080,280,1913,0,98122,47.617,-122.288,2840,5470,2014,10,2,0,0,0,18880,0,1,101,94548,1.96,34.44654683065279,17551,33.21537815630061,66.7846218436994,4.870675176352032,98.85230330853253,23.880006332119677,1.95,33.01648693828051,17176,33.65877772971637,66.34122227028362,6.536089637800748,98.60956388992037,25.23827206337418
5469501410,2014-09-17,4,2.5,3480,12696,1.0,0,0,4,9,1980,1500,1977,0,98042,47.3816,-122.153,3480,14175,2014,9,2,0,0,0,31320,0,1,37,122709,2.84,14.728895746087723,16573,81.84237202230106,18.157627977698937,5.7493896195951795,98.46322368633011,50.75872289700055,2.8,15.359349774536549,16818,82.74386406544997,17.25613593455003,6.523882775213978,98.58030168589174,52.2264944625193
5104531120,2015-03-23,5,2.75,3750,12077,2.0,0,4,3,10,3750,0,2005,0,98038,47.3525,-122.002,3120,7255,2015,3,0,0,0,0,37500,0,0,10,135304,2.86,12.556807332442238,12545,84.88178488178488,15.118215118215117,8.23751596956063,99.08171413361725,51.89424185963978,2.88,13.27901930178551,12318,84.63165017339085,15.368349826609151,8.409014463504876,99.04576700434153,54.23299565846599
723049434,2015-04-08,3,2.5,1930,8254,2.0,0,0,3,7,1930,0,2014,0,98146,47.4973,-122.346,1540,8849,2015,4,2,0,0,0,13510,0,0,1,101051,2.8,20.73438156114403,10239,60.939156243375024,39.060843756624976,7.612875658738072,98.09803704114451,45.38649218143507,2.71,20.303089178162036,10155,59.27780144865786,40.72219855134214,9.27133130522961,98.80675038354451,49.75282686516279
622069006,2014-08-20,4,5.5,4830,211729,1.0,0,0,3,11,5400,1150,2006,0,98058,47.4302,-122.095,4110,50378,2014,8,2,0,0,1,72050,0,1,8,106611,2.78,15.935921408835924,16692,73.01956836343044,26.980431636569556,5.35431150140261,97.63669462323647,42.85157011897796,2.74,16.106225715036956,16367,72.2486806538808,27.751319346119192,6.590114827758363,97.51918859649122,44.01041666666667
2517101200,2014-07-07,4,2.5,2090,5195,2.0,0,0,3,7,2090,0,2007,0,98031,47.3986,-122.166,2090,5236,2014,7,0,0,0,0,14630,0,0,7,98657,2.97,17.82141658274589,12676,64.00824742268041,35.99175257731959,8.799066842478954,97.82912276247302,50.04020143032457,2.99,17.766172506738545,12903,63.46782097353806,36.53217902646194,10.101061398608502,97.60154576385098,48.943588020330154
8159620160,2015-04-24,3,2.5,1570,9292,1.0,0,0,3,7,1110,460,1977,0,98001,47.3386,-122.272,1470,9222,2015,4,4,0,0,0,10990,0,1,38,103338,2.88,16.70823899612418,11853,78.03582680709334,21.964173192906653,7.520990889060918,99.03689573349462,55.469222537570374,2.84,16.314553990610328,11718,77.66858997475659,22.33141002524342,8.275337739049068,97.7865131732884,55.145303944967004
5561300640,2015-05-06,3,2.25,1910,35015,1.0,0,0,4,8,1430,480,1977,0,98027,47.4672,-122.006,2340,36680,2015,5,2,0,0,0,15280,0,1,38,140556,2.54,13.249890206411946,11360,71.30082050336497,28.699179496635015,4.680932365303783,100.03016439595798,34.07571263385451,2.48,13.001025458112265,11363,70.81061096219614,29.189389037803863,5.410590943975442,99.23960116829488,32.964044717494204
3317010130,2015-03-17,3,1.75,1090,7647,1.0,0,0,3,7,1090,0,1994,0,98003,47.2613,-122.302,1660,9219,2015,3,1,0,0,0,7630,0,0,21,67547,2.55,19.24448767833982,19289,48.22101062334889,51.77898937665112,8.09211372700373,97.76363151579788,55.309292094387416,2.53,17.855201652353518,19279,47.96962879640045,52.03037120359954,8.922079628575183,97.993265993266,55.535353535353536
4364200250,2014-12-01,4,1.75,1690,7680,1.0,0,0,5,6,890,800,1946,0,98126,47.5296,-122.375,1060,7680,2014,12,0,0,0,0,10140,0,1,68,108072,2.36,17.374538643750345,10242,56.54861693210393,43.45138306789606,4.653176915203527,100.23680854939583,34.264375493351146,2.27,16.627794527561296,10016,55.87763397154776,44.12236602845224,5.641737426518615,99.87504685742846,36.67374734474572
8732300060,2014-05-12,4,1.75,2350,11914,1.0,0,0,4,8,2350,0,1961,0,98040,47.5392,-122.228,2240,10706,2014,5,0,0,0,0,18800,0,0,53,190985,2.51,9.818010174647295,10179,71.95032870708546,28.049671292914535,5.143830092302178,100.51344885932669,15.986930392671683,2.49,9.62381105055039,10139,74.13847948255751,25.861520517442475,4.498525073746313,100.2252118769632,17.157589047590825
5603700025,2014-10-07,4,1.75,2360,11300,1.0,0,0,4,9,2360,0,1974,0,98006,47.5728,-122.163,2290,11951,2014,10,1,0,0,0,21240,0,0,40,185991,2.82,14.267360653577546,13727,77.46436154079466,22.535638459205337,6.640385009215646,100.15012703056432,27.042112556778815,2.81,13.709650387155165,13558,77.95756373072813,22.042436269271867,7.3147711184521,100.43854542632049,26.78619940233632
3585900190,2014-10-06,3,2.5,3400,38400,1.0,0,4,3,8,1870,1530,1955,2015,98177,47.7611,-122.372,3400,24338,2014,10,0,1,0,0,27200,0,1,59,153542,2.43,13.07924984875983,8212,79.67166859048352,20.32833140951648,5.038420387121875,99.43356309288201,27.4619531836484,2.43,12.346137193047566,8127,81.14840062926062,18.85159937073938,4.7893884163628995,99.46581196581197,26.716524216524217
3996900575,2014-10-07,2,1.0,770,6542,1.0,0,0,3,6,770,0,1948,0,98155,47.747,-122.301,1120,8149,2014,10,1,0,0,0,4620,0,0,66,124531,2.48,16.52716001821175,13838,68.1508643268727,31.849135673127293,8.176812638295683,98.1925078457077,38.148015731140504,2.48,17.143465606587636,13823,68.9590238023501,31.040976197649893,9.775827429417362,98.56964422418308,37.801684193561385
8731801260,2015-02-20,3,1.75,1480,8475,1.0,0,0,4,7,1480,0,1968,0,98023,47.3126,-122.361,1800,8800,2015,2,4,0,0,0,10360,0,0,47,98057,2.84,17.422428414646312,18530,66.81093394077449,33.18906605922551,7.981084030556566,98.90960038986356,53.08845029239766,2.81,18.088104608353433,18625,64.76571428571428,35.23428571428571,8.736678507992895,98.46469418199901,51.54462953754351
3810000860,2015-05-06,4,1.5,1920,7973,1.0,0,0,3,8,1920,0,1955,0,98178,47.4961,-122.235,2020,8840,2015,5,2,0,0,0,15360,0,0,60,96875,2.82,20.090596844044004,9752,59.93050885451693,40.06949114548308,5.811326633948742,99.90720334067974,49.350423384758145,2.76,19.902357951594475,9374,62.577187463590825,37.42281253640918,7.69108659417414,99.64886790168302,47.354401259232354
5700003585,2014-12-29,5,3.25,4830,12672,2.0,0,0,4,11,4140,1480,1916,0,98144,47.5786,-122.287,4470,8050,2014,12,0,0,0,1,61820,0,1,98,97953,2.26,24.435394298408,13211,47.05356417134033,52.94643582865967,4.982979222913488,99.13933472900675,31.98883461270063,2.24,23.04151393743074,12994,47.69384193467963,52.306158065320375,6.687801012009999,99.23316558830577,31.929067816918284
6332000050,2015-01-21,3,2.0,1630,6550,1.0,0,0,5,7,850,780,1912,0,98126,47.5452,-122.379,1440,6550,2015,1,2,0,0,0,11410,0,1,103,108072,2.36,17.374538643750345,10242,56.54861693210393,43.45138306789606,4.653176915203527,100.23680854939583,34.264375493351146,2.27,16.627794527561296,10016,55.87763397154776,44.12236602845224,5.641737426518615,99.87504685742846,36.67374734474572
9286100250,2015-03-19,3,2.5,1670,2575,2.0,0,0,3,8,1670,0,2000,0,98027,47.531000000000006,-122.047,1670,2897,2015,3,3,0,0,0,13360,0,0,15,140556,2.54,13.249890206411946,11360,71.30082050336497,28.699179496635015,4.680932365303783,100.03016439595798,34.07571263385451,2.48,13.001025458112265,11363,70.81061096219614,29.189389037803863,5.410590943975442,99.23960116829488,32.964044717494204
9471201110,2015-04-06,4,1.75,2370,8400,1.0,0,0,5,9,1270,1100,1949,0,98105,47.6716,-122.264,2370,8400,2015,4,0,0,0,0,21330,0,1,66,75214,2.39,34.427767354596625,16374,36.709440879926674,63.29055912007333,10.222291797119599,99.00454237943366,17.87474630327631,2.36,35.428375934705045,16197,36.734693877551024,63.26530612244898,9.713006949079345,99.13663286818593,17.643810862363214
9290800050,2015-03-24,3,1.75,2570,14033,1.0,0,2,4,8,2570,0,1953,0,98166,47.4335,-122.338,2550,16100,2015,3,1,0,0,0,20560,0,0,62,105013,2.51,15.282996712071395,8765,64.0529896168994,35.94701038310061,5.573970690858339,97.8699402786994,44.95686794956868,2.46,14.673185495605612,8880,63.30851558864589,36.69148441135412,6.493621545003543,97.69518681462999,45.590649418871884
7300200400,2014-11-05,4,2.25,2450,34092,2.0,0,0,4,8,2450,0,1980,0,98075,47.5751,-122.049,2410,35378,2014,11,2,0,0,0,19600,0,0,34,234261,3.16,10.383283441920526,7595,87.0674447007735,12.93255529922649,3.5686033224927485,99.95167414566794,21.139109423541594,3.16,11.460327261500463,7356,87.72919605077574,12.270803949224259,4.311893639956881,99.93420090656528,21.340839303991814
526069024,2014-05-12,5,3.0,4530,211729,1.5,0,0,4,9,3200,1330,2003,0,98077,47.7702,-122.066,3430,83199,2014,5,0,0,0,0,40770,0,1,11,169573,2.96,13.307618129218902,4923,94.13233458177278,5.867665418227216,4.543605045436051,99.69715956558062,31.47451963241437,2.98,14.185654756627361,4928,92.30282581189371,7.697174188106285,5.255087817117368,99.70955249569707,33.04647160068847
1454600156,2014-06-25,5,3.25,4500,9648,2.0,0,4,4,8,3000,1500,1968,0,98125,47.7262,-122.282,2780,21132,2014,6,2,0,0,0,36000,0,1,46,89983,2.18,19.775984583885343,18882,47.03408836061897,52.96591163938103,6.25,100.80028203772255,32.942005993301606,2.12,19.175038337558288,18728,45.79247434435576,54.20752565564424,6.600554974298321,100.34034541438865,33.71592019986242
3904980360,2015-01-12,3,2.5,1800,7318,2.0,0,0,3,8,1800,0,1989,0,98029,47.5747,-122.008,1800,5414,2015,1,0,0,0,0,14400,0,0,26,156427,2.51,10.307103610675039,11144,68.2339558251967,31.766044174803298,6.658926376178117,99.6974697469747,23.432343234323433,2.49,9.80519156992676,11047,66.38615281629531,33.6138471837047,7.2508398656215,99.70228064262442,25.536456577912592
2626119062,2014-11-12,3,1.0,1300,6098,1.0,0,0,3,7,1300,0,2013,0,98014,47.7074,-121.364,1300,6849,2014,11,2,0,0,0,9100,0,0,1,149028,2.67,15.914655473941938,2760,80.12255840674071,19.877441593259288,5.053892215568863,98.49246231155779,41.447236180904525,2.71,16.475644699140403,2796,80.17309205350118,19.82690794649882,5.778769841269842,97.50727046115496,41.29621936019942
8651730290,2014-08-05,4,3.25,1960,7200,2.0,0,0,3,7,1960,0,1979,0,98034,47.7291,-122.218,1980,7529,2014,8,1,0,0,0,13720,0,0,35,119806,2.43,16.05333943799004,18001,61.237125332716126,38.76287466728388,6.750954198473283,99.64536699635606,34.17816241540864,2.44,17.057790319329666,18171,60.109001406469766,39.89099859353024,7.7933415340661085,99.85536782591545,35.227795674183156
7611200195,2015-02-20,3,2.0,2360,18000,1.0,0,0,4,8,2180,180,1951,0,98177,47.7133,-122.367,2600,17300,2015,2,4,0,0,0,18880,0,1,64,153542,2.43,13.07924984875983,8212,79.67166859048352,20.32833140951648,5.038420387121875,99.43356309288201,27.4619531836484,2.43,12.346137193047566,8127,81.14840062926062,18.85159937073938,4.7893884163628995,99.46581196581197,26.716524216524217
1919800260,2014-07-16,3,1.75,2340,6750,1.5,0,0,5,7,1620,720,1914,0,98103,47.6956,-122.335,1410,3388,2014,7,2,0,0,0,16380,0,1,100,122656,2.11,22.87456037514654,24340,48.11213812347401,51.88786187652599,3.97510133178923,99.1585414718846,18.936823827968478,2.08,23.163301875522638,24335,48.10872624912034,51.89127375087966,4.7532645230375685,99.01151866677559,19.094300574571793
6632900354,2014-09-10,3,1.0,1020,5870,1.0,0,0,3,6,1020,0,1941,0,98155,47.74100000000001,-122.314,1160,6901,2014,9,2,0,0,0,6120,0,0,73,124531,2.48,16.52716001821175,13838,68.1508643268727,31.849135673127293,8.176812638295683,98.1925078457077,38.148015731140504,2.48,17.143465606587636,13823,68.9590238023501,31.040976197649893,9.775827429417362,98.56964422418308,37.801684193561385
3972900195,2014-09-16,3,1.0,1390,8333,1.0,0,0,3,7,1390,0,1982,0,98155,47.7652,-122.31,1320,7090,2014,9,1,0,0,0,9730,0,0,32,124531,2.48,16.52716001821175,13838,68.1508643268727,31.849135673127293,8.176812638295683,98.1925078457077,38.148015731140504,2.48,17.143465606587636,13823,68.9590238023501,31.040976197649893,9.775827429417362,98.56964422418308,37.801684193561385
5151600170,2014-10-16,3,1.5,1780,12231,1.0,0,0,4,8,1780,0,1956,0,98003,47.335,-122.321,2460,12663,2014,10,3,0,0,0,14240,0,0,58,67547,2.55,19.24448767833982,19289,48.22101062334889,51.77898937665112,8.09211372700373,97.76363151579788,55.309292094387416,2.53,17.855201652353518,19279,47.96962879640045,52.03037120359954,8.922079628575183,97.993265993266,55.535353535353536
7016000440,2014-07-16,5,2.25,2500,8621,1.5,0,0,4,7,2500,0,1968,0,98034,47.7379,-122.185,1980,7395,2014,7,2,0,0,0,17500,0,0,46,119806,2.43,16.05333943799004,18001,61.237125332716126,38.76287466728388,6.750954198473283,99.64536699635606,34.17816241540864,2.44,17.057790319329666,18171,60.109001406469766,39.89099859353024,7.7933415340661085,99.85536782591545,35.227795674183156
871000435,2015-05-09,4,2.0,2380,6122,1.0,0,2,4,8,1310,1070,1949,0,98199,47.6506,-122.405,1810,5202,2015,5,5,0,0,0,19040,0,1,66,168132,2.27,15.401888530631044,9920,62.062574948217595,37.937425051782405,4.147350993377484,99.1690635985938,22.416107382550337,2.24,15.287600188590286,9908,63.396185047138786,36.603814952861214,4.887626368117638,99.1062108559499,21.711899791231733
9578060540,2014-06-14,4,2.75,2360,4924,2.0,0,0,3,8,2360,0,2008,0,98028,47.7737,-122.235,2360,4670,2014,6,5,0,0,0,18880,0,0,6,132191,2.67,13.599013968775678,8536,72.67970599227607,27.320294007723934,6.275532377227293,98.3883964544722,35.38812785388128,2.64,14.729697547035009,8635,73.22834645669292,26.77165354330709,7.076760377192209,98.22348793056686,36.54054787089775
2332700060,2014-08-06,4,2.25,2620,10920,1.0,0,0,3,9,2620,0,1965,0,98005,47.6117,-122.164,2370,11907,2014,8,2,0,0,0,23580,0,0,49,151297,2.35,15.897297661567492,8146,56.48061808978287,43.51938191021713,7.278904560897765,100.07012622720896,23.796166432912578,2.35,15.411255411255413,8229,55.90447288560496,44.09552711439504,8.25257574211976,99.94462463412704,24.04081955541492
766000240,2014-09-15,4,2.0,2220,14120,1.0,0,0,3,7,1200,1020,1966,0,98042,47.361,-122.116,1300,9709,2014,9,0,0,0,0,15540,0,1,48,122709,2.84,14.728895746087723,16573,81.84237202230106,18.157627977698937,5.7493896195951795,98.46322368633011,50.75872289700055,2.8,15.359349774536549,16818,82.74386406544997,17.25613593455003,6.523882775213978,98.58030168589174,52.2264944625193
4363700200,2015-03-25,4,1.0,1190,7920,1.0,0,0,3,6,890,300,1951,0,98126,47.5305,-122.371,1140,7920,2015,3,2,0,0,0,7140,0,1,64,108072,2.36,17.374538643750345,10242,56.54861693210393,43.45138306789606,4.653176915203527,100.23680854939583,34.264375493351146,2.27,16.627794527561296,10016,55.87763397154776,44.12236602845224,5.641737426518615,99.87504685742846,36.67374734474572
7100000250,2015-02-11,3,1.0,1400,8710,1.0,0,0,4,7,1400,0,1948,0,98146,47.5066,-122.377,1460,8710,2015,2,2,0,0,0,9800,0,0,67,101051,2.8,20.73438156114403,10239,60.939156243375024,39.060843756624976,7.612875658738072,98.09803704114451,45.38649218143507,2.71,20.303089178162036,10155,59.27780144865786,40.72219855134214,9.27133130522961,98.80675038354451,49.75282686516279
2781250560,2014-12-02,2,2.0,1200,3624,2.0,0,0,3,6,1200,0,2003,0,98038,47.349,-122.025,1360,2693,2014,12,1,0,0,0,7200,0,0,11,135304,2.86,12.556807332442238,12545,84.88178488178488,15.118215118215117,8.23751596956063,99.08171413361725,51.89424185963978,2.88,13.27901930178551,12318,84.63165017339085,15.368349826609151,8.409014463504876,99.04576700434153,54.23299565846599
2781250100,2015-04-15,3,2.5,2550,5349,2.0,0,0,3,7,2550,0,2004,0,98038,47.3504,-122.026,2640,5400,2015,4,2,0,0,0,17850,0,0,11,135304,2.86,12.556807332442238,12545,84.88178488178488,15.118215118215117,8.23751596956063,99.08171413361725,51.89424185963978,2.88,13.27901930178551,12318,84.63165017339085,15.368349826609151,8.409014463504876,99.04576700434153,54.23299565846599
5419800220,2014-06-10,3,1.75,1590,7560,1.0,0,0,3,7,1130,460,1984,0,98031,47.4016,-122.18,1500,7560,2014,6,1,0,0,0,11130,0,1,30,98657,2.97,17.82141658274589,12676,64.00824742268041,35.99175257731959,8.799066842478954,97.82912276247302,50.04020143032457,2.99,17.766172506738545,12903,63.46782097353806,36.53217902646194,10.101061398608502,97.60154576385098,48.943588020330154
7147600245,2014-06-27,3,1.75,1650,12349,1.0,0,0,3,7,1650,0,1957,0,98188,47.442,-122.282,1470,10763,2014,6,4,0,0,0,11550,0,0,57,77722,2.57,21.355714002772828,10041,42.85119667013528,57.14880332986473,8.525003709749221,99.28014754000833,56.91593789041585,2.5,21.801283022680202,10236,44.501647446457994,55.498352553542006,9.433817315817777,98.1617870838152,56.87503804248585
2926069083,2014-05-07,5,3.75,4130,211729,2.0,0,0,3,9,3170,960,1985,0,98077,47.715,-122.065,4130,55321,2014,5,2,0,0,0,37170,0,1,29,169573,2.96,13.307618129218902,4923,94.13233458177278,5.867665418227216,4.543605045436051,99.69715956558062,31.47451963241437,2.98,14.185654756627361,4928,92.30282581189371,7.697174188106285,5.255087817117368,99.70955249569707,33.04647160068847
6189200125,2015-03-25,3,3.0,2990,9773,2.0,0,0,4,8,2990,0,1973,0,98005,47.6344,-122.174,2230,11553,2015,3,2,0,0,0,23920,0,0,42,151297,2.35,15.897297661567492,8146,56.48061808978287,43.51938191021713,7.278904560897765,100.07012622720896,23.796166432912578,2.35,15.411255411255413,8229,55.90447288560496,44.09552711439504,8.25257574211976,99.94462463412704,24.04081955541492
9542830160,2014-12-18,4,2.5,1580,3632,2.0,0,0,3,7,1580,0,2011,0,98038,47.3672,-122.019,1950,3800,2014,12,3,0,0,0,11060,0,0,3,135304,2.86,12.556807332442238,12545,84.88178488178488,15.118215118215117,8.23751596956063,99.08171413361725,51.89424185963978,2.88,13.27901930178551,12318,84.63165017339085,15.368349826609151,8.409014463504876,99.04576700434153,54.23299565846599
5152200020,2015-05-04,3,1.75,1620,12825,1.0,0,0,3,8,1340,280,1962,0,98003,47.3321,-122.323,2076,11200,2015,5,0,0,0,0,12960,0,1,53,67547,2.55,19.24448767833982,19289,48.22101062334889,51.77898937665112,8.09211372700373,97.76363151579788,55.309292094387416,2.53,17.855201652353518,19279,47.96962879640045,52.03037120359954,8.922079628575183,97.993265993266,55.535353535353536
9412900045,2014-05-19,3,1.5,1710,4500,1.5,0,0,3,8,1410,300,1928,0,98118,47.5366,-122.268,1860,6000,2014,5,0,0,0,0,13680,0,1,86,106930,2.75,18.80646044347112,17060,56.44829520663217,43.551704793367826,9.809241901003125,97.62032677053377,37.58809215308283,2.76,18.663888888888888,16861,55.8023285244242,44.1976714755758,10.945570971184631,97.02670100740065,37.2020995663939
6600410480,2014-08-28,3,1.0,1010,9920,1.0,0,0,3,6,1010,0,1977,0,98042,47.3238,-122.14,1270,9680,2014,8,3,0,0,0,6060,0,0,37,122709,2.84,14.728895746087723,16573,81.84237202230106,18.157627977698937,5.7493896195951795,98.46322368633011,50.75872289700055,2.8,15.359349774536549,16818,82.74386406544997,17.25613593455003,6.523882775213978,98.58030168589174,52.2264944625193
6979970080,2014-05-13,3,3.5,2876,5086,2.0,0,0,3,8,2360,516,2007,0,98072,47.7511,-122.173,2390,4419,2014,5,1,0,0,0,23008,0,1,7,157963,2.6,13.507779349363508,9217,75.10030952653904,24.899690473460964,4.844401668270773,98.9697933227345,34.97615262321145,2.6,13.562575408577382,9093,75.71628232005591,24.283717679944093,4.9586119070359755,99.31105530873737,35.92814371257485
5636010280,2014-09-02,3,2.5,1480,9743,2.0,0,0,4,7,1480,0,1996,0,98010,47.3293,-122.001,1810,9601,2014,9,1,0,0,0,10360,0,0,18,141579,2.57,13.38701560140916,2023,89.75431259801358,10.245687401986409,4.837398373983739,98.27384435342306,56.31948507899356,2.54,11.838658983761132,1978,90.11689691817216,9.883103081827842,4.036620890553475,98.94736842105263,61.702786377708975
1732801300,2014-10-08,2,2.5,2310,3313,2.0,0,0,3,9,2310,0,2006,0,98119,47.6318,-122.365,2700,5670,2014,10,2,0,0,0,20790,0,0,8,112865,1.9,25.481150100191062,12166,40.59950184660311,59.40049815339689,4.838109415705247,98.6912347167212,21.78979392686987,1.89,25.428950611432366,12075,40.114135206321336,59.885864793678664,5.074963929489995,99.02767835838702,20.561918396564067
5561401530,2014-10-29,1,1.5,1900,40600,1.5,0,0,5,9,1450,450,1977,0,98027,47.4718,-122.009,2920,40427,2014,10,2,0,0,0,17100,0,1,37,140556,2.54,13.249890206411946,11360,71.30082050336497,28.699179496635015,4.680932365303783,100.03016439595798,34.07571263385451,2.48,13.001025458112265,11363,70.81061096219614,29.189389037803863,5.410590943975442,99.23960116829488,32.964044717494204
9578500510,2014-11-03,3,2.5,2655,5080,2.0,0,0,3,8,2655,0,2013,0,98023,47.2972,-122.348,2879,5232,2014,11,0,0,0,0,21240,0,0,1,98057,2.84,17.422428414646312,18530,66.81093394077449,33.18906605922551,7.981084030556566,98.90960038986356,53.08845029239766,2.81,18.088104608353433,18625,64.76571428571428,35.23428571428571,8.736678507992895,98.46469418199901,51.54462953754351
7304300906,2014-06-13,3,1.0,1280,8184,1.5,0,0,4,6,1280,0,1947,0,98155,47.7467,-122.319,1120,8184,2014,6,4,0,0,0,7680,0,0,67,124531,2.48,16.52716001821175,13838,68.1508643268727,31.849135673127293,8.176812638295683,98.1925078457077,38.148015731140504,2.48,17.143465606587636,13823,68.9590238023501,31.040976197649893,9.775827429417362,98.56964422418308,37.801684193561385
1223089077,2015-04-01,3,1.75,4060,136290,1.0,0,0,3,8,2810,1250,1995,0,98045,47.4843,-121.719,1300,51836,2015,4,2,0,0,0,32480,0,1,20,154803,2.6,11.896235479081142,5848,76.05357142857143,23.946428571428573,4.146459747817652,98.97304236200257,46.04522563444257,2.62,12.452140619561435,5880,76.65285534137993,23.34714465862007,4.789620468048987,98.46000993541976,46.656731246895184
721049207,2014-06-19,3,1.75,1860,15681,1.0,0,0,4,7,1860,0,1971,0,98023,47.3191,-122.339,1860,22979,2014,6,3,0,0,0,13020,0,0,43,98057,2.84,17.422428414646312,18530,66.81093394077449,33.18906605922551,7.981084030556566,98.90960038986356,53.08845029239766,2.81,18.088104608353433,18625,64.76571428571428,35.23428571428571,8.736678507992895,98.46469418199901,51.54462953754351
8691330310,2014-05-05,4,3.0,3690,9892,2.0,0,0,3,10,3690,0,1998,0,98075,47.5937,-121.982,3430,11294,2014,5,0,0,0,0,36900,0,0,16,234261,3.16,10.383283441920526,7595,87.0674447007735,12.93255529922649,3.5686033224927485,99.95167414566794,21.139109423541594,3.16,11.460327261500463,7356,87.72919605077574,12.270803949224259,4.311893639956881,99.93420090656528,21.340839303991814
1523069204,2014-12-08,4,2.25,2020,85813,2.0,0,0,3,7,2020,0,1995,0,98027,47.483,-122.026,2120,85813,2014,12,0,0,0,0,14140,0,0,19,140556,2.54,13.249890206411946,11360,71.30082050336497,28.699179496635015,4.680932365303783,100.03016439595798,34.07571263385451,2.48,13.001025458112265,11363,70.81061096219614,29.189389037803863,5.410590943975442,99.23960116829488,32.964044717494204
3188100105,2014-11-07,4,2.5,2110,6820,1.0,0,0,5,7,1530,580,1942,0,98115,47.6882,-122.306,1420,6431,2014,11,4,0,0,0,14770,0,1,72,141013,2.36,20.038971348841685,22085,62.56938184923383,37.430618150766165,5.07985950029823,99.48958702950569,21.213527308458662,2.32,19.346653198985,21778,62.75248864405142,37.24751135594858,5.230427913543313,99.63049016040087,21.893457996248916
6608500290,2014-10-24,3,2.5,1430,10200,1.0,0,0,3,7,1430,0,1960,0,98033,47.7012,-122.166,1470,10350,2014,10,4,0,0,0,10010,0,0,54,163786,2.29,14.715707890692858,16640,64.64853771164701,35.351462288353005,6.13177729151471,100.35475872592028,25.88212855235552,2.3,14.803502341681938,16431,65.22136010953903,34.77863989046098,6.479481641468683,100.68666848737857,27.48234559712848
2891400410,2015-02-27,3,2.25,1820,99752,1.0,0,0,4,7,1820,0,1969,0,98092,47.2838,-122.006,1850,117612,2015,2,4,0,0,0,12740,0,0,46,112735,2.77,17.21767115272089,16100,70.074142116659,29.92585788334099,8.37161127623165,98.55946766114585,47.855654272238674,2.7,17.027911100241507,15769,70.4232874883162,29.5767125116838,8.278795811518325,98.43809669288933,49.83960895134805
7663700551,2015-04-07,3,2.0,1060,11765,1.0,0,0,4,6,1060,0,1951,0,98125,47.7333,-122.302,1500,9151,2015,4,1,0,0,0,6360,0,0,64,89983,2.18,19.775984583885343,18882,47.03408836061897,52.96591163938103,6.25,100.80028203772255,32.942005993301606,2.12,19.175038337558288,18728,45.79247434435576,54.20752565564424,6.600554974298321,100.34034541438865,33.71592019986242
5413200140,2014-10-21,3,2.5,1580,8541,2.0,0,0,3,7,1580,0,1990,0,98001,47.3334,-122.289,1640,7542,2014,10,1,0,0,0,11060,0,0,24,103338,2.88,16.70823899612418,11853,78.03582680709334,21.964173192906653,7.520990889060918,99.03689573349462,55.469222537570374,2.84,16.314553990610328,11718,77.66858997475659,22.33141002524342,8.275337739049068,97.7865131732884,55.145303944967004
425069139,2014-10-27,4,2.25,2090,45738,2.0,0,0,3,8,2090,0,1987,0,98053,47.6876,-122.049,3420,45738,2014,10,0,0,0,0,16720,0,0,27,171822,2.69,9.269278791842558,8377,85.93194514982224,14.068054850177756,4.442119280890326,99.83973288814691,26.8313856427379,2.67,10.823743185947912,8200,82.85419620987496,17.145803790125047,5.704032486542639,99.89091900736297,26.56803926915735
6713700155,2014-08-18,3,1.0,1470,8400,1.0,0,0,4,7,1470,0,1953,0,98133,47.7628,-122.354,1470,8400,2014,8,0,0,0,0,10290,0,0,61,85059,2.18,19.780409147977647,22049,47.43003034828267,52.56996965171733,6.900681086745005,98.7952152014652,40.53628663003663,2.2,19.916468960063266,21780,48.4259846747035,51.57401532529649,9.163212725439678,98.85203345832132,41.53446783963081
2767603505,2014-05-07,3,2.25,1170,1249,3.0,0,0,3,8,1170,0,2014,0,98107,47.6722,-122.381,1350,1310,2014,5,2,0,0,0,9360,0,0,0,131559,1.93,23.823613629855874,12707,35.71075197889182,64.28924802110818,5.1404627006610015,99.34580861098434,21.74552462092398,1.92,23.06289432176656,12416,34.91419393017161,65.0858060698284,6.3046647230320705,99.24250394529194,22.530247238295633
7789000080,2014-09-30,3,1.0,940,8400,1.0,0,0,5,7,940,0,1958,0,98056,47.5112,-122.167,950,8400,2014,9,1,0,0,0,6580,0,0,56,102196,2.51,19.700650139315567,13893,51.64368244502423,48.356317554975774,6.624963057826815,97.99134991266739,42.58920402561757,2.56,20.747436492907926,13631,51.246200607902736,48.753799392097264,7.454338464584468,97.1547942343848,43.680802172550656
9211500620,2015-04-28,3,2.25,1740,6650,1.0,0,0,3,7,1240,500,1978,0,98023,47.2979,-122.379,1740,7000,2015,4,1,0,0,0,12180,0,1,37,98057,2.84,17.422428414646312,18530,66.81093394077449,33.18906605922551,7.981084030556566,98.90960038986356,53.08845029239766,2.81,18.088104608353433,18625,64.76571428571428,35.23428571428571,8.736678507992895,98.46469418199901,51.54462953754351
3750604417,2014-05-26,3,1.0,1140,8800,1.0,0,0,3,7,1140,0,1972,0,98001,47.2629,-122.275,1270,13560,2014,5,0,0,0,0,7980,0,0,42,103338,2.88,16.70823899612418,11853,78.03582680709334,21.964173192906653,7.520990889060918,99.03689573349462,55.469222537570374,2.84,16.314553990610328,11718,77.66858997475659,22.33141002524342,8.275337739049068,97.7865131732884,55.145303944967004
7922800320,2014-10-16,5,1.75,2040,8996,1.0,0,2,4,7,1020,1020,1962,0,98008,47.588,-122.118,1950,8270,2014,10,3,0,0,0,14280,0,1,52,164219,2.69,15.393666045690754,9357,72.43788819875776,27.562111801242235,6.570794767842117,99.65975011155734,31.626506024096386,2.69,15.761031234506692,9349,72.46019286835613,27.53980713164387,7.243693589446886,99.19940949352714,32.716329775153305
1471620240,2014-05-16,3,2.5,1480,15639,2.0,0,0,3,8,1480,0,1987,0,98045,47.4723,-121.746,1480,16454,2014,5,4,0,0,0,11840,0,0,27,154803,2.6,11.896235479081142,5848,76.05357142857143,23.946428571428573,4.146459747817652,98.97304236200257,46.04522563444257,2.62,12.452140619561435,5880,76.65285534137993,23.34714465862007,4.789620468048987,98.46000993541976,46.656731246895184
2222059052,2015-02-27,3,2.5,2529,9653,2.0,0,0,3,7,2529,0,2012,0,98042,47.3738,-122.161,2533,6125,2015,2,4,0,0,0,17703,0,0,3,122709,2.84,14.728895746087723,16573,81.84237202230106,18.157627977698937,5.7493896195951795,98.46322368633011,50.75872289700055,2.8,15.359349774536549,16818,82.74386406544997,17.25613593455003,6.523882775213978,98.58030168589174,52.2264944625193
9551200270,2014-08-25,5,3.0,3350,9450,2.0,0,0,5,8,2180,1170,1912,1980,98103,47.6705,-122.34,2660,4500,2014,8,0,1,0,0,26800,0,1,102,122656,2.11,22.87456037514654,24340,48.11213812347401,51.88786187652599,3.97510133178923,99.1585414718846,18.936823827968478,2.08,23.163301875522638,24335,48.10872624912034,51.89127375087966,4.7532645230375685,99.01151866677559,19.094300574571793
2767603160,2015-02-25,2,1.0,1320,4750,1.5,0,0,4,7,1320,0,1928,0,98107,47.6729,-122.38,1360,2873,2015,2,2,0,0,0,9240,0,0,87,131559,1.93,23.823613629855874,12707,35.71075197889182,64.28924802110818,5.1404627006610015,99.34580861098434,21.74552462092398,1.92,23.06289432176656,12416,34.91419393017161,65.0858060698284,6.3046647230320705,99.24250394529194,22.530247238295633
9406710060,2014-11-14,5,2.5,2460,5604,2.0,0,0,3,8,2460,0,2011,0,98038,47.3658,-122.037,2210,6395,2014,11,4,0,0,0,19680,0,0,3,135304,2.86,12.556807332442238,12545,84.88178488178488,15.118215118215117,8.23751596956063,99.08171413361725,51.89424185963978,2.88,13.27901930178551,12318,84.63165017339085,15.368349826609151,8.409014463504876,99.04576700434153,54.23299565846599
8929000250,2015-04-13,2,1.75,1210,1161,2.0,0,0,3,8,1210,0,2014,0,98029,47.5513,-121.998,1700,2285,2015,4,0,0,0,0,9680,0,0,1,156427,2.51,10.307103610675039,11144,68.2339558251967,31.766044174803298,6.658926376178117,99.6974697469747,23.432343234323433,2.49,9.80519156992676,11047,66.38615281629531,33.6138471837047,7.2508398656215,99.70228064262442,25.536456577912592
5538300120,2014-10-15,4,2.5,2170,10500,1.0,0,0,3,7,1570,600,1962,0,98155,47.7512,-122.295,1850,11127,2014,10,2,0,0,0,15190,0,1,52,124531,2.48,16.52716001821175,13838,68.1508643268727,31.849135673127293,8.176812638295683,98.1925078457077,38.148015731140504,2.48,17.143465606587636,13823,68.9590238023501,31.040976197649893,9.775827429417362,98.56964422418308,37.801684193561385
2223069120,2014-08-20,4,1.75,2800,49149,1.0,0,0,4,7,1400,1400,1978,0,98027,47.4649,-122.034,2560,61419,2014,8,2,0,0,0,19600,0,1,36,140556,2.54,13.249890206411946,11360,71.30082050336497,28.699179496635015,4.680932365303783,100.03016439595798,34.07571263385451,2.48,13.001025458112265,11363,70.81061096219614,29.189389037803863,5.410590943975442,99.23960116829488,32.964044717494204
1652500060,2014-07-11,8,2.75,4040,20666,1.0,0,0,4,9,2020,2020,1962,0,98004,47.63399999999999,-122.221,3670,20500,2014,7,4,0,0,0,36360,0,1,52,157784,2.09,16.09075919420747,17462,44.548266529191906,55.451733470808094,6.039425544695026,99.71498371335505,20.39087947882736,2.11,16.54254118709095,16773,45.298507462686565,54.701492537313435,6.137602970182156,99.6095090971507,22.202197047717128
8564500240,2014-05-27,5,1.5,1900,10226,1.0,0,0,3,7,1130,770,1961,0,98034,47.7226,-122.227,1690,10227,2014,5,1,0,0,0,13300,0,1,53,119806,2.43,16.05333943799004,18001,61.237125332716126,38.76287466728388,6.750954198473283,99.64536699635606,34.17816241540864,2.44,17.057790319329666,18171,60.109001406469766,39.89099859353024,7.7933415340661085,99.85536782591545,35.227795674183156
3629700120,2014-10-14,3,3.0,2330,1944,2.5,0,0,3,8,1950,380,2014,0,98027,47.5446,-122.016,2290,1407,2014,10,1,0,0,0,18640,0,1,0,140556,2.54,13.249890206411946,11360,71.30082050336497,28.699179496635015,4.680932365303783,100.03016439595798,34.07571263385451,2.48,13.001025458112265,11363,70.81061096219614,29.189389037803863,5.410590943975442,99.23960116829488,32.964044717494204
3943600070,2014-08-11,3,2.5,2393,4788,2.0,0,0,3,8,2393,0,2012,0,98055,47.4517,-122.204,2439,5477,2014,8,0,0,0,0,19144,0,0,2,90525,2.52,17.770148765734834,9457,52.904097253489425,47.09590274651058,6.387272021730695,100.09902828495389,48.560995234263785,2.46,17.95350415747497,9186,54.91396235131077,45.08603764868923,6.44159566844494,98.96273530541683,49.161224228454344
4171200025,2015-03-27,3,1.5,1940,8951,1.0,0,0,3,7,1300,640,1958,0,98168,47.473,-122.328,2000,8319,2015,3,4,0,0,0,13580,0,1,57,77935,2.8,20.49963262307127,12139,52.17844124283978,47.82155875716022,8.562583961217218,96.41425186805176,54.26006925460178,2.89,20.8829290342022,12234,50.7457509538675,49.2542490461325,11.205219182785854,97.16754897968418,53.68535360390933
2425049063,2014-09-11,4,3.25,4830,22257,2.0,1,4,4,11,4830,0,1990,0,98039,47.6409,-122.241,3820,25582,2014,9,3,0,0,1,53130,4830,0,24,244740,2.87,9.791666666666666,1266,91.62833486660533,8.371665133394664,2.4007386888273317,99.69984992496248,13.256628314157078,2.92,7.837127845884413,1214,90.13282732447819,9.867172675521822,2.1998166819431715,100.0,14.598168870803663
9828701650,2014-11-25,2,1.0,700,3400,1.0,0,0,3,6,700,0,1946,0,98112,47.6212,-122.296,1570,4512,2014,11,1,0,0,0,4200,0,0,68,153204,2.12,20.965110771983372,10930,55.615488345212874,44.38451165478713,5.323420074349442,99.23632488752072,17.546767700686715,2.12,21.08649789029536,11036,54.353054353054354,45.646945646945646,6.614844158756259,99.30969930969931,17.801567801567803
3581000340,2015-02-27,4,1.0,1230,8316,1.5,0,0,3,7,1230,0,1963,0,98034,47.7269,-122.24,1490,8316,2015,2,4,0,0,0,8610,0,0,52,119806,2.43,16.05333943799004,18001,61.237125332716126,38.76287466728388,6.750954198473283,99.64536699635606,34.17816241540864,2.44,17.057790319329666,18171,60.109001406469766,39.89099859353024,7.7933415340661085,99.85536782591545,35.227795674183156
8100900015,2014-10-22,3,2.0,2020,7260,1.5,0,0,3,7,1180,840,1926,0,98108,47.5496,-122.311,1400,5950,2014,10,2,0,0,0,14140,0,1,88,90179,3.03,19.908830157754558,8612,54.59848578875513,45.40151421124488,8.936391301120759,96.30263002712583,38.9019931595707,3.04,20.018841262364578,8329,53.53791529292417,46.46208470707583,9.09441233140655,96.94831433568542,39.52716965201134
2125059161,2014-10-23,4,2.5,3430,43560,1.5,0,2,5,10,3430,0,1979,0,98005,47.6426,-122.18,3700,44431,2014,10,3,0,0,0,34300,0,0,35,151297,2.35,15.897297661567492,8146,56.48061808978287,43.51938191021713,7.278904560897765,100.07012622720896,23.796166432912578,2.35,15.411255411255413,8229,55.90447288560496,44.09552711439504,8.25257574211976,99.94462463412704,24.04081955541492
304000380,2014-10-06,3,1.0,1090,17630,1.0,0,0,4,7,1090,0,1962,0,98002,47.288,-122.196,1300,12000,2014,10,0,0,0,0,7630,0,0,52,68040,2.64,18.596016244440147,13738,50.49263025143848,49.50736974856152,8.921506062539885,96.5053019824804,61.71046565237437,2.61,18.7400560648534,13981,49.973103819257666,50.026896180742334,11.200844877927564,96.62962288212789,60.11568591728912
8146200070,2015-03-10,5,2.75,3810,9360,2.0,0,0,3,10,3810,0,2014,0,98004,47.6039,-122.194,2110,9870,2015,3,1,0,0,0,38100,0,0,1,157784,2.09,16.09075919420747,17462,44.548266529191906,55.451733470808094,6.039425544695026,99.71498371335505,20.39087947882736,2.11,16.54254118709095,16773,45.298507462686565,54.701492537313435,6.137602970182156,99.6095090971507,22.202197047717128
686530170,2014-10-22,3,2.25,2150,9900,1.0,0,0,3,8,1450,700,1977,0,98052,47.6647,-122.149,2170,9500,2014,10,2,0,0,0,17200,0,1,37,158457,2.49,16.67975909924064,26354,53.58728109111451,46.41271890888548,5.135890711012479,99.32081320083873,22.76187437323366,2.43,16.793908754119162,26472,53.10328204716185,46.896717952838145,5.753945061367621,99.18121641257467,25.27158244343474
2917200645,2015-05-11,4,1.75,2020,6200,1.0,0,0,4,6,1010,1010,1948,0,98133,47.7013,-122.35,1440,4158,2015,5,0,0,0,0,12120,0,1,67,85059,2.18,19.780409147977647,22049,47.43003034828267,52.56996965171733,6.900681086745005,98.7952152014652,40.53628663003663,2.2,19.916468960063266,21780,48.4259846747035,51.57401532529649,9.163212725439678,98.85203345832132,41.53446783963081
9547200530,2015-01-12,6,4.0,3300,5720,1.0,0,0,3,8,1960,1340,1963,0,98115,47.676,-122.309,2030,4080,2015,1,0,0,0,0,26400,0,1,52,141013,2.36,20.038971348841685,22085,62.56938184923383,37.430618150766165,5.07985950029823,99.48958702950569,21.213527308458662,2.32,19.346653198985,21778,62.75248864405142,37.24751135594858,5.230427913543313,99.63049016040087,21.893457996248916
2122059199,2014-10-02,4,4.25,4480,5715,2.0,0,0,3,7,3680,800,2003,0,98030,47.373000000000005,-122.179,2190,6070,2014,10,3,0,0,0,31360,0,1,11,85188,3.09,19.65576092087585,12484,47.11751662971175,52.88248337028825,8.260646485377118,97.17440872714266,52.62663745696785,3.0,17.600482618203756,12534,46.087481666810454,53.91251833318954,8.848456113317134,97.94284650470073,53.155543144373084
1150000740,2014-10-03,4,2.5,1990,8034,2.0,0,0,4,10,1990,0,1989,0,98029,47.56100000000001,-122.018,2580,8034,2014,10,4,0,0,0,19900,0,0,25,156427,2.51,10.307103610675039,11144,68.2339558251967,31.766044174803298,6.658926376178117,99.6974697469747,23.432343234323433,2.49,9.80519156992676,11047,66.38615281629531,33.6138471837047,7.2508398656215,99.70228064262442,25.536456577912592
5706200060,2014-08-18,3,1.0,1020,18050,1.0,0,0,3,7,1020,0,1969,0,98027,47.5254,-122.043,1750,11640,2014,8,0,0,0,0,7140,0,0,45,140556,2.54,13.249890206411946,11360,71.30082050336497,28.699179496635015,4.680932365303783,100.03016439595798,34.07571263385451,2.48,13.001025458112265,11363,70.81061096219614,29.189389037803863,5.410590943975442,99.23960116829488,32.964044717494204
9265410010,2015-02-03,3,1.75,1470,8350,1.0,0,0,3,7,1470,0,1990,0,98001,47.2587,-122.253,1590,8182,2015,2,1,0,0,0,10290,0,0,25,103338,2.88,16.70823899612418,11853,78.03582680709334,21.964173192906653,7.520990889060918,99.03689573349462,55.469222537570374,2.84,16.314553990610328,11718,77.66858997475659,22.33141002524342,8.275337739049068,97.7865131732884,55.145303944967004
4083800555,2015-03-26,2,1.0,980,3080,1.5,0,0,3,7,980,0,1910,1946,98103,47.6646,-122.339,1450,3333,2015,3,3,1,0,0,6860,0,0,105,122656,2.11,22.87456037514654,24340,48.11213812347401,51.88786187652599,3.97510133178923,99.1585414718846,18.936823827968478,2.08,23.163301875522638,24335,48.10872624912034,51.89127375087966,4.7532645230375685,99.01151866677559,19.094300574571793
6152900332,2014-08-01,4,2.5,1160,16008,1.0,0,0,4,7,1160,0,1989,0,98155,47.7643,-122.295,1570,12645,2014,8,4,0,0,0,8120,0,0,25,124531,2.48,16.52716001821175,13838,68.1508643268727,31.849135673127293,8.176812638295683,98.1925078457077,38.148015731140504,2.48,17.143465606587636,13823,68.9590238023501,31.040976197649893,9.775827429417362,98.56964422418308,37.801684193561385
2520900301,2014-10-22,3,1.0,1070,5750,1.0,0,0,3,7,1070,0,1952,0,98178,47.5071,-122.255,1420,6500,2014,10,2,0,0,0,7490,0,0,62,96875,2.82,20.090596844044004,9752,59.93050885451693,40.06949114548308,5.811326633948742,99.90720334067974,49.350423384758145,2.76,19.902357951594475,9374,62.577187463590825,37.42281253640918,7.69108659417414,99.64886790168302,47.354401259232354
9828200790,2014-10-28,4,2.0,1400,4800,2.0,0,0,3,7,1400,0,1986,0,98122,47.6168,-122.298,1620,2595,2014,10,1,0,0,0,9800,0,0,28,94548,1.96,34.44654683065279,17551,33.21537815630061,66.7846218436994,4.870675176352032,98.85230330853253,23.880006332119677,1.95,33.01648693828051,17176,33.65877772971637,66.34122227028362,6.536089637800748,98.60956388992037,25.23827206337418
1657530180,2014-12-04,3,2.5,1760,2688,2.0,0,0,3,7,1760,0,2005,0,98059,47.4903,-122.166,1760,2329,2014,12,3,0,0,0,12320,0,0,9,126846,2.75,13.177344215208938,13637,79.87440417643943,20.125595823560566,4.938333752831613,99.5200838844975,40.75657364090983,2.79,13.745595489781536,13401,78.51442602823818,21.485573971761816,6.100010041168792,99.15702883205734,41.01237986642776
7471900045,2015-04-21,3,2.0,1760,7147,1.0,0,0,4,6,880,880,1936,0,98055,47.4799,-122.232,1720,7147,2015,4,1,0,0,0,10560,0,1,79,90525,2.52,17.770148765734834,9457,52.904097253489425,47.09590274651058,6.387272021730695,100.09902828495389,48.560995234263785,2.46,17.95350415747497,9186,54.91396235131077,45.08603764868923,6.44159566844494,98.96273530541683,49.161224228454344
9828200460,2014-06-27,2,1.0,700,4800,1.0,0,0,3,7,700,0,1922,0,98122,47.6147,-122.3,1440,4800,2014,6,4,0,0,0,4900,0,0,92,94548,1.96,34.44654683065279,17551,33.21537815630061,66.7846218436994,4.870675176352032,98.85230330853253,23.880006332119677,1.95,33.01648693828051,17176,33.65877772971637,66.34122227028362,6.536089637800748,98.60956388992037,25.23827206337418
1775900140,2014-07-09,3,2.0,1760,6875,1.0,0,0,4,8,1760,0,1967,0,98072,47.74,-122.093,1670,13650,2014,7,2,0,0,0,14080,0,0,47,157963,2.6,13.507779349363508,9217,75.10030952653904,24.899690473460964,4.844401668270773,98.9697933227345,34.97615262321145,2.6,13.562575408577382,9093,75.71628232005591,24.283717679944093,4.9586119070359755,99.31105530873737,35.92814371257485
6139800430,2014-05-22,5,2.25,2230,9600,1.0,0,0,3,8,1320,910,1978,0,98077,47.7466,-122.076,2080,9760,2014,5,3,0,0,0,17840,0,1,36,169573,2.96,13.307618129218902,4923,94.13233458177278,5.867665418227216,4.543605045436051,99.69715956558062,31.47451963241437,2.98,14.185654756627361,4928,92.30282581189371,7.697174188106285,5.255087817117368,99.70955249569707,33.04647160068847
7214400005,2015-03-13,2,1.0,1310,5200,1.0,0,0,3,7,910,400,1946,0,98115,47.6784,-122.304,1320,4794,2015,3,4,0,0,0,9170,0,1,69,141013,2.36,20.038971348841685,22085,62.56938184923383,37.430618150766165,5.07985950029823,99.48958702950569,21.213527308458662,2.32,19.346653198985,21778,62.75248864405142,37.24751135594858,5.230427913543313,99.63049016040087,21.893457996248916
5332200026,2014-05-08,2,2.5,1360,1349,2.0,0,0,3,8,1050,310,1997,0,98112,47.6254,-122.292,1430,4400,2014,5,3,0,0,0,10880,0,1,17,153204,2.12,20.965110771983372,10930,55.615488345212874,44.38451165478713,5.323420074349442,99.23632488752072,17.546767700686715,2.12,21.08649789029536,11036,54.353054353054354,45.646945646945646,6.614844158756259,99.30969930969931,17.801567801567803
9510970300,2014-09-23,4,2.5,3310,5101,2.0,0,0,3,9,3310,0,2005,0,98052,47.6649,-122.08,3010,5176,2014,9,1,0,0,0,29790,0,0,9,158457,2.49,16.67975909924064,26354,53.58728109111451,46.41271890888548,5.135890711012479,99.32081320083873,22.76187437323366,2.43,16.793908754119162,26472,53.10328204716185,46.896717952838145,5.753945061367621,99.18121641257467,25.27158244343474
2540830020,2015-04-01,3,2.25,1630,6449,1.0,0,0,3,7,1310,320,1986,0,98011,47.7275,-122.232,1620,7429,2015,4,2,0,0,0,11410,0,1,29,124418,2.46,15.247978855721392,13329,65.2180746561886,34.781925343811395,6.342825237297599,99.00660763248978,39.452510450847306,2.46,15.129648719371977,13089,66.21599871237727,33.78400128762273,7.092279579716767,99.87127028642361,40.38435014482093
3392100140,2015-01-06,3,1.0,1280,9775,1.0,0,0,3,6,1280,0,1964,0,98003,47.3262,-122.334,1230,8750,2015,1,1,0,0,0,7680,0,0,51,67547,2.55,19.24448767833982,19289,48.22101062334889,51.77898937665112,8.09211372700373,97.76363151579788,55.309292094387416,2.53,17.855201652353518,19279,47.96962879640045,52.03037120359954,8.922079628575183,97.993265993266,55.535353535353536
1326069191,2015-02-02,3,2.25,1840,9781,2.0,0,0,3,7,1840,0,1989,0,98019,47.7347,-121.976,1490,10101,2015,2,0,0,0,0,12880,0,0,26,149479,2.7,12.106593154146566,4391,82.10296260320544,17.89703739679456,7.84727863525589,98.49849849849849,41.80999180999181,2.75,12.650887573964498,4151,85.6704980842912,14.329501915708812,9.496822943499913,98.77597495018503,47.3242243097068
2125059112,2015-03-26,5,2.5,3150,50094,2.0,0,0,4,9,3150,0,1969,0,98005,47.6387,-122.177,3600,48787,2015,3,3,0,0,0,28350,0,0,46,151297,2.35,15.897297661567492,8146,56.48061808978287,43.51938191021713,7.278904560897765,100.07012622720896,23.796166432912578,2.35,15.411255411255413,8229,55.90447288560496,44.09552711439504,8.25257574211976,99.94462463412704,24.04081955541492
859000022,2014-08-19,3,2.5,1740,1844,2.0,0,0,3,8,1320,420,2008,0,98106,47.5248,-122.365,1740,1789,2014,8,1,0,0,0,13920,0,1,6,94762,2.43,20.256740681998416,10747,46.417630200612706,53.58236979938729,9.329466197085837,100.42269832078749,44.035900405327155,2.5,19.96174407768895,10674,48.08038392321536,51.91961607678465,9.873452927270199,101.05257103416542,44.05843782353618
8854100350,2015-01-07,5,2.5,2990,15085,2.0,0,0,3,9,2990,0,2007,0,98011,47.746,-122.218,3150,13076,2015,1,2,0,0,0,26910,0,0,8,124418,2.46,15.247978855721392,13329,65.2180746561886,34.781925343811395,6.342825237297599,99.00660763248978,39.452510450847306,2.46,15.129648719371977,13089,66.21599871237727,33.78400128762273,7.092279579716767,99.87127028642361,40.38435014482093
121059007,2014-08-08,4,1.0,1200,43560,1.0,0,0,3,5,1200,0,1968,0,98042,47.3375,-122.123,1400,54450,2014,8,4,0,0,0,6000,0,0,46,122709,2.84,14.728895746087723,16573,81.84237202230106,18.157627977698937,5.7493896195951795,98.46322368633011,50.75872289700055,2.8,15.359349774536549,16818,82.74386406544997,17.25613593455003,6.523882775213978,98.58030168589174,52.2264944625193
7977201707,2014-05-23,3,1.75,1680,3420,1.0,0,0,3,7,960,720,1992,0,98115,47.6854,-122.291,1680,4080,2014,5,4,0,0,0,11760,0,1,22,141013,2.36,20.038971348841685,22085,62.56938184923383,37.430618150766165,5.07985950029823,99.48958702950569,21.213527308458662,2.32,19.346653198985,21778,62.75248864405142,37.24751135594858,5.230427913543313,99.63049016040087,21.893457996248916
3859900060,2015-01-12,5,4.0,4830,16065,2.0,0,1,3,12,4360,1940,2004,0,98004,47.5922,-122.207,3260,17287,2015,1,0,0,0,1,75600,0,1,11,157784,2.09,16.09075919420747,17462,44.548266529191906,55.451733470808094,6.039425544695026,99.71498371335505,20.39087947882736,2.11,16.54254118709095,16773,45.298507462686565,54.701492537313435,6.137602970182156,99.6095090971507,22.202197047717128
8815400735,2014-05-29,3,2.25,2330,4000,1.5,0,2,5,7,1520,810,1927,0,98115,47.6732,-122.29,1870,4000,2014,5,3,0,0,0,16310,0,1,87,141013,2.36,20.038971348841685,22085,62.56938184923383,37.430618150766165,5.07985950029823,99.48958702950569,21.213527308458662,2.32,19.346653198985,21778,62.75248864405142,37.24751135594858,5.230427913543313,99.63049016040087,21.893457996248916
705700530,2014-07-30,3,2.5,2170,9798,2.0,0,0,3,7,2170,0,1995,0,98038,47.3817,-122.023,2020,8121,2014,7,2,0,0,0,15190,0,0,19,135304,2.86,12.556807332442238,12545,84.88178488178488,15.118215118215117,8.23751596956063,99.08171413361725,51.89424185963978,2.88,13.27901930178551,12318,84.63165017339085,15.368349826609151,8.409014463504876,99.04576700434153,54.23299565846599
6600780130,2014-05-02,4,3.0,3110,7231,2.0,0,0,3,8,3110,0,1997,0,98092,47.3279,-122.191,2820,7311,2014,5,4,0,0,0,24880,0,0,17,112735,2.77,17.21767115272089,16100,70.074142116659,29.92585788334099,8.37161127623165,98.55946766114585,47.855654272238674,2.7,17.027911100241507,15769,70.4232874883162,29.5767125116838,8.278795811518325,98.43809669288933,49.83960895134805
6378500105,2014-12-24,2,1.0,1510,6807,1.0,0,0,3,7,1090,420,1939,0,98133,47.711000000000006,-122.353,1460,6807,2014,12,2,0,0,0,10570,0,1,75,85059,2.18,19.780409147977647,22049,47.43003034828267,52.56996965171733,6.900681086745005,98.7952152014652,40.53628663003663,2.2,19.916468960063266,21780,48.4259846747035,51.57401532529649,9.163212725439678,98.85203345832132,41.53446783963081
8143000310,2014-09-09,4,2.5,2020,7200,1.0,0,0,5,7,1010,1010,1968,0,98034,47.7289,-122.201,1620,7275,2014,9,1,0,0,0,14140,0,1,46,119806,2.43,16.05333943799004,18001,61.237125332716126,38.76287466728388,6.750954198473283,99.64536699635606,34.17816241540864,2.44,17.057790319329666,18171,60.109001406469766,39.89099859353024,7.7933415340661085,99.85536782591545,35.227795674183156
2877102330,2014-05-16,4,2.5,2110,3750,2.0,0,0,3,8,2110,0,2000,0,98117,47.6789,-122.363,1700,5000,2014,5,4,0,0,0,16880,0,0,14,166029,2.29,15.29702030745872,14220,69.81104756388909,30.18895243611091,4.762847806713536,99.83316649983317,23.652819486152822,2.32,15.579379562043796,14093,70.67265234030027,29.327347659699736,4.742001293725432,99.6292707587311,24.463917091460587
3526039074,2014-06-25,4,2.75,1910,16532,1.0,0,0,4,7,1420,490,1940,0,98117,47.6952,-122.39,2300,8250,2014,6,2,0,0,0,13370,0,1,74,166029,2.29,15.29702030745872,14220,69.81104756388909,30.18895243611091,4.762847806713536,99.83316649983317,23.652819486152822,2.32,15.579379562043796,14093,70.67265234030027,29.327347659699736,4.742001293725432,99.6292707587311,24.463917091460587
2115510300,2014-10-16,3,2.25,1440,10500,1.0,0,0,3,8,1130,310,1983,0,98023,47.318000000000005,-122.391,1510,8125,2014,10,3,0,0,0,11520,0,1,31,98057,2.84,17.422428414646312,18530,66.81093394077449,33.18906605922551,7.981084030556566,98.90960038986356,53.08845029239766,2.81,18.088104608353433,18625,64.76571428571428,35.23428571428571,8.736678507992895,98.46469418199901,51.54462953754351
3024059014,2015-03-25,4,2.25,3020,11489,1.5,1,3,5,10,2110,910,1916,1988,98040,47.5395,-122.21,3890,11489,2015,3,2,1,0,0,30200,3020,1,99,190985,2.51,9.818010174647295,10179,71.95032870708546,28.049671292914535,5.143830092302178,100.51344885932669,15.986930392671683,2.49,9.62381105055039,10139,74.13847948255751,25.861520517442475,4.498525073746313,100.2252118769632,17.157589047590825
2141330360,2014-07-29,4,2.25,2100,8290,2.0,0,0,4,8,2100,0,1978,0,98006,47.5595,-122.129,2100,8290,2014,7,1,0,0,0,16800,0,0,36,185991,2.82,14.267360653577546,13727,77.46436154079466,22.535638459205337,6.640385009215646,100.15012703056432,27.042112556778815,2.81,13.709650387155165,13558,77.95756373072813,22.042436269271867,7.3147711184521,100.43854542632049,26.78619940233632
546000400,2015-04-22,5,2.5,1690,2402,1.5,0,0,3,7,990,700,1930,0,98117,47.6903,-122.38,1200,4005,2015,4,2,0,0,0,11830,0,1,85,166029,2.29,15.29702030745872,14220,69.81104756388909,30.18895243611091,4.762847806713536,99.83316649983317,23.652819486152822,2.32,15.579379562043796,14093,70.67265234030027,29.327347659699736,4.742001293725432,99.6292707587311,24.463917091460587
2071500011,2014-08-11,4,2.25,1930,7925,1.0,0,0,3,8,1300,630,1960,0,98155,47.7626,-122.312,1930,7200,2014,8,0,0,0,0,15440,0,1,54,124531,2.48,16.52716001821175,13838,68.1508643268727,31.849135673127293,8.176812638295683,98.1925078457077,38.148015731140504,2.48,17.143465606587636,13823,68.9590238023501,31.040976197649893,9.775827429417362,98.56964422418308,37.801684193561385
7972000240,2015-02-02,3,1.75,1510,10248,1.0,0,0,3,7,1510,0,1969,0,98023,47.2929,-122.371,1510,9753,2015,2,0,0,0,0,10570,0,0,46,98057,2.84,17.422428414646312,18530,66.81093394077449,33.18906605922551,7.981084030556566,98.90960038986356,53.08845029239766,2.81,18.088104608353433,18625,64.76571428571428,35.23428571428571,8.736678507992895,98.46469418199901,51.54462953754351
7016200460,2014-08-26,4,2.25,2350,7210,1.5,0,0,4,7,2350,0,1972,0,98011,47.7407,-122.183,1930,7519,2014,8,1,0,0,0,16450,0,0,42,124418,2.46,15.247978855721392,13329,65.2180746561886,34.781925343811395,6.342825237297599,99.00660763248978,39.452510450847306,2.46,15.129648719371977,13089,66.21599871237727,33.78400128762273,7.092279579716767,99.87127028642361,40.38435014482093
6204200180,2014-07-09,3,2.25,1920,8223,2.0,0,0,4,7,1920,0,1989,0,98011,47.735,-122.201,1940,7274,2014,7,2,0,0,0,13440,0,0,25,124418,2.46,15.247978855721392,13329,65.2180746561886,34.781925343811395,6.342825237297599,99.00660763248978,39.452510450847306,2.46,15.129648719371977,13089,66.21599871237727,33.78400128762273,7.092279579716767,99.87127028642361,40.38435014482093
1552100135,2014-06-09,3,2.5,2850,10474,1.0,0,0,4,8,1730,1120,1954,0,98004,47.6218,-122.209,2820,10474,2014,6,0,0,0,0,22800,0,1,60,157784,2.09,16.09075919420747,17462,44.548266529191906,55.451733470808094,6.039425544695026,99.71498371335505,20.39087947882736,2.11,16.54254118709095,16773,45.298507462686565,54.701492537313435,6.137602970182156,99.6095090971507,22.202197047717128
88000173,2014-10-15,4,2.0,2750,9001,1.0,0,0,3,8,2750,0,2008,0,98055,47.457,-122.189,1340,11050,2014,10,2,0,0,0,22000,0,0,6,90525,2.52,17.770148765734834,9457,52.904097253489425,47.09590274651058,6.387272021730695,100.09902828495389,48.560995234263785,2.46,17.95350415747497,9186,54.91396235131077,45.08603764868923,6.44159566844494,98.96273530541683,49.161224228454344
2581900235,2014-11-10,4,2.75,2580,8100,2.0,0,1,4,8,1780,800,1964,0,98040,47.5387,-122.215,2840,10006,2014,11,0,0,0,0,20640,0,1,50,190985,2.51,9.818010174647295,10179,71.95032870708546,28.049671292914535,5.143830092302178,100.51344885932669,15.986930392671683,2.49,9.62381105055039,10139,74.13847948255751,25.861520517442475,4.498525073746313,100.2252118769632,17.157589047590825
9211500560,2014-10-28,3,2.0,1690,6790,1.0,0,0,3,7,1360,330,1979,0,98023,47.2981,-122.38,1740,6790,2014,10,1,0,0,0,11830,0,1,35,98057,2.84,17.422428414646312,18530,66.81093394077449,33.18906605922551,7.981084030556566,98.90960038986356,53.08845029239766,2.81,18.088104608353433,18625,64.76571428571428,35.23428571428571,8.736678507992895,98.46469418199901,51.54462953754351
621069218,2015-02-19,5,2.5,2670,184140,1.0,0,0,3,8,1410,1260,1980,0,98042,47.3429,-122.097,1860,35719,2015,2,3,0,0,0,21360,0,1,35,122709,2.84,14.728895746087723,16573,81.84237202230106,18.157627977698937,5.7493896195951795,98.46322368633011,50.75872289700055,2.8,15.359349774536549,16818,82.74386406544997,17.25613593455003,6.523882775213978,98.58030168589174,52.2264944625193
1321970240,2014-12-04,4,2.5,2040,4443,2.0,0,0,3,8,2040,0,2001,0,98092,47.3182,-122.189,2040,4637,2014,12,3,0,0,0,16320,0,0,13,112735,2.77,17.21767115272089,16100,70.074142116659,29.92585788334099,8.37161127623165,98.55946766114585,47.855654272238674,2.7,17.027911100241507,15769,70.4232874883162,29.5767125116838,8.278795811518325,98.43809669288933,49.83960895134805
798000630,2014-10-31,4,2.5,2020,32710,1.0,0,0,3,7,1070,950,1941,0,98168,47.4969,-122.33,1340,17700,2014,10,4,0,0,0,14140,0,1,73,77935,2.8,20.49963262307127,12139,52.17844124283978,47.82155875716022,8.562583961217218,96.41425186805176,54.26006925460178,2.89,20.8829290342022,12234,50.7457509538675,49.2542490461325,11.205219182785854,97.16754897968418,53.68535360390933
421000285,2015-04-23,4,1.5,1730,7020,1.5,0,0,4,5,1730,0,1953,0,98056,47.4939,-122.167,1110,7020,2015,4,3,0,0,0,8650,0,0,62,102196,2.51,19.700650139315567,13893,51.64368244502423,48.356317554975774,6.624963057826815,97.99134991266739,42.58920402561757,2.56,20.747436492907926,13631,51.246200607902736,48.753799392097264,7.454338464584468,97.1547942343848,43.680802172550656
2824600180,2014-10-24,3,2.5,2830,6000,1.0,0,3,3,9,1730,1100,1954,0,98126,47.5751,-122.378,2040,5300,2014,10,4,0,0,0,25470,0,1,60,108072,2.36,17.374538643750345,10242,56.54861693210393,43.45138306789606,4.653176915203527,100.23680854939583,34.264375493351146,2.27,16.627794527561296,10016,55.87763397154776,44.12236602845224,5.641737426518615,99.87504685742846,36.67374734474572
3832051140,2014-06-23,3,2.5,2540,4775,2.0,0,0,3,7,2540,0,2006,0,98042,47.3341,-122.052,2270,5000,2014,6,0,0,0,0,17780,0,0,8,122709,2.84,14.728895746087723,16573,81.84237202230106,18.157627977698937,5.7493896195951795,98.46322368633011,50.75872289700055,2.8,15.359349774536549,16818,82.74386406544997,17.25613593455003,6.523882775213978,98.58030168589174,52.2264944625193
1237500105,2014-11-13,4,2.5,2850,11000,2.0,0,0,3,8,2850,0,1998,0,98052,47.6759,-122.161,1720,11000,2014,11,3,0,0,0,22800,0,0,16,158457,2.49,16.67975909924064,26354,53.58728109111451,46.41271890888548,5.135890711012479,99.32081320083873,22.76187437323366,2.43,16.793908754119162,26472,53.10328204716185,46.896717952838145,5.753945061367621,99.18121641257467,25.27158244343474
8802400906,2014-08-29,3,1.75,1540,8885,1.0,0,0,4,7,1440,100,1980,0,98031,47.4031,-122.201,1540,12734,2014,8,4,0,0,0,10780,0,1,34,98657,2.97,17.82141658274589,12676,64.00824742268041,35.99175257731959,8.799066842478954,97.82912276247302,50.04020143032457,2.99,17.766172506738545,12903,63.46782097353806,36.53217902646194,10.101061398608502,97.60154576385098,48.943588020330154
3166900270,2015-04-02,3,2.5,2424,6143,2.0,0,0,3,9,2424,0,2014,0,98030,47.3512,-122.135,2381,6036,2015,4,3,0,0,0,21816,0,0,1,85188,3.09,19.65576092087585,12484,47.11751662971175,52.88248337028825,8.260646485377118,97.17440872714266,52.62663745696785,3.0,17.600482618203756,12534,46.087481666810454,53.91251833318954,8.848456113317134,97.94284650470073,53.155543144373084
3682000060,2015-03-23,4,3.5,2796,3520,2.5,0,0,3,8,2796,0,2013,0,98001,47.3427,-122.278,2040,5195,2015,3,0,0,0,0,22368,0,0,2,103338,2.88,16.70823899612418,11853,78.03582680709334,21.964173192906653,7.520990889060918,99.03689573349462,55.469222537570374,2.84,16.314553990610328,11718,77.66858997475659,22.33141002524342,8.275337739049068,97.7865131732884,55.145303944967004
5469700020,2015-02-06,4,1.75,1800,28650,1.0,0,0,4,7,1800,0,1975,0,98031,47.3926,-122.166,1800,5234,2015,2,4,0,0,0,12600,0,0,40,98657,2.97,17.82141658274589,12676,64.00824742268041,35.99175257731959,8.799066842478954,97.82912276247302,50.04020143032457,2.99,17.766172506738545,12903,63.46782097353806,36.53217902646194,10.101061398608502,97.60154576385098,48.943588020330154
1245001820,2015-04-29,4,1.5,2290,10372,1.0,0,0,3,7,1510,780,1965,1987,98033,47.6888,-122.199,1900,8109,2015,4,2,1,0,0,16030,0,1,50,163786,2.29,14.715707890692858,16640,64.64853771164701,35.351462288353005,6.13177729151471,100.35475872592028,25.88212855235552,2.3,14.803502341681938,16431,65.22136010953903,34.77863989046098,6.479481641468683,100.68666848737857,27.48234559712848
9547205660,2015-05-04,3,2.25,1700,2800,2.0,0,0,5,7,1150,550,1926,0,98115,47.6819,-122.311,1500,3400,2015,5,0,0,0,0,11900,0,1,89,141013,2.36,20.038971348841685,22085,62.56938184923383,37.430618150766165,5.07985950029823,99.48958702950569,21.213527308458662,2.32,19.346653198985,21778,62.75248864405142,37.24751135594858,5.230427913543313,99.63049016040087,21.893457996248916
7974700122,2014-06-10,3,1.75,1820,5500,1.0,0,0,4,8,1620,200,1957,0,98115,47.6737,-122.283,2330,6050,2014,6,1,0,0,0,14560,0,1,57,141013,2.36,20.038971348841685,22085,62.56938184923383,37.430618150766165,5.07985950029823,99.48958702950569,21.213527308458662,2.32,19.346653198985,21778,62.75248864405142,37.24751135594858,5.230427913543313,99.63049016040087,21.893457996248916
7550801225,2014-06-27,4,1.0,1440,7100,1.5,0,0,3,7,1440,0,1906,0,98107,47.6725,-122.396,1490,5000,2014,6,4,0,0,0,10080,0,0,108,131559,1.93,23.823613629855874,12707,35.71075197889182,64.28924802110818,5.1404627006610015,99.34580861098434,21.74552462092398,1.92,23.06289432176656,12416,34.91419393017161,65.0858060698284,6.3046647230320705,99.24250394529194,22.530247238295633
1099950050,2014-12-29,4,3.5,3880,8244,2.0,0,0,3,10,3060,820,2007,0,98019,47.7426,-121.976,3180,10947,2014,12,0,0,0,0,38800,0,1,7,149479,2.7,12.106593154146566,4391,82.10296260320544,17.89703739679456,7.84727863525589,98.49849849849849,41.80999180999181,2.75,12.650887573964498,4151,85.6704980842912,14.329501915708812,9.496822943499913,98.77597495018503,47.3242243097068
1402900460,2015-02-23,4,2.75,2190,9209,2.0,0,0,4,8,2190,0,1996,0,98092,47.3341,-122.188,2430,6687,2015,2,0,0,0,0,17520,0,0,19,112735,2.77,17.21767115272089,16100,70.074142116659,29.92585788334099,8.37161127623165,98.55946766114585,47.855654272238674,2.7,17.027911100241507,15769,70.4232874883162,29.5767125116838,8.278795811518325,98.43809669288933,49.83960895134805
7636800041,2014-06-25,3,4.5,4380,47044,2.0,1,3,3,9,3720,660,1968,1990,98166,47.4734,-122.365,2460,18512,2014,6,2,1,0,0,39420,4380,1,46,105013,2.51,15.282996712071395,8765,64.0529896168994,35.94701038310061,5.573970690858339,97.8699402786994,44.95686794956868,2.46,14.673185495605612,8880,63.30851558864589,36.69148441135412,6.493621545003543,97.69518681462999,45.590649418871884
2115720270,2015-04-14,2,2.0,1540,5000,1.5,0,0,3,8,1540,0,1986,0,98023,47.319,-122.394,1590,5000,2015,4,1,0,0,0,12320,0,0,29,98057,2.84,17.422428414646312,18530,66.81093394077449,33.18906605922551,7.981084030556566,98.90960038986356,53.08845029239766,2.81,18.088104608353433,18625,64.76571428571428,35.23428571428571,8.736678507992895,98.46469418199901,51.54462953754351
8651441750,2014-05-15,3,1.0,1060,5200,1.0,0,0,5,6,1060,0,1970,0,98042,47.3636,-122.093,1380,5200,2014,5,3,0,0,0,6360,0,0,44,122709,2.84,14.728895746087723,16573,81.84237202230106,18.157627977698937,5.7493896195951795,98.46322368633011,50.75872289700055,2.8,15.359349774536549,16818,82.74386406544997,17.25613593455003,6.523882775213978,98.58030168589174,52.2264944625193
3904100035,2014-05-08,2,1.0,1270,3008,1.0,0,0,4,6,650,620,1923,0,98118,47.5351,-122.279,1270,1514,2014,5,3,0,0,0,7620,0,1,91,106930,2.75,18.80646044347112,17060,56.44829520663217,43.551704793367826,9.809241901003125,97.62032677053377,37.58809215308283,2.76,18.663888888888888,16861,55.8023285244242,44.1976714755758,10.945570971184631,97.02670100740065,37.2020995663939
8815400020,2014-07-24,4,1.75,1950,4200,1.0,0,0,5,7,1040,910,1951,0,98115,47.6755,-122.285,1450,5000,2014,7,3,0,0,0,13650,0,1,63,141013,2.36,20.038971348841685,22085,62.56938184923383,37.430618150766165,5.07985950029823,99.48958702950569,21.213527308458662,2.32,19.346653198985,21778,62.75248864405142,37.24751135594858,5.230427913543313,99.63049016040087,21.893457996248916
3303860590,2014-06-27,4,2.5,3060,6000,2.0,0,0,3,9,3060,0,2012,0,98038,47.3689,-122.058,3040,6000,2014,6,4,0,0,0,27540,0,0,2,135304,2.86,12.556807332442238,12545,84.88178488178488,15.118215118215117,8.23751596956063,99.08171413361725,51.89424185963978,2.88,13.27901930178551,12318,84.63165017339085,15.368349826609151,8.409014463504876,99.04576700434153,54.23299565846599
5427110040,2014-06-09,4,2.5,2740,16007,2.0,0,0,3,9,2740,0,1984,0,98039,47.6353,-122.229,2760,16008,2014,6,0,0,0,0,24660,0,0,30,244740,2.87,9.791666666666666,1266,91.62833486660533,8.371665133394664,2.4007386888273317,99.69984992496248,13.256628314157078,2.92,7.837127845884413,1214,90.13282732447819,9.867172675521822,2.1998166819431715,100.0,14.598168870803663
1782000160,2014-05-30,2,1.0,1090,5000,1.0,0,0,4,7,730,360,1942,0,98126,47.5258,-122.378,990,5250,2014,5,4,0,0,0,7630,0,1,72,108072,2.36,17.374538643750345,10242,56.54861693210393,43.45138306789606,4.653176915203527,100.23680854939583,34.264375493351146,2.27,16.627794527561296,10016,55.87763397154776,44.12236602845224,5.641737426518615,99.87504685742846,36.67374734474572
6204420290,2014-12-03,5,2.5,2410,8960,1.0,0,0,5,7,1600,810,1978,0,98011,47.7372,-122.2,2410,11514,2014,12,2,0,0,0,16870,0,1,36,124418,2.46,15.247978855721392,13329,65.2180746561886,34.781925343811395,6.342825237297599,99.00660763248978,39.452510450847306,2.46,15.129648719371977,13089,66.21599871237727,33.78400128762273,7.092279579716767,99.87127028642361,40.38435014482093
3995700245,2014-06-27,2,1.0,910,8155,1.0,0,0,4,6,910,0,1948,0,98155,47.7399,-122.3,1240,8155,2014,6,4,0,0,0,5460,0,0,66,124531,2.48,16.52716001821175,13838,68.1508643268727,31.849135673127293,8.176812638295683,98.1925078457077,38.148015731140504,2.48,17.143465606587636,13823,68.9590238023501,31.040976197649893,9.775827429417362,98.56964422418308,37.801684193561385
7955040130,2014-08-05,3,1.75,1370,8467,1.0,0,0,4,7,970,400,1972,0,98052,47.6644,-122.145,1650,8472,2014,8,1,0,0,0,9590,0,1,42,158457,2.49,16.67975909924064,26354,53.58728109111451,46.41271890888548,5.135890711012479,99.32081320083873,22.76187437323366,2.43,16.793908754119162,26472,53.10328204716185,46.896717952838145,5.753945061367621,99.18121641257467,25.27158244343474
1442880650,2014-06-10,4,2.75,2790,8853,2.0,0,0,3,8,2790,0,2013,0,98045,47.4842,-121.772,2790,8092,2014,6,1,0,0,0,22320,0,0,1,154803,2.6,11.896235479081142,5848,76.05357142857143,23.946428571428573,4.146459747817652,98.97304236200257,46.04522563444257,2.62,12.452140619561435,5880,76.65285534137993,23.34714465862007,4.789620468048987,98.46000993541976,46.656731246895184
8833510230,2014-06-04,4,2.5,4060,9734,1.0,0,4,3,9,2150,1910,1977,0,98028,47.7678,-122.254,2750,10370,2014,6,2,0,0,0,36540,0,1,37,132191,2.67,13.599013968775678,8536,72.67970599227607,27.320294007723934,6.275532377227293,98.3883964544722,35.38812785388128,2.64,14.729697547035009,8635,73.22834645669292,26.77165354330709,7.076760377192209,98.22348793056686,36.54054787089775
7283900551,2014-11-24,3,1.0,1570,11752,1.5,0,0,5,8,1570,0,1930,0,98133,47.7686,-122.348,2010,8291,2014,11,0,0,0,0,12560,0,0,84,85059,2.18,19.780409147977647,22049,47.43003034828267,52.56996965171733,6.900681086745005,98.7952152014652,40.53628663003663,2.2,19.916468960063266,21780,48.4259846747035,51.57401532529649,9.163212725439678,98.85203345832132,41.53446783963081
4396000180,2014-11-21,3,1.0,1090,22080,1.0,0,0,5,7,1090,0,1967,0,98038,47.3991,-121.964,1590,19457,2014,11,4,0,0,0,7630,0,0,47,135304,2.86,12.556807332442238,12545,84.88178488178488,15.118215118215117,8.23751596956063,99.08171413361725,51.89424185963978,2.88,13.27901930178551,12318,84.63165017339085,15.368349826609151,8.409014463504876,99.04576700434153,54.23299565846599
7504021310,2014-12-04,3,2.5,2970,11985,1.0,0,0,3,9,1770,1200,1995,0,98074,47.6359,-122.052,2990,12049,2014,12,3,0,0,0,26730,0,1,19,229104,3.02,10.366720845184885,9070,87.03577124629757,12.96422875370244,4.483074107959744,100.24147476294245,16.24359502915366,3.03,10.087027329635095,8959,87.40808823529412,12.591911764705882,4.416132562138502,100.35249133707731,17.803799737125104
322059264,2014-09-26,2,1.0,1020,47044,1.0,0,0,5,7,1020,0,1904,1958,98042,47.4206,-122.155,1930,12139,2014,9,4,1,0,0,7140,0,0,110,122709,2.84,14.728895746087723,16573,81.84237202230106,18.157627977698937,5.7493896195951795,98.46322368633011,50.75872289700055,2.8,15.359349774536549,16818,82.74386406544997,17.25613593455003,6.523882775213978,98.58030168589174,52.2264944625193
3654800040,2015-04-24,3,2.5,1570,6932,2.0,0,0,3,7,1570,0,1993,0,98038,47.3902,-122.049,1570,6271,2015,4,4,0,0,0,10990,0,0,22,135304,2.86,12.556807332442238,12545,84.88178488178488,15.118215118215117,8.23751596956063,99.08171413361725,51.89424185963978,2.88,13.27901930178551,12318,84.63165017339085,15.368349826609151,8.409014463504876,99.04576700434153,54.23299565846599
2767704777,2014-09-19,3,2.5,1460,1238,2.0,0,0,3,8,1200,260,2008,0,98107,47.6719,-122.374,1280,1257,2014,9,4,0,0,0,11680,0,1,6,131559,1.93,23.823613629855874,12707,35.71075197889182,64.28924802110818,5.1404627006610015,99.34580861098434,21.74552462092398,1.92,23.06289432176656,12416,34.91419393017161,65.0858060698284,6.3046647230320705,99.24250394529194,22.530247238295633
3278602190,2014-06-11,3,3.25,1460,1592,2.0,0,0,3,8,1130,330,2006,0,98126,47.5481,-122.374,1560,1701,2014,6,2,0,0,0,11680,0,1,8,108072,2.36,17.374538643750345,10242,56.54861693210393,43.45138306789606,4.653176915203527,100.23680854939583,34.264375493351146,2.27,16.627794527561296,10016,55.87763397154776,44.12236602845224,5.641737426518615,99.87504685742846,36.67374734474572
3236500220,2014-07-09,3,2.5,1460,7573,2.0,0,0,3,8,1460,0,1983,0,98007,47.6012,-122.141,1910,7668,2014,7,2,0,0,0,11680,0,0,31,118634,2.48,20.499565396404225,11154,35.96800304732883,64.03199695267118,5.613278442135529,98.00031408679266,22.378683976338795,2.46,20.650383547461058,10912,35.5564209911401,64.4435790088599,7.187732216442614,98.34565872363737,24.130375239660367
3410600100,2014-06-13,2,1.5,1800,26615,1.0,0,0,5,7,1240,560,1987,0,98092,47.302,-122.123,2010,26337,2014,6,4,0,0,0,12600,0,1,27,112735,2.77,17.21767115272089,16100,70.074142116659,29.92585788334099,8.37161127623165,98.55946766114585,47.855654272238674,2.7,17.027911100241507,15769,70.4232874883162,29.5767125116838,8.278795811518325,98.43809669288933,49.83960895134805
629410180,2014-12-08,4,2.5,3220,6399,2.0,0,0,3,9,3220,0,2004,0,98075,47.5883,-121.991,2850,6399,2014,12,0,0,0,0,28980,0,0,10,234261,3.16,10.383283441920526,7595,87.0674447007735,12.93255529922649,3.5686033224927485,99.95167414566794,21.139109423541594,3.16,11.460327261500463,7356,87.72919605077574,12.270803949224259,4.311893639956881,99.93420090656528,21.340839303991814
3352402250,2014-10-21,2,1.0,700,3180,1.0,0,0,3,6,480,220,1951,0,98178,47.4976,-122.262,1760,6360,2014,10,1,0,0,0,4200,0,1,63,96875,2.82,20.090596844044004,9752,59.93050885451693,40.06949114548308,5.811326633948742,99.90720334067974,49.350423384758145,2.76,19.902357951594475,9374,62.577187463590825,37.42281253640918,7.69108659417414,99.64886790168302,47.354401259232354
4363700304,2014-08-04,2,1.0,1270,7440,1.0,0,0,4,7,910,360,1949,0,98126,47.5285,-122.372,1040,7500,2014,8,0,0,0,0,8890,0,1,65,108072,2.36,17.374538643750345,10242,56.54861693210393,43.45138306789606,4.653176915203527,100.23680854939583,34.264375493351146,2.27,16.627794527561296,10016,55.87763397154776,44.12236602845224,5.641737426518615,99.87504685742846,36.67374734474572
7237550130,2014-05-20,4,3.5,4380,74052,1.0,0,0,3,11,4380,0,2001,0,98053,47.6587,-122.009,5170,62291,2014,5,1,0,0,1,48180,0,0,13,171822,2.69,9.269278791842558,8377,85.93194514982224,14.068054850177756,4.442119280890326,99.83973288814691,26.8313856427379,2.67,10.823743185947912,8200,82.85419620987496,17.145803790125047,5.704032486542639,99.89091900736297,26.56803926915735
9808590210,2014-05-13,4,2.5,3560,11119,1.0,0,2,3,10,2290,1270,1986,0,98004,47.6456,-122.19,3290,11385,2014,5,1,0,0,0,35600,0,1,28,157784,2.09,16.09075919420747,17462,44.548266529191906,55.451733470808094,6.039425544695026,99.71498371335505,20.39087947882736,2.11,16.54254118709095,16773,45.298507462686565,54.701492537313435,6.137602970182156,99.6095090971507,22.202197047717128
8074200175,2014-11-06,3,1.75,1400,8364,1.0,0,0,4,7,1400,0,1958,0,98056,47.4918,-122.178,1210,8160,2014,11,3,0,0,0,9800,0,0,56,102196,2.51,19.700650139315567,13893,51.64368244502423,48.356317554975774,6.624963057826815,97.99134991266739,42.58920402561757,2.56,20.747436492907926,13631,51.246200607902736,48.753799392097264,7.454338464584468,97.1547942343848,43.680802172550656
3463400330,2015-04-16,3,2.0,2930,29136,2.0,0,0,3,8,2240,690,1990,0,98010,47.3102,-122.042,2110,29362,2015,4,3,0,0,0,23440,0,1,25,141579,2.57,13.38701560140916,2023,89.75431259801358,10.245687401986409,4.837398373983739,98.27384435342306,56.31948507899356,2.54,11.838658983761132,1978,90.11689691817216,9.883103081827842,4.036620890553475,98.94736842105263,61.702786377708975
6306400140,2014-06-12,0,0.0,3064,4764,3.5,0,2,3,7,3064,0,1990,0,98102,47.6362,-122.322,2360,4000,2014,6,3,0,0,0,21448,0,0,24,114026,1.64,32.88064183586572,15038,28.637943015983318,71.36205698401668,4.007043005015473,99.6177954441217,19.624929929164754,1.61,33.5729757131665,14696,28.04420202592619,71.9557979740738,4.6355078809106836,99.60608964122218,19.620994357500265
8564950250,2015-01-07,3,2.5,2810,4932,2.0,0,0,3,8,2810,0,2003,0,98011,47.7739,-122.227,2470,4919,2015,1,2,0,0,0,22480,0,0,12,124418,2.46,15.247978855721392,13329,65.2180746561886,34.781925343811395,6.342825237297599,99.00660763248978,39.452510450847306,2.46,15.129648719371977,13089,66.21599871237727,33.78400128762273,7.092279579716767,99.87127028642361,40.38435014482093
5381000070,2014-08-26,2,0.75,1130,11429,1.0,0,0,3,7,1130,0,1956,0,98188,47.4526,-122.284,1550,10700,2014,8,1,0,0,0,7910,0,0,58,77722,2.57,21.355714002772828,10041,42.85119667013528,57.14880332986473,8.525003709749221,99.28014754000833,56.91593789041585,2.5,21.801283022680202,10236,44.501647446457994,55.498352553542006,9.433817315817777,98.1617870838152,56.87503804248585
9826700697,2014-11-03,3,2.0,1280,960,2.0,0,0,3,9,1040,240,2014,0,98122,47.602,-122.311,1280,1173,2014,11,0,0,0,0,11520,0,1,0,94548,1.96,34.44654683065279,17551,33.21537815630061,66.7846218436994,4.870675176352032,98.85230330853253,23.880006332119677,1.95,33.01648693828051,17176,33.65877772971637,66.34122227028362,6.536089637800748,98.60956388992037,25.23827206337418
8132700190,2014-06-02,2,1.0,990,4802,1.0,0,0,3,7,990,0,1947,0,98117,47.6876,-122.395,1180,5000,2014,6,0,0,0,0,6930,0,0,67,166029,2.29,15.29702030745872,14220,69.81104756388909,30.18895243611091,4.762847806713536,99.83316649983317,23.652819486152822,2.32,15.579379562043796,14093,70.67265234030027,29.327347659699736,4.742001293725432,99.6292707587311,24.463917091460587
7943000020,2015-03-26,2,1.0,760,7272,1.0,0,0,4,7,760,0,1980,0,98003,47.3205,-122.33,1370,7866,2015,3,3,0,0,0,5320,0,0,35,67547,2.55,19.24448767833982,19289,48.22101062334889,51.77898937665112,8.09211372700373,97.76363151579788,55.309292094387416,2.53,17.855201652353518,19279,47.96962879640045,52.03037120359954,8.922079628575183,97.993265993266,55.535353535353536
9547204675,2014-10-24,2,1.75,1850,3060,1.0,0,0,3,7,1060,790,1929,1992,98115,47.6821,-122.308,1850,4080,2014,10,4,1,0,0,12950,0,1,85,141013,2.36,20.038971348841685,22085,62.56938184923383,37.430618150766165,5.07985950029823,99.48958702950569,21.213527308458662,2.32,19.346653198985,21778,62.75248864405142,37.24751135594858,5.230427913543313,99.63049016040087,21.893457996248916
4112100101,2015-02-19,6,2.0,2500,5200,1.0,0,0,3,8,1250,1250,1966,0,98118,47.5517,-122.268,1800,5200,2015,2,3,0,0,0,20000,0,1,49,106930,2.75,18.80646044347112,17060,56.44829520663217,43.551704793367826,9.809241901003125,97.62032677053377,37.58809215308283,2.76,18.663888888888888,16861,55.8023285244242,44.1976714755758,10.945570971184631,97.02670100740065,37.2020995663939
727500030,2014-07-15,3,1.5,1370,8671,1.0,0,0,3,7,1370,0,1955,0,98004,47.6217,-122.198,1580,8671,2014,7,1,0,0,0,9590,0,0,59,157784,2.09,16.09075919420747,17462,44.548266529191906,55.451733470808094,6.039425544695026,99.71498371335505,20.39087947882736,2.11,16.54254118709095,16773,45.298507462686565,54.701492537313435,6.137602970182156,99.6095090971507,22.202197047717128
114101426,2014-06-17,3,1.75,1160,22470,1.0,0,0,4,7,1160,0,1976,0,98028,47.7595,-122.23,1940,15999,2014,6,1,0,0,0,8120,0,0,38,132191,2.67,13.599013968775678,8536,72.67970599227607,27.320294007723934,6.275532377227293,98.3883964544722,35.38812785388128,2.64,14.729697547035009,8635,73.22834645669292,26.77165354330709,7.076760377192209,98.22348793056686,36.54054787089775
9274202005,2014-07-02,4,2.25,2430,4748,1.5,0,0,3,8,1630,800,1928,0,98116,47.5904,-122.389,2430,4748,2014,7,2,0,0,0,19440,0,1,86,129924,2.05,15.481481481481483,12313,56.0263408716749,43.9736591283251,3.855525297405762,99.08641444539983,26.660576096302663,2.06,16.790914094161206,12217,55.1675732584664,44.8324267415336,4.419769214021336,99.34274850624661,28.636610537751224
1193000380,2015-03-30,4,2.25,2230,6000,1.5,0,2,3,8,1810,420,1928,0,98199,47.6464,-122.391,2840,6000,2015,3,0,0,0,0,17840,0,1,87,168132,2.27,15.401888530631044,9920,62.062574948217595,37.937425051782405,4.147350993377484,99.1690635985938,22.416107382550337,2.24,15.287600188590286,9908,63.396185047138786,36.603814952861214,4.887626368117638,99.1062108559499,21.711899791231733
3039000020,2014-09-16,3,1.75,1850,8667,1.0,0,0,4,7,880,970,1982,0,98033,47.7025,-122.198,1450,10530,2014,9,1,0,0,0,12950,0,1,32,163786,2.29,14.715707890692858,16640,64.64853771164701,35.351462288353005,6.13177729151471,100.35475872592028,25.88212855235552,2.3,14.803502341681938,16431,65.22136010953903,34.77863989046098,6.479481641468683,100.68666848737857,27.48234559712848
7852170130,2015-04-21,4,2.75,3260,5335,2.0,0,0,3,9,3260,0,2003,0,98065,47.5414,-121.864,3180,5438,2015,4,1,0,0,0,29340,0,0,12,175750,2.93,10.615415255925114,4953,79.75811584977721,20.241884150222788,4.1850514774702505,99.11081471601645,30.999221962876515,2.91,8.78239184647078,4755,78.93797411869701,21.06202588130299,4.645161290322581,99.65219477092828,32.369872871192136
2624079010,2015-04-29,5,3.5,2990,211729,2.0,0,0,3,8,2450,540,1994,0,98024,47.5298,-121.887,1060,69260,2015,4,2,0,0,0,23920,0,1,21,149044,2.94,13.445557212870233,2174,84.03826787512588,15.96173212487412,7.395069953364423,96.60600098376783,35.75996064928677,2.91,12.2533748701973,2228,80.73929961089495,19.26070038910506,5.3954629061925194,95.25729191368272,37.680815745790845
4137010540,2015-04-01,3,2.5,1980,11900,2.0,0,0,3,8,1980,0,1990,0,98092,47.2656,-122.217,2130,9933,2015,4,2,0,0,0,15840,0,0,25,112735,2.77,17.21767115272089,16100,70.074142116659,29.92585788334099,8.37161127623165,98.55946766114585,47.855654272238674,2.7,17.027911100241507,15769,70.4232874883162,29.5767125116838,8.278795811518325,98.43809669288933,49.83960895134805
7576200012,2014-07-17,2,3.0,2210,3917,2.0,0,0,3,10,1500,710,2008,0,98122,47.6166,-122.291,1720,3933,2014,7,3,0,0,0,22100,0,1,6,94548,1.96,34.44654683065279,17551,33.21537815630061,66.7846218436994,4.870675176352032,98.85230330853253,23.880006332119677,1.95,33.01648693828051,17176,33.65877772971637,66.34122227028362,6.536089637800748,98.60956388992037,25.23827206337418
1138020020,2015-02-17,3,1.0,990,6315,1.0,0,0,3,7,990,0,1970,0,98034,47.7116,-122.214,1450,6702,2015,2,1,0,0,0,6930,0,0,45,119806,2.43,16.05333943799004,18001,61.237125332716126,38.76287466728388,6.750954198473283,99.64536699635606,34.17816241540864,2.44,17.057790319329666,18171,60.109001406469766,39.89099859353024,7.7933415340661085,99.85536782591545,35.227795674183156
3969300030,2014-12-29,4,1.0,1000,7134,1.0,0,0,3,6,1000,0,1943,0,98178,47.4897,-122.24,1020,7138,2014,12,0,0,0,0,6000,0,0,71,96875,2.82,20.090596844044004,9752,59.93050885451693,40.06949114548308,5.811326633948742,99.90720334067974,49.350423384758145,2.76,19.902357951594475,9374,62.577187463590825,37.42281253640918,7.69108659417414,99.64886790168302,47.354401259232354
898000200,2015-04-02,3,1.0,1200,7727,1.0,0,0,4,7,1200,0,1959,0,98022,47.2021,-121.999,1300,7718,2015,4,3,0,0,0,8400,0,0,56,112818,2.51,14.782116581777025,9214,71.14731044181414,28.85268955818587,6.198934280639431,94.7731755424063,59.927679158448385,2.52,13.98300218215229,9049,70.50333969465649,29.496660305343514,7.5844202251206,95.85578394199428,61.64438235881061
5153100030,2014-08-25,3,2.5,2140,7715,2.0,0,0,3,7,2140,0,1991,0,98198,47.38399999999999,-122.322,1990,7628,2014,8,0,0,0,0,14980,0,0,23,76062,2.67,22.07152903355435,14123,54.47965869267103,45.52034130732896,7.476339026066727,96.01030110935024,51.96909667194929,2.66,22.372788556958557,14108,54.52003727865797,45.479962721342034,9.229583126824165,96.58536585365853,50.707716913234705
5104532030,2015-03-06,4,3.5,3400,5222,2.0,0,0,3,9,3400,0,2005,0,98038,47.3559,-122.0,3190,5326,2015,3,4,0,0,0,30600,0,0,10,135304,2.86,12.556807332442238,12545,84.88178488178488,15.118215118215117,8.23751596956063,99.08171413361725,51.89424185963978,2.88,13.27901930178551,12318,84.63165017339085,15.368349826609151,8.409014463504876,99.04576700434153,54.23299565846599
4406000050,2014-05-19,2,1.0,910,9612,1.0,0,0,4,7,910,0,1981,0,98058,47.4297,-122.152,1410,9611,2014,5,0,0,0,0,6370,0,0,33,106611,2.78,15.935921408835924,16692,73.01956836343044,26.980431636569556,5.35431150140261,97.63669462323647,42.85157011897796,2.74,16.106225715036956,16367,72.2486806538808,27.751319346119192,6.590114827758363,97.51918859649122,44.01041666666667
9274203390,2014-05-20,2,1.75,1540,4025,1.0,0,0,4,7,1190,350,1908,0,98116,47.5876,-122.391,1950,4420,2014,5,1,0,0,0,10780,0,1,106,129924,2.05,15.481481481481483,12313,56.0263408716749,43.9736591283251,3.855525297405762,99.08641444539983,26.660576096302663,2.06,16.790914094161206,12217,55.1675732584664,44.8324267415336,4.419769214021336,99.34274850624661,28.636610537751224
8682290360,2015-03-30,2,2.0,1440,9985,1.0,0,0,3,8,1440,0,2006,0,98053,47.7217,-122.03,1510,4560,2015,3,0,0,0,0,11520,0,0,9,171822,2.69,9.269278791842558,8377,85.93194514982224,14.068054850177756,4.442119280890326,99.83973288814691,26.8313856427379,2.67,10.823743185947912,8200,82.85419620987496,17.145803790125047,5.704032486542639,99.89091900736297,26.56803926915735
6928600330,2014-08-20,5,1.75,2170,9752,1.0,0,0,3,7,1100,1070,1962,0,98003,47.3355,-122.331,1810,10609,2014,8,2,0,0,0,15190,0,1,52,67547,2.55,19.24448767833982,19289,48.22101062334889,51.77898937665112,8.09211372700373,97.76363151579788,55.309292094387416,2.53,17.855201652353518,19279,47.96962879640045,52.03037120359954,8.922079628575183,97.993265993266,55.535353535353536
4139680070,2014-06-17,5,3.5,3130,4797,2.0,0,0,3,9,2570,560,2014,0,98006,47.5664,-122.129,3440,5439,2014,6,1,0,0,0,28170,0,1,0,185991,2.82,14.267360653577546,13727,77.46436154079466,22.535638459205337,6.640385009215646,100.15012703056432,27.042112556778815,2.81,13.709650387155165,13558,77.95756373072813,22.042436269271867,7.3147711184521,100.43854542632049,26.78619940233632
6844702690,2015-04-27,3,1.0,1200,6120,1.0,0,0,4,7,950,250,1945,0,98115,47.6929,-122.287,1550,6120,2015,4,0,0,0,0,8400,0,1,70,141013,2.36,20.038971348841685,22085,62.56938184923383,37.430618150766165,5.07985950029823,99.48958702950569,21.213527308458662,2.32,19.346653198985,21778,62.75248864405142,37.24751135594858,5.230427913543313,99.63049016040087,21.893457996248916
2154970020,2014-07-03,4,4.25,4830,19412,2.0,0,1,3,11,4000,1010,2014,0,98040,47.5455,-122.211,3820,17064,2014,7,3,0,0,1,55110,0,1,0,190985,2.51,9.818010174647295,10179,71.95032870708546,28.049671292914535,5.143830092302178,100.51344885932669,15.986930392671683,2.49,9.62381105055039,10139,74.13847948255751,25.861520517442475,4.498525073746313,100.2252118769632,17.157589047590825
4385701285,2014-12-23,4,3.25,3020,4000,1.5,0,0,5,8,1920,1100,1927,0,98112,47.6395,-122.279,2400,4000,2014,12,1,0,0,0,24160,0,1,87,153204,2.12,20.965110771983372,10930,55.615488345212874,44.38451165478713,5.323420074349442,99.23632488752072,17.546767700686715,2.12,21.08649789029536,11036,54.353054353054354,45.646945646945646,6.614844158756259,99.30969930969931,17.801567801567803
2426059071,2014-10-21,3,2.5,2320,98445,1.0,0,0,4,8,1380,940,1978,0,98072,47.7323,-122.116,2830,54014,2014,10,1,0,0,0,18560,0,1,36,157963,2.6,13.507779349363508,9217,75.10030952653904,24.899690473460964,4.844401668270773,98.9697933227345,34.97615262321145,2.6,13.562575408577382,9093,75.71628232005591,24.283717679944093,4.9586119070359755,99.31105530873737,35.92814371257485
2867300160,2014-09-04,5,3.5,3931,9497,2.0,0,0,3,10,2650,1281,2014,0,98023,47.3008,-122.386,3510,9497,2014,9,3,0,0,0,39310,0,1,0,98057,2.84,17.422428414646312,18530,66.81093394077449,33.18906605922551,7.981084030556566,98.90960038986356,53.08845029239766,2.81,18.088104608353433,18625,64.76571428571428,35.23428571428571,8.736678507992895,98.46469418199901,51.54462953754351
9512500720,2015-04-28,5,2.5,2030,8400,1.0,0,0,3,7,1330,700,1968,0,98052,47.6713,-122.152,1920,8400,2015,4,1,0,0,0,14210,0,1,47,158457,2.49,16.67975909924064,26354,53.58728109111451,46.41271890888548,5.135890711012479,99.32081320083873,22.76187437323366,2.43,16.793908754119162,26472,53.10328204716185,46.896717952838145,5.753945061367621,99.18121641257467,25.27158244343474
1773101020,2014-10-20,5,1.5,1310,4800,1.5,0,0,3,6,1110,200,1929,0,98106,47.5545,-122.365,960,4800,2014,10,0,0,0,0,7860,0,1,85,94762,2.43,20.256740681998416,10747,46.417630200612706,53.58236979938729,9.329466197085837,100.42269832078749,44.035900405327155,2.5,19.96174407768895,10674,48.08038392321536,51.91961607678465,9.873452927270199,101.05257103416542,44.05843782353618
8687800100,2014-07-13,3,1.75,1720,13104,1.0,0,0,4,7,1720,0,1962,0,98168,47.4709,-122.26,1840,13104,2014,7,6,0,0,0,12040,0,0,52,77935,2.8,20.49963262307127,12139,52.17844124283978,47.82155875716022,8.562583961217218,96.41425186805176,54.26006925460178,2.89,20.8829290342022,12234,50.7457509538675,49.2542490461325,11.205219182785854,97.16754897968418,53.68535360390933
3627800050,2014-07-15,5,4.0,3760,22763,1.0,0,3,4,11,1910,1850,1969,0,98040,47.5333,-122.22,3730,11201,2014,7,1,0,0,1,41360,0,1,45,190985,2.51,9.818010174647295,10179,71.95032870708546,28.049671292914535,5.143830092302178,100.51344885932669,15.986930392671683,2.49,9.62381105055039,10139,74.13847948255751,25.861520517442475,4.498525073746313,100.2252118769632,17.157589047590825
1604600227,2015-03-28,2,1.0,1150,3000,1.0,0,0,3,6,780,370,1915,0,98118,47.5624,-122.291,1150,5000,2015,3,5,0,0,0,6900,0,1,100,106930,2.75,18.80646044347112,17060,56.44829520663217,43.551704793367826,9.809241901003125,97.62032677053377,37.58809215308283,2.76,18.663888888888888,16861,55.8023285244242,44.1976714755758,10.945570971184631,97.02670100740065,37.2020995663939
3300701170,2014-06-20,3,1.0,1500,4000,1.0,0,0,3,6,900,600,1925,0,98117,47.6921,-122.38,950,4000,2014,6,4,0,0,0,9000,0,1,89,166029,2.29,15.29702030745872,14220,69.81104756388909,30.18895243611091,4.762847806713536,99.83316649983317,23.652819486152822,2.32,15.579379562043796,14093,70.67265234030027,29.327347659699736,4.742001293725432,99.6292707587311,24.463917091460587
9250900111,2015-03-12,3,2.5,2270,5654,2.0,0,0,3,8,2270,0,1999,0,98133,47.7733,-122.351,1770,7840,2015,3,3,0,0,0,18160,0,0,16,85059,2.18,19.780409147977647,22049,47.43003034828267,52.56996965171733,6.900681086745005,98.7952152014652,40.53628663003663,2.2,19.916468960063266,21780,48.4259846747035,51.57401532529649,9.163212725439678,98.85203345832132,41.53446783963081
7015200790,2014-06-24,3,1.5,1820,5756,1.5,0,0,3,7,1640,180,1946,0,98119,47.6479,-122.367,1760,6169,2014,6,1,0,0,0,12740,0,1,68,112865,1.9,25.481150100191062,12166,40.59950184660311,59.40049815339689,4.838109415705247,98.6912347167212,21.78979392686987,1.89,25.428950611432366,12075,40.114135206321336,59.885864793678664,5.074963929489995,99.02767835838702,20.561918396564067
1311100490,2015-02-25,5,1.75,1950,8720,1.0,0,0,3,7,1050,900,1962,0,98001,47.3381,-122.289,1660,8030,2015,2,2,0,0,0,13650,0,1,53,103338,2.88,16.70823899612418,11853,78.03582680709334,21.964173192906653,7.520990889060918,99.03689573349462,55.469222537570374,2.84,16.314553990610328,11718,77.66858997475659,22.33141002524342,8.275337739049068,97.7865131732884,55.145303944967004
2469000010,2015-03-23,4,2.25,2100,12172,1.0,0,0,5,9,2100,0,1961,0,98040,47.5458,-122.227,2400,10713,2015,3,0,0,0,0,18900,0,0,54,190985,2.51,9.818010174647295,10179,71.95032870708546,28.049671292914535,5.143830092302178,100.51344885932669,15.986930392671683,2.49,9.62381105055039,10139,74.13847948255751,25.861520517442475,4.498525073746313,100.2252118769632,17.157589047590825
1982201596,2015-01-12,3,1.75,1630,1404,2.0,0,0,3,8,1020,610,2014,0,98107,47.6646,-122.367,1420,1670,2015,1,0,0,0,0,13040,0,1,1,131559,1.93,23.823613629855874,12707,35.71075197889182,64.28924802110818,5.1404627006610015,99.34580861098434,21.74552462092398,1.92,23.06289432176656,12416,34.91419393017161,65.0858060698284,6.3046647230320705,99.24250394529194,22.530247238295633
1862700290,2014-07-11,4,2.5,2340,9748,1.0,0,1,3,8,1610,730,1981,0,98003,47.3363,-122.331,2070,8241,2014,7,4,0,0,0,18720,0,1,33,67547,2.55,19.24448767833982,19289,48.22101062334889,51.77898937665112,8.09211372700373,97.76363151579788,55.309292094387416,2.53,17.855201652353518,19279,47.96962879640045,52.03037120359954,8.922079628575183,97.993265993266,55.535353535353536
2586800270,2015-04-07,4,1.0,1260,7645,1.5,0,0,3,6,1260,0,1925,0,98146,47.5044,-122.35,1170,7649,2015,4,1,0,0,0,7560,0,0,90,101051,2.8,20.73438156114403,10239,60.939156243375024,39.060843756624976,7.612875658738072,98.09803704114451,45.38649218143507,2.71,20.303089178162036,10155,59.27780144865786,40.72219855134214,9.27133130522961,98.80675038354451,49.75282686516279
9528102772,2014-07-08,2,2.0,1270,1372,3.0,0,0,3,8,1270,0,2000,0,98115,47.6776,-122.318,1610,3090,2014,7,1,0,0,0,10160,0,0,14,141013,2.36,20.038971348841685,22085,62.56938184923383,37.430618150766165,5.07985950029823,99.48958702950569,21.213527308458662,2.32,19.346653198985,21778,62.75248864405142,37.24751135594858,5.230427913543313,99.63049016040087,21.893457996248916
5490210200,2014-09-05,4,1.0,1700,7689,1.0,0,0,3,7,1080,620,1977,0,98052,47.6955,-122.116,1700,7333,2014,9,4,0,0,0,11900,0,1,37,158457,2.49,16.67975909924064,26354,53.58728109111451,46.41271890888548,5.135890711012479,99.32081320083873,22.76187437323366,2.43,16.793908754119162,26472,53.10328204716185,46.896717952838145,5.753945061367621,99.18121641257467,25.27158244343474
6669080020,2014-12-26,4,3.0,2490,5064,2.0,0,0,3,7,2490,0,2007,0,98056,47.5139,-122.189,2470,5064,2014,12,4,0,0,0,17430,0,0,7,102196,2.51,19.700650139315567,13893,51.64368244502423,48.356317554975774,6.624963057826815,97.99134991266739,42.58920402561757,2.56,20.747436492907926,13631,51.246200607902736,48.753799392097264,7.454338464584468,97.1547942343848,43.680802172550656
179003055,2014-11-13,3,1.0,1200,7500,1.0,0,0,3,6,1200,0,1905,1989,98178,47.4921,-122.275,1010,7000,2014,11,3,1,0,0,7200,0,0,109,96875,2.82,20.090596844044004,9752,59.93050885451693,40.06949114548308,5.811326633948742,99.90720334067974,49.350423384758145,2.76,19.902357951594475,9374,62.577187463590825,37.42281253640918,7.69108659417414,99.64886790168302,47.354401259232354
1860600535,2014-12-20,4,3.0,2120,3600,2.0,0,3,4,8,1830,290,1908,1996,98119,47.6344,-122.369,2120,3600,2014,12,5,1,0,0,16960,0,1,106,112865,1.9,25.481150100191062,12166,40.59950184660311,59.40049815339689,4.838109415705247,98.6912347167212,21.78979392686987,1.89,25.428950611432366,12075,40.114135206321336,59.885864793678664,5.074963929489995,99.02767835838702,20.561918396564067
1592000130,2014-11-14,3,2.5,2280,10879,2.0,0,0,3,9,2280,0,1984,0,98074,47.6217,-122.034,2400,9536,2014,11,4,0,0,0,20520,0,0,30,229104,3.02,10.366720845184885,9070,87.03577124629757,12.96422875370244,4.483074107959744,100.24147476294245,16.24359502915366,3.03,10.087027329635095,8959,87.40808823529412,12.591911764705882,4.416132562138502,100.35249133707731,17.803799737125104
3905040170,2015-03-20,4,2.5,2000,7376,2.0,0,0,3,8,2000,0,1990,0,98029,47.5719,-121.999,1950,5218,2015,3,4,0,0,0,16000,0,0,25,156427,2.51,10.307103610675039,11144,68.2339558251967,31.766044174803298,6.658926376178117,99.6974697469747,23.432343234323433,2.49,9.80519156992676,11047,66.38615281629531,33.6138471837047,7.2508398656215,99.70228064262442,25.536456577912592
9320500080,2014-05-10,4,1.0,1940,9533,1.0,0,0,3,7,1080,860,1962,0,98031,47.4139,-122.208,1940,8839,2014,5,5,0,0,0,13580,0,1,52,98657,2.97,17.82141658274589,12676,64.00824742268041,35.99175257731959,8.799066842478954,97.82912276247302,50.04020143032457,2.99,17.766172506738545,12903,63.46782097353806,36.53217902646194,10.101061398608502,97.60154576385098,48.943588020330154
9276200850,2014-06-16,2,1.5,1090,4000,1.0,0,0,3,8,970,120,1951,0,98116,47.5798,-122.393,1700,4000,2014,6,0,0,0,0,8720,0,1,63,129924,2.05,15.481481481481483,12313,56.0263408716749,43.9736591283251,3.855525297405762,99.08641444539983,26.660576096302663,2.06,16.790914094161206,12217,55.1675732584664,44.8324267415336,4.419769214021336,99.34274850624661,28.636610537751224
224069114,2014-08-29,4,2.5,2470,77550,1.0,0,0,4,7,2470,0,1987,0,98075,47.5888,-122.011,2490,40894,2014,8,4,0,0,0,17290,0,0,27,234261,3.16,10.383283441920526,7595,87.0674447007735,12.93255529922649,3.5686033224927485,99.95167414566794,21.139109423541594,3.16,11.460327261500463,7356,87.72919605077574,12.270803949224259,4.311893639956881,99.93420090656528,21.340839303991814
2260000340,2014-11-15,4,1.75,2340,9100,1.0,0,0,3,8,1610,730,1975,0,98052,47.6401,-122.108,2470,11000,2014,11,5,0,0,0,18720,0,1,39,158457,2.49,16.67975909924064,26354,53.58728109111451,46.41271890888548,5.135890711012479,99.32081320083873,22.76187437323366,2.43,16.793908754119162,26472,53.10328204716185,46.896717952838145,5.753945061367621,99.18121641257467,25.27158244343474
5096300130,2014-07-14,3,2.0,1520,3451,1.0,0,0,3,8,1520,0,1996,0,98177,47.7753,-122.375,1800,3451,2014,7,0,0,0,0,12160,0,0,18,153542,2.43,13.07924984875983,8212,79.67166859048352,20.32833140951648,5.038420387121875,99.43356309288201,27.4619531836484,2.43,12.346137193047566,8127,81.14840062926062,18.85159937073938,4.7893884163628995,99.46581196581197,26.716524216524217
3432500215,2014-06-10,3,1.75,1540,6909,1.0,0,0,4,7,920,620,1955,0,98155,47.7451,-122.313,1130,6908,2014,6,1,0,0,0,10780,0,1,59,124531,2.48,16.52716001821175,13838,68.1508643268727,31.849135673127293,8.176812638295683,98.1925078457077,38.148015731140504,2.48,17.143465606587636,13823,68.9590238023501,31.040976197649893,9.775827429417362,98.56964422418308,37.801684193561385
2600000050,2014-08-27,3,2.25,2430,8327,1.0,0,0,4,9,1430,1000,1978,0,98006,47.5534,-122.16,2550,10427,2014,8,2,0,0,0,21870,0,1,36,185991,2.82,14.267360653577546,13727,77.46436154079466,22.535638459205337,6.640385009215646,100.15012703056432,27.042112556778815,2.81,13.709650387155165,13558,77.95756373072813,22.042436269271867,7.3147711184521,100.43854542632049,26.78619940233632
8856003839,2014-12-10,3,2.5,1322,6006,2.0,0,0,3,7,1322,0,2009,0,98001,47.2706,-122.254,1440,6796,2014,12,2,0,0,0,9254,0,0,5,103338,2.88,16.70823899612418,11853,78.03582680709334,21.964173192906653,7.520990889060918,99.03689573349462,55.469222537570374,2.84,16.314553990610328,11718,77.66858997475659,22.33141002524342,8.275337739049068,97.7865131732884,55.145303944967004
2492200435,2014-06-06,2,1.5,1490,4080,1.0,0,0,3,7,930,560,1956,0,98126,47.5344,-122.381,1320,4080,2014,6,4,0,0,0,10430,0,1,58,108072,2.36,17.374538643750345,10242,56.54861693210393,43.45138306789606,4.653176915203527,100.23680854939583,34.264375493351146,2.27,16.627794527561296,10016,55.87763397154776,44.12236602845224,5.641737426518615,99.87504685742846,36.67374734474572
7855900110,2014-07-18,4,2.75,3460,11350,1.0,0,4,4,9,1780,1680,1974,0,98006,47.568000000000005,-122.153,3200,13874,2014,7,4,0,0,0,31140,0,1,40,185991,2.82,14.267360653577546,13727,77.46436154079466,22.535638459205337,6.640385009215646,100.15012703056432,27.042112556778815,2.81,13.709650387155165,13558,77.95756373072813,22.042436269271867,7.3147711184521,100.43854542632049,26.78619940233632
6806100250,2015-03-05,3,2.5,1770,3873,2.0,0,0,3,7,1770,0,2005,0,98058,47.4648,-122.144,2280,4330,2015,3,3,0,0,0,12390,0,0,10,106611,2.78,15.935921408835924,16692,73.01956836343044,26.980431636569556,5.35431150140261,97.63669462323647,42.85157011897796,2.74,16.106225715036956,16367,72.2486806538808,27.751319346119192,6.590114827758363,97.51918859649122,44.01041666666667
2770603523,2015-04-22,3,2.5,1410,1250,2.0,0,0,3,8,1140,270,2010,0,98119,47.6515,-122.375,1720,2825,2015,4,2,0,0,0,11280,0,1,5,112865,1.9,25.481150100191062,12166,40.59950184660311,59.40049815339689,4.838109415705247,98.6912347167212,21.78979392686987,1.89,25.428950611432366,12075,40.114135206321336,59.885864793678664,5.074963929489995,99.02767835838702,20.561918396564067
1370800515,2014-10-30,4,4.25,4470,5884,2.0,0,1,3,11,3230,1240,2010,0,98199,47.6387,-122.405,2570,6000,2014,10,3,0,0,1,49170,0,1,4,168132,2.27,15.401888530631044,9920,62.062574948217595,37.937425051782405,4.147350993377484,99.1690635985938,22.416107382550337,2.24,15.287600188590286,9908,63.396185047138786,36.603814952861214,4.887626368117638,99.1062108559499,21.711899791231733
2726049150,2014-07-17,4,2.0,1950,8040,1.0,0,0,3,7,1950,0,1961,0,98125,47.7074,-122.29,1950,8092,2014,7,3,0,0,0,13650,0,0,53,89983,2.18,19.775984583885343,18882,47.03408836061897,52.96591163938103,6.25,100.80028203772255,32.942005993301606,2.12,19.175038337558288,18728,45.79247434435576,54.20752565564424,6.600554974298321,100.34034541438865,33.71592019986242
1226059161,2014-12-29,4,2.75,2560,83200,1.0,0,0,3,8,1860,700,1980,0,98072,47.7511,-122.111,1990,38332,2014,12,0,0,0,0,20480,0,1,34,157963,2.6,13.507779349363508,9217,75.10030952653904,24.899690473460964,4.844401668270773,98.9697933227345,34.97615262321145,2.6,13.562575408577382,9093,75.71628232005591,24.283717679944093,4.9586119070359755,99.31105530873737,35.92814371257485
1068000375,2014-09-23,6,5.0,4830,18200,2.5,0,0,3,13,5240,1860,1933,2002,98199,47.6427,-122.408,3130,6477,2014,9,1,1,0,1,92300,0,1,81,168132,2.27,15.401888530631044,9920,62.062574948217595,37.937425051782405,4.147350993377484,99.1690635985938,22.416107382550337,2.24,15.287600188590286,9908,63.396185047138786,36.603814952861214,4.887626368117638,99.1062108559499,21.711899791231733
9528104109,2014-10-27,3,2.5,1365,1090,3.0,0,0,3,7,1315,50,2003,0,98115,47.6776,-122.324,1360,1124,2014,10,0,0,0,0,9555,0,1,11,141013,2.36,20.038971348841685,22085,62.56938184923383,37.430618150766165,5.07985950029823,99.48958702950569,21.213527308458662,2.32,19.346653198985,21778,62.75248864405142,37.24751135594858,5.230427913543313,99.63049016040087,21.893457996248916
5126310060,2015-04-17,4,2.75,2830,7334,2.0,0,0,3,8,2830,0,2005,0,98059,47.4868,-122.141,2830,7378,2015,4,4,0,0,0,22640,0,0,10,126846,2.75,13.177344215208938,13637,79.87440417643943,20.125595823560566,4.938333752831613,99.5200838844975,40.75657364090983,2.79,13.745595489781536,13401,78.51442602823818,21.485573971761816,6.100010041168792,99.15702883205734,41.01237986642776
1951820070,2014-08-22,3,2.25,2230,13100,1.0,0,0,4,8,1510,720,1974,0,98006,47.5413,-122.174,2010,10650,2014,8,4,0,0,0,17840,0,1,40,185991,2.82,14.267360653577546,13727,77.46436154079466,22.535638459205337,6.640385009215646,100.15012703056432,27.042112556778815,2.81,13.709650387155165,13558,77.95756373072813,22.042436269271867,7.3147711184521,100.43854542632049,26.78619940233632
1545805980,2014-11-10,3,2.5,2770,8820,1.0,0,0,3,7,1900,870,1980,2004,98038,47.3685,-122.048,1850,10920,2014,11,0,1,0,0,19390,0,1,34,135304,2.86,12.556807332442238,12545,84.88178488178488,15.118215118215117,8.23751596956063,99.08171413361725,51.89424185963978,2.88,13.27901930178551,12318,84.63165017339085,15.368349826609151,8.409014463504876,99.04576700434153,54.23299565846599
9464700340,2014-07-08,4,2.5,3180,31931,1.0,0,0,4,10,2390,790,1978,0,98007,47.6388,-122.149,3180,35007,2014,7,1,0,0,0,31800,0,1,36,118634,2.48,20.499565396404225,11154,35.96800304732883,64.03199695267118,5.613278442135529,98.00031408679266,22.378683976338795,2.46,20.650383547461058,10912,35.5564209911401,64.4435790088599,7.187732216442614,98.34565872363737,24.130375239660367
4319200675,2014-07-09,4,2.25,3300,8365,3.0,0,0,3,9,3300,0,2014,0,98126,47.5363,-122.377,1290,8369,2014,7,2,0,0,0,29700,0,0,0,108072,2.36,17.374538643750345,10242,56.54861693210393,43.45138306789606,4.653176915203527,100.23680854939583,34.264375493351146,2.27,16.627794527561296,10016,55.87763397154776,44.12236602845224,5.641737426518615,99.87504685742846,36.67374734474572
7518500885,2014-05-19,4,1.0,1660,4690,1.5,0,0,3,7,1260,400,1945,0,98117,47.6829,-122.378,1400,3876,2014,5,0,0,0,0,11620,0,1,69,166029,2.29,15.29702030745872,14220,69.81104756388909,30.18895243611091,4.762847806713536,99.83316649983317,23.652819486152822,2.32,15.579379562043796,14093,70.67265234030027,29.327347659699736,4.742001293725432,99.6292707587311,24.463917091460587
7852020620,2015-03-03,4,2.5,2190,4944,2.0,0,0,3,8,2190,0,1999,0,98065,47.5341,-121.866,2190,5108,2015,3,1,0,0,0,17520,0,0,16,175750,2.93,10.615415255925114,4953,79.75811584977721,20.241884150222788,4.1850514774702505,99.11081471601645,30.999221962876515,2.91,8.78239184647078,4755,78.93797411869701,21.06202588130299,4.645161290322581,99.65219477092828,32.369872871192136
869700370,2015-04-10,3,2.5,1630,3425,2.0,0,0,3,8,1630,0,1999,0,98059,47.4913,-122.154,1420,3425,2015,4,4,0,0,0,13040,0,0,16,126846,2.75,13.177344215208938,13637,79.87440417643943,20.125595823560566,4.938333752831613,99.5200838844975,40.75657364090983,2.79,13.745595489781536,13401,78.51442602823818,21.485573971761816,6.100010041168792,99.15702883205734,41.01237986642776
8643000190,2015-03-23,3,1.5,1860,10379,1.0,0,0,3,7,1240,620,1963,0,98198,47.3962,-122.309,2240,11328,2015,3,0,0,0,0,13020,0,1,52,76062,2.67,22.07152903355435,14123,54.47965869267103,45.52034130732896,7.476339026066727,96.01030110935024,51.96909667194929,2.66,22.372788556958557,14108,54.52003727865797,45.479962721342034,9.229583126824165,96.58536585365853,50.707716913234705
8902000267,2015-04-02,4,2.75,2260,7209,1.0,0,3,3,7,1330,930,2002,0,98125,47.7088,-122.302,1790,10860,2015,4,3,0,0,0,15820,0,1,13,89983,2.18,19.775984583885343,18882,47.03408836061897,52.96591163938103,6.25,100.80028203772255,32.942005993301606,2.12,19.175038337558288,18728,45.79247434435576,54.20752565564424,6.600554974298321,100.34034541438865,33.71592019986242
7972602435,2015-03-18,2,1.0,950,6350,1.0,0,0,3,7,950,0,1951,0,98106,47.528,-122.352,1080,7620,2015,3,2,0,0,0,6650,0,0,64,94762,2.43,20.256740681998416,10747,46.417630200612706,53.58236979938729,9.329466197085837,100.42269832078749,44.035900405327155,2.5,19.96174407768895,10674,48.08038392321536,51.91961607678465,9.873452927270199,101.05257103416542,44.05843782353618
2050100210,2014-11-17,3,2.5,2690,17461,2.0,0,3,3,10,2690,0,1997,0,98074,47.654,-122.088,3610,16887,2014,11,0,0,0,0,26900,0,0,17,229104,3.02,10.366720845184885,9070,87.03577124629757,12.96422875370244,4.483074107959744,100.24147476294245,16.24359502915366,3.03,10.087027329635095,8959,87.40808823529412,12.591911764705882,4.416132562138502,100.35249133707731,17.803799737125104
6705120540,2014-12-22,2,2.25,1860,2670,2.0,0,0,4,8,1860,0,1986,0,98006,47.5436,-122.187,1860,2531,2014,12,0,0,0,0,14880,0,0,28,185991,2.82,14.267360653577546,13727,77.46436154079466,22.535638459205337,6.640385009215646,100.15012703056432,27.042112556778815,2.81,13.709650387155165,13558,77.95756373072813,22.042436269271867,7.3147711184521,100.43854542632049,26.78619940233632
2767601390,2015-03-04,4,2.0,1770,5000,2.0,0,0,4,7,1770,0,1906,0,98107,47.6748,-122.386,1550,5000,2015,3,2,0,0,0,12390,0,0,109,131559,1.93,23.823613629855874,12707,35.71075197889182,64.28924802110818,5.1404627006610015,99.34580861098434,21.74552462092398,1.92,23.06289432176656,12416,34.91419393017161,65.0858060698284,6.3046647230320705,99.24250394529194,22.530247238295633
4141000490,2014-10-21,4,2.5,3180,13118,2.0,0,0,4,11,3180,0,1986,0,98040,47.5382,-122.23,3070,12861,2014,10,1,0,0,1,34980,0,0,28,190985,2.51,9.818010174647295,10179,71.95032870708546,28.049671292914535,5.143830092302178,100.51344885932669,15.986930392671683,2.49,9.62381105055039,10139,74.13847948255751,25.861520517442475,4.498525073746313,100.2252118769632,17.157589047590825
9345400350,2014-07-18,2,2.5,2600,5000,1.0,0,0,5,8,1300,1300,1926,0,98126,47.5806,-122.379,2260,5000,2014,7,4,0,0,0,20800,0,1,88,108072,2.36,17.374538643750345,10242,56.54861693210393,43.45138306789606,4.653176915203527,100.23680854939583,34.264375493351146,2.27,16.627794527561296,10016,55.87763397154776,44.12236602845224,5.641737426518615,99.87504685742846,36.67374734474572
3222079162,2014-08-13,3,2.0,1760,43575,1.0,0,0,3,7,1160,600,1988,0,98010,47.3565,-121.94,1760,46038,2014,8,2,0,0,0,12320,0,1,26,141579,2.57,13.38701560140916,2023,89.75431259801358,10.245687401986409,4.837398373983739,98.27384435342306,56.31948507899356,2.54,11.838658983761132,1978,90.11689691817216,9.883103081827842,4.036620890553475,98.94736842105263,61.702786377708975
7789000120,2015-04-21,3,1.0,940,8400,1.0,0,0,3,7,940,0,1958,0,98056,47.5108,-122.165,1190,8400,2015,4,1,0,0,0,6580,0,0,57,102196,2.51,19.700650139315567,13893,51.64368244502423,48.356317554975774,6.624963057826815,97.99134991266739,42.58920402561757,2.56,20.747436492907926,13631,51.246200607902736,48.753799392097264,7.454338464584468,97.1547942343848,43.680802172550656
6646200770,2014-07-24,4,2.5,2410,15899,2.0,0,3,3,9,2410,0,1990,0,98074,47.6242,-122.04,2360,11412,2014,7,3,0,0,0,21690,0,0,24,229104,3.02,10.366720845184885,9070,87.03577124629757,12.96422875370244,4.483074107959744,100.24147476294245,16.24359502915366,3.03,10.087027329635095,8959,87.40808823529412,12.591911764705882,4.416132562138502,100.35249133707731,17.803799737125104
6666800180,2015-01-30,4,2.25,1900,8272,1.0,0,0,4,9,1460,440,1966,0,98040,47.5803,-122.227,2040,8479,2015,1,4,0,0,0,17100,0,1,49,190985,2.51,9.818010174647295,10179,71.95032870708546,28.049671292914535,5.143830092302178,100.51344885932669,15.986930392671683,2.49,9.62381105055039,10139,74.13847948255751,25.861520517442475,4.498525073746313,100.2252118769632,17.157589047590825
1725800280,2014-06-16,3,1.0,1770,5720,1.5,0,0,4,7,1140,630,1926,0,98126,47.5546,-122.377,1500,4406,2014,6,0,0,0,0,12390,0,1,88,108072,2.36,17.374538643750345,10242,56.54861693210393,43.45138306789606,4.653176915203527,100.23680854939583,34.264375493351146,2.27,16.627794527561296,10016,55.87763397154776,44.12236602845224,5.641737426518615,99.87504685742846,36.67374734474572
6117500460,2014-06-30,4,2.5,2680,12215,1.0,1,4,3,9,1590,1090,1956,0,98166,47.4396,-122.353,2960,19964,2014,6,0,0,0,0,24120,2680,1,58,105013,2.51,15.282996712071395,8765,64.0529896168994,35.94701038310061,5.573970690858339,97.8699402786994,44.95686794956868,2.46,14.673185495605612,8880,63.30851558864589,36.69148441135412,6.493621545003543,97.69518681462999,45.590649418871884
5470100220,2014-09-09,3,1.5,1310,9273,1.0,0,0,4,7,1310,0,1968,0,98042,47.3683,-122.147,1710,9600,2014,9,1,0,0,0,9170,0,0,46,122709,2.84,14.728895746087723,16573,81.84237202230106,18.157627977698937,5.7493896195951795,98.46322368633011,50.75872289700055,2.8,15.359349774536549,16818,82.74386406544997,17.25613593455003,6.523882775213978,98.58030168589174,52.2264944625193
5457300478,2015-05-13,2,1.75,1000,1760,1.0,0,0,4,6,600,400,1924,0,98109,47.6261,-122.355,2120,2802,2015,5,2,0,0,0,6000,0,1,91,124408,1.7,27.800957442136237,15202,28.230758246465797,71.7692417535342,3.0450204638472034,99.08156134571229,20.355395827093943,1.67,27.266207687894433,14434,30.246109023997548,69.75389097600245,3.8523274478330656,99.60608676883228,22.17785452190805
7550800195,2014-07-30,4,1.5,1580,5000,1.5,0,0,3,7,1390,190,1945,0,98107,47.6735,-122.393,1580,5000,2014,7,2,0,0,0,11060,0,1,69,131559,1.93,23.823613629855874,12707,35.71075197889182,64.28924802110818,5.1404627006610015,99.34580861098434,21.74552462092398,1.92,23.06289432176656,12416,34.91419393017161,65.0858060698284,6.3046647230320705,99.24250394529194,22.530247238295633
7787050180,2015-01-28,3,2.75,3080,7282,2.0,0,0,3,9,3080,0,2008,0,98059,47.4826,-122.149,3080,7274,2015,1,2,0,0,0,27720,0,0,7,126846,2.75,13.177344215208938,13637,79.87440417643943,20.125595823560566,4.938333752831613,99.5200838844975,40.75657364090983,2.79,13.745595489781536,13401,78.51442602823818,21.485573971761816,6.100010041168792,99.15702883205734,41.01237986642776
6204430250,2014-11-21,5,2.25,2480,12614,1.0,0,0,4,8,1860,620,1979,0,98011,47.7393,-122.2,2470,12392,2014,11,4,0,0,0,19840,0,1,35,124418,2.46,15.247978855721392,13329,65.2180746561886,34.781925343811395,6.342825237297599,99.00660763248978,39.452510450847306,2.46,15.129648719371977,13089,66.21599871237727,33.78400128762273,7.092279579716767,99.87127028642361,40.38435014482093
7640400250,2014-06-19,2,1.0,1570,8210,1.0,0,0,4,8,1150,420,1952,0,98177,47.7221,-122.371,1680,8196,2014,6,3,0,0,0,12560,0,1,62,153542,2.43,13.07924984875983,8212,79.67166859048352,20.32833140951648,5.038420387121875,99.43356309288201,27.4619531836484,2.43,12.346137193047566,8127,81.14840062926062,18.85159937073938,4.7893884163628995,99.46581196581197,26.716524216524217
624110920,2014-07-25,3,2.25,3330,15258,2.0,0,0,3,10,3330,0,1986,0,98077,47.7262,-122.06,3360,14850,2014,7,4,0,0,0,33300,0,0,28,169573,2.96,13.307618129218902,4923,94.13233458177278,5.867665418227216,4.543605045436051,99.69715956558062,31.47451963241437,2.98,14.185654756627361,4928,92.30282581189371,7.697174188106285,5.255087817117368,99.70955249569707,33.04647160068847
3629920140,2015-04-07,3,2.25,1260,3000,2.0,0,0,3,7,1260,0,2003,0,98029,47.5459,-121.997,1630,3023,2015,4,1,0,0,0,8820,0,0,12,156427,2.51,10.307103610675039,11144,68.2339558251967,31.766044174803298,6.658926376178117,99.6974697469747,23.432343234323433,2.49,9.80519156992676,11047,66.38615281629531,33.6138471837047,7.2508398656215,99.70228064262442,25.536456577912592
7173700518,2014-07-21,3,1.5,2540,9520,1.0,0,0,3,8,1500,1040,1959,0,98115,47.6834,-122.306,1870,6800,2014,7,0,0,0,0,20320,0,1,55,141013,2.36,20.038971348841685,22085,62.56938184923383,37.430618150766165,5.07985950029823,99.48958702950569,21.213527308458662,2.32,19.346653198985,21778,62.75248864405142,37.24751135594858,5.230427913543313,99.63049016040087,21.893457996248916
3210200395,2014-08-22,3,1.0,1280,12928,1.5,0,0,3,6,1280,0,1942,0,98023,47.3215,-122.399,1610,19467,2014,8,4,0,0,0,7680,0,0,72,98057,2.84,17.422428414646312,18530,66.81093394077449,33.18906605922551,7.981084030556566,98.90960038986356,53.08845029239766,2.81,18.088104608353433,18625,64.76571428571428,35.23428571428571,8.736678507992895,98.46469418199901,51.54462953754351
2473480560,2014-09-04,3,2.25,2470,10290,2.0,0,0,3,8,2230,240,1984,0,98058,47.4459,-122.124,1970,10150,2014,9,3,0,0,0,19760,0,1,30,106611,2.78,15.935921408835924,16692,73.01956836343044,26.980431636569556,5.35431150140261,97.63669462323647,42.85157011897796,2.74,16.106225715036956,16367,72.2486806538808,27.751319346119192,6.590114827758363,97.51918859649122,44.01041666666667
2623089141,2014-10-23,4,2.5,2250,50155,2.0,0,0,3,8,2250,0,1998,0,98045,47.449,-121.756,2040,57857,2014,10,3,0,0,0,18000,0,0,16,154803,2.6,11.896235479081142,5848,76.05357142857143,23.946428571428573,4.146459747817652,98.97304236200257,46.04522563444257,2.62,12.452140619561435,5880,76.65285534137993,23.34714465862007,4.789620468048987,98.46000993541976,46.656731246895184
1423800080,2014-05-12,3,1.0,990,8012,1.0,0,0,4,7,990,0,1966,0,98058,47.4557,-122.181,1260,9060,2014,5,0,0,0,0,6930,0,0,48,106611,2.78,15.935921408835924,16692,73.01956836343044,26.980431636569556,5.35431150140261,97.63669462323647,42.85157011897796,2.74,16.106225715036956,16367,72.2486806538808,27.751319346119192,6.590114827758363,97.51918859649122,44.01041666666667
2076400050,2014-10-22,4,2.25,1740,9600,1.0,0,2,3,7,1160,580,1957,0,98188,47.432,-122.276,1630,9600,2014,10,2,0,0,0,12180,0,1,57,77722,2.57,21.355714002772828,10041,42.85119667013528,57.14880332986473,8.525003709749221,99.28014754000833,56.91593789041585,2.5,21.801283022680202,10236,44.501647446457994,55.498352553542006,9.433817315817777,98.1617870838152,56.87503804248585
3832060120,2015-03-16,4,2.5,2200,5893,2.0,0,0,3,7,2200,0,2008,0,98042,47.3333,-122.055,2200,5757,2015,3,0,0,0,0,15400,0,0,7,122709,2.84,14.728895746087723,16573,81.84237202230106,18.157627977698937,5.7493896195951795,98.46322368633011,50.75872289700055,2.8,15.359349774536549,16818,82.74386406544997,17.25613593455003,6.523882775213978,98.58030168589174,52.2264944625193
7702600930,2014-08-04,3,2.0,1860,12944,1.0,0,0,3,9,1860,0,2002,0,98058,47.4298,-122.102,2500,29279,2014,8,0,0,0,0,16740,0,0,12,106611,2.78,15.935921408835924,16692,73.01956836343044,26.980431636569556,5.35431150140261,97.63669462323647,42.85157011897796,2.74,16.106225715036956,16367,72.2486806538808,27.751319346119192,6.590114827758363,97.51918859649122,44.01041666666667
5101404555,2014-10-06,2,1.0,1020,6380,1.0,0,0,3,7,1020,0,1930,1973,98115,47.6971,-122.317,1380,6380,2014,10,0,1,0,0,7140,0,0,84,141013,2.36,20.038971348841685,22085,62.56938184923383,37.430618150766165,5.07985950029823,99.48958702950569,21.213527308458662,2.32,19.346653198985,21778,62.75248864405142,37.24751135594858,5.230427913543313,99.63049016040087,21.893457996248916
3723800415,2014-10-15,2,2.0,1440,6677,1.0,0,0,3,7,870,570,1952,0,98118,47.5513,-122.264,2020,7642,2014,10,2,0,0,0,10080,0,1,62,106930,2.75,18.80646044347112,17060,56.44829520663217,43.551704793367826,9.809241901003125,97.62032677053377,37.58809215308283,2.76,18.663888888888888,16861,55.8023285244242,44.1976714755758,10.945570971184631,97.02670100740065,37.2020995663939
3356403400,2014-07-24,3,1.0,1360,20000,1.0,0,0,4,7,1360,0,1953,0,98001,47.2861,-122.253,1530,9997,2014,7,3,0,0,0,9520,0,0,61,103338,2.88,16.70823899612418,11853,78.03582680709334,21.964173192906653,7.520990889060918,99.03689573349462,55.469222537570374,2.84,16.314553990610328,11718,77.66858997475659,22.33141002524342,8.275337739049068,97.7865131732884,55.145303944967004
9214400125,2014-07-01,3,2.0,1410,6413,1.0,0,0,4,7,910,500,1947,0,98115,47.6826,-122.298,1330,6050,2014,7,1,0,0,0,9870,0,1,67,141013,2.36,20.038971348841685,22085,62.56938184923383,37.430618150766165,5.07985950029823,99.48958702950569,21.213527308458662,2.32,19.346653198985,21778,62.75248864405142,37.24751135594858,5.230427913543313,99.63049016040087,21.893457996248916
1797500530,2015-05-05,1,1.0,1220,4160,1.0,0,0,3,7,1220,0,1922,0,98115,47.6746,-122.315,1970,4200,2015,5,1,0,0,0,8540,0,0,93,141013,2.36,20.038971348841685,22085,62.56938184923383,37.430618150766165,5.07985950029823,99.48958702950569,21.213527308458662,2.32,19.346653198985,21778,62.75248864405142,37.24751135594858,5.230427913543313,99.63049016040087,21.893457996248916
9551201660,2014-06-13,4,2.5,2750,4800,2.0,0,0,3,9,1960,790,1905,2005,98103,47.6709,-122.337,2400,5300,2014,6,4,1,0,0,24750,0,1,109,122656,2.11,22.87456037514654,24340,48.11213812347401,51.88786187652599,3.97510133178923,99.1585414718846,18.936823827968478,2.08,23.163301875522638,24335,48.10872624912034,51.89127375087966,4.7532645230375685,99.01151866677559,19.094300574571793
3878900815,2015-05-04,3,2.25,2470,5650,1.0,0,2,3,7,1550,920,1973,0,98178,47.5072,-122.252,1660,5650,2015,5,0,0,0,0,17290,0,1,42,96875,2.82,20.090596844044004,9752,59.93050885451693,40.06949114548308,5.811326633948742,99.90720334067974,49.350423384758145,2.76,19.902357951594475,9374,62.577187463590825,37.42281253640918,7.69108659417414,99.64886790168302,47.354401259232354
1760650280,2015-03-06,4,2.5,2110,4178,2.0,0,0,3,7,2110,0,2013,0,98042,47.3612,-122.081,2300,4142,2015,3,4,0,0,0,14770,0,0,2,122709,2.84,14.728895746087723,16573,81.84237202230106,18.157627977698937,5.7493896195951795,98.46322368633011,50.75872289700055,2.8,15.359349774536549,16818,82.74386406544997,17.25613593455003,6.523882775213978,98.58030168589174,52.2264944625193
5466410030,2015-04-10,3,2.0,1360,6082,1.0,0,0,3,7,1360,0,1994,0,98042,47.3577,-122.16,1360,6987,2015,4,4,0,0,0,9520,0,0,21,122709,2.84,14.728895746087723,16573,81.84237202230106,18.157627977698937,5.7493896195951795,98.46322368633011,50.75872289700055,2.8,15.359349774536549,16818,82.74386406544997,17.25613593455003,6.523882775213978,98.58030168589174,52.2264944625193
6388930620,2014-07-10,4,2.5,2640,25038,2.0,0,0,4,8,2640,0,1995,0,98056,47.5277,-122.174,2630,16668,2014,7,3,0,0,0,21120,0,0,19,102196,2.51,19.700650139315567,13893,51.64368244502423,48.356317554975774,6.624963057826815,97.99134991266739,42.58920402561757,2.56,20.747436492907926,13631,51.246200607902736,48.753799392097264,7.454338464584468,97.1547942343848,43.680802172550656
2331300395,2014-05-10,4,2.0,2520,6000,1.0,0,0,3,8,1400,1120,1921,2007,98103,47.6767,-122.35,1580,3720,2014,5,5,1,0,0,20160,0,1,93,122656,2.11,22.87456037514654,24340,48.11213812347401,51.88786187652599,3.97510133178923,99.1585414718846,18.936823827968478,2.08,23.163301875522638,24335,48.10872624912034,51.89127375087966,4.7532645230375685,99.01151866677559,19.094300574571793
9412700160,2014-08-14,3,2.25,1830,7770,1.0,0,0,4,7,1400,430,1977,0,98042,47.3925,-122.161,1960,7272,2014,8,3,0,0,0,12810,0,1,37,122709,2.84,14.728895746087723,16573,81.84237202230106,18.157627977698937,5.7493896195951795,98.46322368633011,50.75872289700055,2.8,15.359349774536549,16818,82.74386406544997,17.25613593455003,6.523882775213978,98.58030168589174,52.2264944625193
871001611,2014-07-01,4,1.75,1700,5846,1.0,0,0,3,8,1700,0,1957,0,98199,47.6539,-122.408,1480,5177,2014,7,1,0,0,0,13600,0,0,57,168132,2.27,15.401888530631044,9920,62.062574948217595,37.937425051782405,4.147350993377484,99.1690635985938,22.416107382550337,2.24,15.287600188590286,9908,63.396185047138786,36.603814952861214,4.887626368117638,99.1062108559499,21.711899791231733
3142600120,2014-08-26,3,2.0,1940,3800,1.0,0,0,4,7,1050,890,1927,0,98115,47.6842,-122.309,1700,3800,2014,8,1,0,0,0,13580,0,1,87,141013,2.36,20.038971348841685,22085,62.56938184923383,37.430618150766165,5.07985950029823,99.48958702950569,21.213527308458662,2.32,19.346653198985,21778,62.75248864405142,37.24751135594858,5.230427913543313,99.63049016040087,21.893457996248916
3995700220,2015-03-17,3,1.0,1380,8147,1.0,0,0,4,7,1380,0,1948,0,98155,47.7407,-122.3,1360,8147,2015,3,1,0,0,0,9660,0,0,67,124531,2.48,16.52716001821175,13838,68.1508643268727,31.849135673127293,8.176812638295683,98.1925078457077,38.148015731140504,2.48,17.143465606587636,13823,68.9590238023501,31.040976197649893,9.775827429417362,98.56964422418308,37.801684193561385
2310000280,2014-12-11,3,2.25,1620,6415,2.0,0,0,4,7,1620,0,1989,0,98038,47.3577,-122.038,1640,7253,2014,12,3,0,0,0,11340,0,0,25,135304,2.86,12.556807332442238,12545,84.88178488178488,15.118215118215117,8.23751596956063,99.08171413361725,51.89424185963978,2.88,13.27901930178551,12318,84.63165017339085,15.368349826609151,8.409014463504876,99.04576700434153,54.23299565846599
8039900400,2014-08-12,3,2.0,1670,13775,1.0,0,0,3,8,1670,0,1968,0,98045,47.4873,-121.783,2130,14500,2014,8,1,0,0,0,13360,0,0,46,154803,2.6,11.896235479081142,5848,76.05357142857143,23.946428571428573,4.146459747817652,98.97304236200257,46.04522563444257,2.62,12.452140619561435,5880,76.65285534137993,23.34714465862007,4.789620468048987,98.46000993541976,46.656731246895184
7504021510,2014-12-19,4,2.25,3140,12150,2.0,0,0,3,9,3140,0,1979,0,98074,47.6361,-122.047,2370,12054,2014,12,4,0,0,0,28260,0,0,35,229104,3.02,10.366720845184885,9070,87.03577124629757,12.96422875370244,4.483074107959744,100.24147476294245,16.24359502915366,3.03,10.087027329635095,8959,87.40808823529412,12.591911764705882,4.416132562138502,100.35249133707731,17.803799737125104
1959700445,2014-07-25,4,1.75,4060,5500,2.0,0,0,5,9,2660,1400,1924,0,98102,47.6437,-122.321,3320,5500,2014,7,4,0,0,0,36540,0,1,90,114026,1.64,32.88064183586572,15038,28.637943015983318,71.36205698401668,4.007043005015473,99.6177954441217,19.624929929164754,1.61,33.5729757131665,14696,28.04420202592619,71.9557979740738,4.6355078809106836,99.60608964122218,19.620994357500265
1556200155,2015-04-17,3,2.0,1510,3817,1.5,0,0,3,8,1510,0,1905,1994,98122,47.6088,-122.294,1510,3817,2015,4,4,1,0,0,12080,0,0,110,94548,1.96,34.44654683065279,17551,33.21537815630061,66.7846218436994,4.870675176352032,98.85230330853253,23.880006332119677,1.95,33.01648693828051,17176,33.65877772971637,66.34122227028362,6.536089637800748,98.60956388992037,25.23827206337418
3629960590,2015-04-07,2,2.0,1340,1635,2.0,0,0,3,8,1340,0,2003,0,98029,47.5476,-122.005,1410,1375,2015,4,1,0,0,0,10720,0,0,12,156427,2.51,10.307103610675039,11144,68.2339558251967,31.766044174803298,6.658926376178117,99.6974697469747,23.432343234323433,2.49,9.80519156992676,11047,66.38615281629531,33.6138471837047,7.2508398656215,99.70228064262442,25.536456577912592
259000240,2014-06-17,3,1.75,2180,7700,1.0,0,0,3,8,1480,700,1961,0,98177,47.7594,-122.361,2180,7604,2014,6,1,0,0,0,17440,0,1,53,153542,2.43,13.07924984875983,8212,79.67166859048352,20.32833140951648,5.038420387121875,99.43356309288201,27.4619531836484,2.43,12.346137193047566,8127,81.14840062926062,18.85159937073938,4.7893884163628995,99.46581196581197,26.716524216524217
662440020,2015-02-26,4,2.5,2420,4981,2.0,0,0,3,9,2420,0,2009,0,98038,47.3785,-122.023,2420,5000,2015,2,3,0,0,0,21780,0,0,6,135304,2.86,12.556807332442238,12545,84.88178488178488,15.118215118215117,8.23751596956063,99.08171413361725,51.89424185963978,2.88,13.27901930178551,12318,84.63165017339085,15.368349826609151,8.409014463504876,99.04576700434153,54.23299565846599
3123049142,2014-08-05,3,2.25,2600,14810,1.0,0,2,4,8,1490,1110,1956,0,98166,47.4326,-122.341,2450,16715,2014,8,1,0,0,0,20800,0,1,58,105013,2.51,15.282996712071395,8765,64.0529896168994,35.94701038310061,5.573970690858339,97.8699402786994,44.95686794956868,2.46,14.673185495605612,8880,63.30851558864589,36.69148441135412,6.493621545003543,97.69518681462999,45.590649418871884
321100260,2014-06-30,5,2.75,2520,16100,1.0,0,3,4,8,1570,950,1960,0,98040,47.528,-122.224,2760,16988,2014,6,0,0,0,0,20160,0,1,54,190985,2.51,9.818010174647295,10179,71.95032870708546,28.049671292914535,5.143830092302178,100.51344885932669,15.986930392671683,2.49,9.62381105055039,10139,74.13847948255751,25.861520517442475,4.498525073746313,100.2252118769632,17.157589047590825
6840701095,2015-04-03,3,1.0,1740,4400,1.5,0,0,3,7,1740,0,1924,0,98122,47.6059,-122.3,1720,4400,2015,4,4,0,0,0,12180,0,0,91,94548,1.96,34.44654683065279,17551,33.21537815630061,66.7846218436994,4.870675176352032,98.85230330853253,23.880006332119677,1.95,33.01648693828051,17176,33.65877772971637,66.34122227028362,6.536089637800748,98.60956388992037,25.23827206337418
3738900165,2014-10-24,4,1.75,2080,8215,2.0,0,0,4,7,2080,0,1948,0,98155,47.737,-122.305,1550,8215,2014,10,4,0,0,0,14560,0,0,66,124531,2.48,16.52716001821175,13838,68.1508643268727,31.849135673127293,8.176812638295683,98.1925078457077,38.148015731140504,2.48,17.143465606587636,13823,68.9590238023501,31.040976197649893,9.775827429417362,98.56964422418308,37.801684193561385
4427100130,2015-03-04,3,1.0,1500,6240,1.0,0,0,4,7,1500,0,1953,0,98125,47.7281,-122.311,1230,6240,2015,3,2,0,0,0,10500,0,0,62,89983,2.18,19.775984583885343,18882,47.03408836061897,52.96591163938103,6.25,100.80028203772255,32.942005993301606,2.12,19.175038337558288,18728,45.79247434435576,54.20752565564424,6.600554974298321,100.34034541438865,33.71592019986242
9238500100,2015-03-18,4,2.25,2070,20280,2.0,0,0,4,7,2070,0,1968,0,98072,47.774,-122.134,2190,21560,2015,3,2,0,0,0,14490,0,0,47,157963,2.6,13.507779349363508,9217,75.10030952653904,24.899690473460964,4.844401668270773,98.9697933227345,34.97615262321145,2.6,13.562575408577382,9093,75.71628232005591,24.283717679944093,4.9586119070359755,99.31105530873737,35.92814371257485
6145601810,2014-07-18,2,1.0,1040,5765,1.0,0,0,3,7,1040,0,1944,0,98133,47.7024,-122.346,1040,3844,2014,7,4,0,0,0,7280,0,0,70,85059,2.18,19.780409147977647,22049,47.43003034828267,52.56996965171733,6.900681086745005,98.7952152014652,40.53628663003663,2.2,19.916468960063266,21780,48.4259846747035,51.57401532529649,9.163212725439678,98.85203345832132,41.53446783963081
2570300090,2014-11-26,3,1.5,1240,15867,1.0,0,0,3,7,1240,0,1962,0,98034,47.7167,-122.202,1570,9600,2014,11,2,0,0,0,8680,0,0,52,119806,2.43,16.05333943799004,18001,61.237125332716126,38.76287466728388,6.750954198473283,99.64536699635606,34.17816241540864,2.44,17.057790319329666,18171,60.109001406469766,39.89099859353024,7.7933415340661085,99.85536782591545,35.227795674183156
4017600010,2015-04-17,3,2.25,2060,10160,1.0,0,0,4,8,1340,720,1967,0,98155,47.7712,-122.285,2320,11186,2015,4,4,0,0,0,16480,0,1,48,124531,2.48,16.52716001821175,13838,68.1508643268727,31.849135673127293,8.176812638295683,98.1925078457077,38.148015731140504,2.48,17.143465606587636,13823,68.9590238023501,31.040976197649893,9.775827429417362,98.56964422418308,37.801684193561385
1005000220,2015-03-10,2,1.0,2020,7540,1.0,0,0,3,7,1010,1010,1921,0,98118,47.5359,-122.28,1270,4652,2015,3,1,0,0,0,14140,0,1,94,106930,2.75,18.80646044347112,17060,56.44829520663217,43.551704793367826,9.809241901003125,97.62032677053377,37.58809215308283,2.76,18.663888888888888,16861,55.8023285244242,44.1976714755758,10.945570971184631,97.02670100740065,37.2020995663939
1257202120,2014-10-30,2,1.0,1070,2754,1.0,0,0,3,7,830,240,1924,0,98103,47.6755,-122.331,1760,4080,2014,10,3,0,0,0,7490,0,1,90,122656,2.11,22.87456037514654,24340,48.11213812347401,51.88786187652599,3.97510133178923,99.1585414718846,18.936823827968478,2.08,23.163301875522638,24335,48.10872624912034,51.89127375087966,4.7532645230375685,99.01151866677559,19.094300574571793
9527000490,2014-07-30,3,1.75,1840,7350,1.0,0,0,3,8,1310,530,1976,0,98034,47.7089,-122.23,1860,7000,2014,7,2,0,0,0,14720,0,1,38,119806,2.43,16.05333943799004,18001,61.237125332716126,38.76287466728388,6.750954198473283,99.64536699635606,34.17816241540864,2.44,17.057790319329666,18171,60.109001406469766,39.89099859353024,7.7933415340661085,99.85536782591545,35.227795674183156
8691400080,2014-06-20,4,2.75,3150,7035,2.0,0,0,3,9,3150,0,2004,0,98075,47.5979,-121.974,3200,7035,2014,6,4,0,0,0,28350,0,0,10,234261,3.16,10.383283441920526,7595,87.0674447007735,12.93255529922649,3.5686033224927485,99.95167414566794,21.139109423541594,3.16,11.460327261500463,7356,87.72919605077574,12.270803949224259,4.311893639956881,99.93420090656528,21.340839303991814
1726069084,2014-12-08,4,1.75,1810,21650,2.0,0,0,4,7,1810,0,1961,0,98077,47.7358,-122.076,2700,29680,2014,12,0,0,0,0,12670,0,0,53,169573,2.96,13.307618129218902,4923,94.13233458177278,5.867665418227216,4.543605045436051,99.69715956558062,31.47451963241437,2.98,14.185654756627361,4928,92.30282581189371,7.697174188106285,5.255087817117368,99.70955249569707,33.04647160068847
248000240,2014-07-15,3,1.5,1060,9600,1.0,0,0,4,7,1060,0,1962,0,98023,47.3229,-122.348,1440,9600,2014,7,1,0,0,0,7420,0,0,52,98057,2.84,17.422428414646312,18530,66.81093394077449,33.18906605922551,7.981084030556566,98.90960038986356,53.08845029239766,2.81,18.088104608353433,18625,64.76571428571428,35.23428571428571,8.736678507992895,98.46469418199901,51.54462953754351
6113400046,2014-07-23,4,2.5,1890,15770,2.0,0,0,4,7,1890,0,1968,0,98166,47.4281,-122.343,2410,15256,2014,7,2,0,0,0,13230,0,0,46,105013,2.51,15.282996712071395,8765,64.0529896168994,35.94701038310061,5.573970690858339,97.8699402786994,44.95686794956868,2.46,14.673185495605612,8880,63.30851558864589,36.69148441135412,6.493621545003543,97.69518681462999,45.590649418871884
2130702350,2014-06-04,4,2.5,2310,8030,2.0,0,0,3,7,2310,0,1978,0,98019,47.7433,-121.982,1780,8041,2014,6,2,0,0,0,16170,0,0,36,149479,2.7,12.106593154146566,4391,82.10296260320544,17.89703739679456,7.84727863525589,98.49849849849849,41.80999180999181,2.75,12.650887573964498,4151,85.6704980842912,14.329501915708812,9.496822943499913,98.77597495018503,47.3242243097068
920069052,2015-04-21,2,1.0,1120,35500,1.0,0,0,5,6,1120,0,1961,0,98022,47.2411,-122.043,1680,66022,2015,4,1,0,0,0,6720,0,0,54,112818,2.51,14.782116581777025,9214,71.14731044181414,28.85268955818587,6.198934280639431,94.7731755424063,59.927679158448385,2.52,13.98300218215229,9049,70.50333969465649,29.496660305343514,7.5844202251206,95.85578394199428,61.64438235881061
6071300160,2014-08-22,5,2.0,2560,14467,1.0,0,0,3,8,1280,1280,1960,0,98006,47.5547,-122.178,2200,10267,2014,8,4,0,0,0,20480,0,1,54,185991,2.82,14.267360653577546,13727,77.46436154079466,22.535638459205337,6.640385009215646,100.15012703056432,27.042112556778815,2.81,13.709650387155165,13558,77.95756373072813,22.042436269271867,7.3147711184521,100.43854542632049,26.78619940233632
1623049041,2014-05-08,2,1.0,520,22334,1.0,0,0,2,5,520,0,1951,0,98168,47.4799,-122.296,1572,10570,2014,5,3,0,0,0,2600,0,0,63,77935,2.8,20.49963262307127,12139,52.17844124283978,47.82155875716022,8.562583961217218,96.41425186805176,54.26006925460178,2.89,20.8829290342022,12234,50.7457509538675,49.2542490461325,11.205219182785854,97.16754897968418,53.68535360390933
9268200285,2014-07-03,2,1.0,860,5040,1.0,0,0,3,7,860,0,1956,0,98117,47.6977,-122.365,1570,5040,2014,7,3,0,0,0,6020,0,0,58,166029,2.29,15.29702030745872,14220,69.81104756388909,30.18895243611091,4.762847806713536,99.83316649983317,23.652819486152822,2.32,15.579379562043796,14093,70.67265234030027,29.327347659699736,4.742001293725432,99.6292707587311,24.463917091460587
1843100520,2014-07-25,4,2.5,2770,9751,2.0,0,0,3,8,2770,0,1989,0,98042,47.3739,-122.126,2370,6950,2014,7,4,0,0,0,22160,0,0,25,122709,2.84,14.728895746087723,16573,81.84237202230106,18.157627977698937,5.7493896195951795,98.46322368633011,50.75872289700055,2.8,15.359349774536549,16818,82.74386406544997,17.25613593455003,6.523882775213978,98.58030168589174,52.2264944625193
2887700826,2014-05-29,3,1.5,2240,3800,2.0,0,0,3,8,1370,870,1929,0,98115,47.6887,-122.307,1690,4275,2014,5,3,0,0,0,17920,0,1,85,141013,2.36,20.038971348841685,22085,62.56938184923383,37.430618150766165,5.07985950029823,99.48958702950569,21.213527308458662,2.32,19.346653198985,21778,62.75248864405142,37.24751135594858,5.230427913543313,99.63049016040087,21.893457996248916
9122000385,2014-08-06,4,2.25,2520,4200,1.5,0,0,4,7,1510,1010,1909,0,98144,47.5814,-122.312,1460,4200,2014,8,2,0,0,0,17640,0,1,105,97953,2.26,24.435394298408,13211,47.05356417134033,52.94643582865967,4.982979222913488,99.13933472900675,31.98883461270063,2.24,23.04151393743074,12994,47.69384193467963,52.306158065320375,6.687801012009999,99.23316558830577,31.929067816918284
9475700220,2014-06-26,4,2.5,2220,4652,2.0,0,0,3,7,2220,0,2001,0,98059,47.4902,-122.154,1840,4500,2014,6,3,0,0,0,15540,0,0,13,126846,2.75,13.177344215208938,13637,79.87440417643943,20.125595823560566,4.938333752831613,99.5200838844975,40.75657364090983,2.79,13.745595489781536,13401,78.51442602823818,21.485573971761816,6.100010041168792,99.15702883205734,41.01237986642776
2804600005,2014-12-19,3,2.0,2090,4077,1.5,0,0,4,8,1530,560,1931,0,98112,47.6433,-122.3,2010,4132,2014,12,4,0,0,0,16720,0,1,83,153204,2.12,20.965110771983372,10930,55.615488345212874,44.38451165478713,5.323420074349442,99.23632488752072,17.546767700686715,2.12,21.08649789029536,11036,54.353054353054354,45.646945646945646,6.614844158756259,99.30969930969931,17.801567801567803
2896400300,2015-03-19,4,2.25,1780,2684,2.0,0,0,3,7,1780,0,2002,0,98072,47.7642,-122.149,1670,2426,2015,3,3,0,0,0,12460,0,0,13,157963,2.6,13.507779349363508,9217,75.10030952653904,24.899690473460964,4.844401668270773,98.9697933227345,34.97615262321145,2.6,13.562575408577382,9093,75.71628232005591,24.283717679944093,4.9586119070359755,99.31105530873737,35.92814371257485
5015000180,2014-11-10,3,2.0,1720,4200,2.0,0,0,3,8,1720,0,1908,1992,98112,47.6285,-122.301,1720,4200,2014,11,0,1,0,0,13760,0,0,106,153204,2.12,20.965110771983372,10930,55.615488345212874,44.38451165478713,5.323420074349442,99.23632488752072,17.546767700686715,2.12,21.08649789029536,11036,54.353054353054354,45.646945646945646,6.614844158756259,99.30969930969931,17.801567801567803
3630220180,2014-07-08,4,3.5,3370,3634,2.0,0,0,3,9,2750,620,2007,0,98029,47.5519,-122.001,3200,3650,2014,7,1,0,0,0,30330,0,1,7,156427,2.51,10.307103610675039,11144,68.2339558251967,31.766044174803298,6.658926376178117,99.6974697469747,23.432343234323433,2.49,9.80519156992676,11047,66.38615281629531,33.6138471837047,7.2508398656215,99.70228064262442,25.536456577912592
8832900780,2014-10-13,5,2.0,1760,21562,1.0,0,1,3,8,1560,200,1959,0,98028,47.7597,-122.263,2150,12676,2014,10,0,0,0,0,14080,0,1,55,132191,2.67,13.599013968775678,8536,72.67970599227607,27.320294007723934,6.275532377227293,98.3883964544722,35.38812785388128,2.64,14.729697547035009,8635,73.22834645669292,26.77165354330709,7.076760377192209,98.22348793056686,36.54054787089775
1568100300,2015-01-21,6,4.5,3500,8504,2.0,0,0,3,7,3500,0,1980,0,98155,47.7351,-122.295,1550,8460,2015,1,2,0,0,0,24500,0,0,35,124531,2.48,16.52716001821175,13838,68.1508643268727,31.849135673127293,8.176812638295683,98.1925078457077,38.148015731140504,2.48,17.143465606587636,13823,68.9590238023501,31.040976197649893,9.775827429417362,98.56964422418308,37.801684193561385
8718500610,2014-05-26,3,1.5,1690,9144,1.0,0,0,4,7,1140,550,1956,0,98028,47.739,-122.253,1840,10600,2014,5,0,0,0,0,11830,0,1,58,132191,2.67,13.599013968775678,8536,72.67970599227607,27.320294007723934,6.275532377227293,98.3883964544722,35.38812785388128,2.64,14.729697547035009,8635,73.22834645669292,26.77165354330709,7.076760377192209,98.22348793056686,36.54054787089775
4147200140,2014-08-21,4,3.0,3500,13444,2.0,0,0,3,10,2360,1140,1977,0,98040,47.5468,-122.231,3140,12935,2014,8,3,0,0,0,35000,0,1,37,190985,2.51,9.818010174647295,10179,71.95032870708546,28.049671292914535,5.143830092302178,100.51344885932669,15.986930392671683,2.49,9.62381105055039,10139,74.13847948255751,25.861520517442475,4.498525073746313,100.2252118769632,17.157589047590825
1973700030,2015-04-29,3,2.5,3430,10177,2.0,0,0,3,10,3430,0,2014,0,98034,47.7159,-122.251,3110,12339,2015,4,2,0,0,0,34300,0,0,1,119806,2.43,16.05333943799004,18001,61.237125332716126,38.76287466728388,6.750954198473283,99.64536699635606,34.17816241540864,2.44,17.057790319329666,18171,60.109001406469766,39.89099859353024,7.7933415340661085,99.85536782591545,35.227795674183156
8862000075,2015-02-20,2,1.0,790,6555,1.0,0,0,2,6,790,0,1956,0,98146,47.5015,-122.35,1440,7601,2015,2,4,0,0,0,4740,0,0,59,101051,2.8,20.73438156114403,10239,60.939156243375024,39.060843756624976,7.612875658738072,98.09803704114451,45.38649218143507,2.71,20.303089178162036,10155,59.27780144865786,40.72219855134214,9.27133130522961,98.80675038354451,49.75282686516279
9320990110,2015-04-09,3,2.5,1720,4120,2.0,0,0,3,7,1720,0,1999,0,98148,47.4319,-122.328,1720,5544,2015,4,3,0,0,0,12040,0,0,16,81431,2.49,20.801797540208135,4634,39.694835680751176,60.305164319248824,5.8074923821473385,96.5266676355181,52.01278883883157,2.46,21.21500893388922,4554,42.75695284159613,57.24304715840387,8.75373527860784,96.37251998815518,55.13769618004146
1151100035,2014-06-11,4,2.5,2300,19250,1.0,0,0,4,7,2300,0,1955,0,98045,47.4793,-121.776,1460,19250,2014,6,2,0,0,0,16100,0,0,59,154803,2.6,11.896235479081142,5848,76.05357142857143,23.946428571428573,4.146459747817652,98.97304236200257,46.04522563444257,2.62,12.452140619561435,5880,76.65285534137993,23.34714465862007,4.789620468048987,98.46000993541976,46.656731246895184
2011000010,2014-05-02,3,1.75,1370,5858,1.0,0,0,3,7,1370,0,1987,0,98198,47.3815,-122.313,1400,7500,2014,5,4,0,0,0,9590,0,0,27,76062,2.67,22.07152903355435,14123,54.47965869267103,45.52034130732896,7.476339026066727,96.01030110935024,51.96909667194929,2.66,22.372788556958557,14108,54.52003727865797,45.479962721342034,9.229583126824165,96.58536585365853,50.707716913234705
1651500060,2014-09-29,5,2.0,1720,9972,1.0,0,0,4,8,1720,0,1951,0,98004,47.6368,-122.218,2700,9023,2014,9,0,0,0,0,13760,0,0,63,157784,2.09,16.09075919420747,17462,44.548266529191906,55.451733470808094,6.039425544695026,99.71498371335505,20.39087947882736,2.11,16.54254118709095,16773,45.298507462686565,54.701492537313435,6.137602970182156,99.6095090971507,22.202197047717128
446000190,2014-12-08,5,3.25,2450,6534,2.0,0,0,3,8,1770,680,1951,2014,98115,47.688,-122.281,1620,6534,2014,12,0,1,0,0,19600,0,1,63,141013,2.36,20.038971348841685,22085,62.56938184923383,37.430618150766165,5.07985950029823,99.48958702950569,21.213527308458662,2.32,19.346653198985,21778,62.75248864405142,37.24751135594858,5.230427913543313,99.63049016040087,21.893457996248916
2344300220,2014-07-14,4,3.5,2210,7597,1.0,0,0,4,9,1550,660,1977,2006,98004,47.5816,-122.197,2370,8811,2014,7,0,1,0,0,19890,0,1,37,157784,2.09,16.09075919420747,17462,44.548266529191906,55.451733470808094,6.039425544695026,99.71498371335505,20.39087947882736,2.11,16.54254118709095,16773,45.298507462686565,54.701492537313435,6.137602970182156,99.6095090971507,22.202197047717128
523049195,2014-05-22,2,1.0,820,10270,1.0,0,0,3,7,820,0,1954,0,98168,47.5119,-122.329,1670,10086,2014,5,3,0,0,0,5740,0,0,60,77935,2.8,20.49963262307127,12139,52.17844124283978,47.82155875716022,8.562583961217218,96.41425186805176,54.26006925460178,2.89,20.8829290342022,12234,50.7457509538675,49.2542490461325,11.205219182785854,97.16754897968418,53.68535360390933
9191200015,2014-09-10,3,2.75,2050,3320,1.5,0,0,4,7,1580,470,1927,0,98105,47.6719,-122.301,1760,4150,2014,9,2,0,0,0,14350,0,1,87,75214,2.39,34.427767354596625,16374,36.709440879926674,63.29055912007333,10.222291797119599,99.00454237943366,17.87474630327631,2.36,35.428375934705045,16197,36.734693877551024,63.26530612244898,9.713006949079345,99.13663286818593,17.643810862363214
7942601410,2014-05-14,3,1.75,1830,5120,1.5,0,2,5,8,1830,0,1903,0,98122,47.6051,-122.311,2120,5120,2014,5,2,0,0,0,14640,0,0,111,94548,1.96,34.44654683065279,17551,33.21537815630061,66.7846218436994,4.870675176352032,98.85230330853253,23.880006332119677,1.95,33.01648693828051,17176,33.65877772971637,66.34122227028362,6.536089637800748,98.60956388992037,25.23827206337418
7137800300,2014-07-08,3,1.75,1200,9085,1.0,0,0,4,7,1200,0,1968,0,98023,47.2795,-122.353,1200,9085,2014,7,1,0,0,0,8400,0,0,46,98057,2.84,17.422428414646312,18530,66.81093394077449,33.18906605922551,7.981084030556566,98.90960038986356,53.08845029239766,2.81,18.088104608353433,18625,64.76571428571428,35.23428571428571,8.736678507992895,98.46469418199901,51.54462953754351
7853300280,2015-02-13,4,2.5,2880,8833,2.0,0,0,3,7,2880,0,2006,0,98065,47.5388,-121.89,2570,5234,2015,2,4,0,0,0,20160,0,0,9,175750,2.93,10.615415255925114,4953,79.75811584977721,20.241884150222788,4.1850514774702505,99.11081471601645,30.999221962876515,2.91,8.78239184647078,4755,78.93797411869701,21.06202588130299,4.645161290322581,99.65219477092828,32.369872871192136
6654700240,2015-04-08,4,2.5,1980,6566,2.0,0,0,3,8,1980,0,2004,0,98042,47.3809,-122.097,2590,6999,2015,4,2,0,0,0,15840,0,0,11,122709,2.84,14.728895746087723,16573,81.84237202230106,18.157627977698937,5.7493896195951795,98.46322368633011,50.75872289700055,2.8,15.359349774536549,16818,82.74386406544997,17.25613593455003,6.523882775213978,98.58030168589174,52.2264944625193
569000050,2014-07-03,4,2.5,2230,8624,1.0,0,0,4,8,1430,800,1969,0,98052,47.6623,-122.152,1970,8402,2014,7,3,0,0,0,17840,0,1,45,158457,2.49,16.67975909924064,26354,53.58728109111451,46.41271890888548,5.135890711012479,99.32081320083873,22.76187437323366,2.43,16.793908754119162,26472,53.10328204716185,46.896717952838145,5.753945061367621,99.18121641257467,25.27158244343474
3584000180,2014-05-28,3,2.0,1400,8640,1.0,0,0,5,7,1400,0,1968,0,98003,47.3182,-122.319,1270,9375,2014,5,2,0,0,0,9800,0,0,46,67547,2.55,19.24448767833982,19289,48.22101062334889,51.77898937665112,8.09211372700373,97.76363151579788,55.309292094387416,2.53,17.855201652353518,19279,47.96962879640045,52.03037120359954,8.922079628575183,97.993265993266,55.535353535353536
2026079055,2014-08-18,1,1.5,1200,44866,1.5,0,0,3,7,1200,0,1983,0,98019,47.7205,-121.93,1480,67082,2014,8,0,0,0,0,8400,0,0,31,149479,2.7,12.106593154146566,4391,82.10296260320544,17.89703739679456,7.84727863525589,98.49849849849849,41.80999180999181,2.75,12.650887573964498,4151,85.6704980842912,14.329501915708812,9.496822943499913,98.77597495018503,47.3242243097068
8898700880,2015-03-17,2,2.0,1590,8000,1.0,0,0,3,7,910,680,1984,0,98055,47.459,-122.205,1590,8364,2015,3,1,0,0,0,11130,0,1,31,90525,2.52,17.770148765734834,9457,52.904097253489425,47.09590274651058,6.387272021730695,100.09902828495389,48.560995234263785,2.46,17.95350415747497,9186,54.91396235131077,45.08603764868923,6.44159566844494,98.96273530541683,49.161224228454344
5075400150,2014-05-23,3,2.0,1670,4572,1.5,0,0,3,8,1670,0,1931,0,98117,47.6854,-122.373,1480,4890,2014,5,4,0,0,0,13360,0,0,83,166029,2.29,15.29702030745872,14220,69.81104756388909,30.18895243611091,4.762847806713536,99.83316649983317,23.652819486152822,2.32,15.579379562043796,14093,70.67265234030027,29.327347659699736,4.742001293725432,99.6292707587311,24.463917091460587
8731981360,2014-09-25,4,2.25,3220,7700,2.0,0,0,4,8,3220,0,1976,0,98023,47.3188,-122.38,2570,7700,2014,9,3,0,0,0,25760,0,0,38,98057,2.84,17.422428414646312,18530,66.81093394077449,33.18906605922551,7.981084030556566,98.90960038986356,53.08845029239766,2.81,18.088104608353433,18625,64.76571428571428,35.23428571428571,8.736678507992895,98.46469418199901,51.54462953754351
4222500020,2015-02-19,3,1.5,1490,7800,1.0,0,0,3,7,1010,480,1963,0,98003,47.3431,-122.304,1570,7800,2015,2,3,0,0,0,10430,0,1,52,67547,2.55,19.24448767833982,19289,48.22101062334889,51.77898937665112,8.09211372700373,97.76363151579788,55.309292094387416,2.53,17.855201652353518,19279,47.96962879640045,52.03037120359954,8.922079628575183,97.993265993266,55.535353535353536
7996720050,2015-04-24,3,3.0,2440,3202,2.0,0,0,4,8,1640,800,1982,0,98133,47.7152,-122.342,2440,3200,2015,4,4,0,0,0,19520,0,1,33,85059,2.18,19.780409147977647,22049,47.43003034828267,52.56996965171733,6.900681086745005,98.7952152014652,40.53628663003663,2.2,19.916468960063266,21780,48.4259846747035,51.57401532529649,9.163212725439678,98.85203345832132,41.53446783963081
4077800094,2015-02-02,4,1.75,2220,7230,1.0,0,1,3,8,1280,940,1950,0,98125,47.7065,-122.279,2210,7230,2015,2,0,0,0,0,17760,0,1,65,89983,2.18,19.775984583885343,18882,47.03408836061897,52.96591163938103,6.25,100.80028203772255,32.942005993301606,2.12,19.175038337558288,18728,45.79247434435576,54.20752565564424,6.600554974298321,100.34034541438865,33.71592019986242
6446200365,2015-05-05,5,1.75,3240,34510,2.0,0,0,4,7,2690,550,1963,0,98029,47.5529,-122.027,2650,28250,2015,5,1,0,0,0,22680,0,1,52,156427,2.51,10.307103610675039,11144,68.2339558251967,31.766044174803298,6.658926376178117,99.6974697469747,23.432343234323433,2.49,9.80519156992676,11047,66.38615281629531,33.6138471837047,7.2508398656215,99.70228064262442,25.536456577912592
2824089053,2015-01-27,3,2.0,2250,211729,1.0,0,0,3,7,2250,0,1987,0,98065,47.542,-121.792,2110,121968,2015,1,1,0,0,0,15750,0,0,28,175750,2.93,10.615415255925114,4953,79.75811584977721,20.241884150222788,4.1850514774702505,99.11081471601645,30.999221962876515,2.91,8.78239184647078,4755,78.93797411869701,21.06202588130299,4.645161290322581,99.65219477092828,32.369872871192136
1311800220,2015-02-18,4,2.0,1450,7560,1.0,0,0,3,7,1450,0,1967,0,98001,47.3375,-122.276,1430,7560,2015,2,2,0,0,0,10150,0,0,48,103338,2.88,16.70823899612418,11853,78.03582680709334,21.964173192906653,7.520990889060918,99.03689573349462,55.469222537570374,2.84,16.314553990610328,11718,77.66858997475659,22.33141002524342,8.275337739049068,97.7865131732884,55.145303944967004
3522049063,2015-04-02,4,2.5,3380,75794,2.0,0,0,3,10,3380,0,1997,0,98001,47.3511,-122.266,3710,17913,2015,4,3,0,0,0,33800,0,0,18,103338,2.88,16.70823899612418,11853,78.03582680709334,21.964173192906653,7.520990889060918,99.03689573349462,55.469222537570374,2.84,16.314553990610328,11718,77.66858997475659,22.33141002524342,8.275337739049068,97.7865131732884,55.145303944967004
1721801280,2015-03-04,2,0.75,900,3527,1.0,0,0,3,6,900,0,1939,0,98146,47.5083,-122.336,1220,4080,2015,3,2,0,0,0,5400,0,0,76,101051,2.8,20.73438156114403,10239,60.939156243375024,39.060843756624976,7.612875658738072,98.09803704114451,45.38649218143507,2.71,20.303089178162036,10155,59.27780144865786,40.72219855134214,9.27133130522961,98.80675038354451,49.75282686516279
6131600240,2014-11-19,3,1.0,1200,8316,1.0,0,0,4,6,1200,0,1953,0,98002,47.3231,-122.215,1250,8316,2014,11,2,0,0,0,7200,0,0,61,68040,2.64,18.596016244440147,13738,50.49263025143848,49.50736974856152,8.921506062539885,96.5053019824804,61.71046565237437,2.61,18.7400560648534,13981,49.973103819257666,50.026896180742334,11.200844877927564,96.62962288212789,60.11568591728912
7202310040,2015-04-08,3,2.5,2620,6842,2.0,0,0,3,7,2620,0,2002,0,98053,47.6846,-122.037,2280,4800,2015,4,2,0,0,0,18340,0,0,13,171822,2.69,9.269278791842558,8377,85.93194514982224,14.068054850177756,4.442119280890326,99.83973288814691,26.8313856427379,2.67,10.823743185947912,8200,82.85419620987496,17.145803790125047,5.704032486542639,99.89091900736297,26.56803926915735
1123059125,2014-12-08,4,2.5,2950,10003,2.0,0,0,3,9,2950,0,2006,0,98059,47.489,-122.14,2790,9323,2014,12,0,0,0,0,26550,0,0,8,126846,2.75,13.177344215208938,13637,79.87440417643943,20.125595823560566,4.938333752831613,99.5200838844975,40.75657364090983,2.79,13.745595489781536,13401,78.51442602823818,21.485573971761816,6.100010041168792,99.15702883205734,41.01237986642776
646910160,2014-09-03,3,2.5,1490,2138,2.0,0,0,3,7,1490,0,2005,0,98055,47.4324,-122.197,1490,2094,2014,9,2,0,0,0,10430,0,0,9,90525,2.52,17.770148765734834,9457,52.904097253489425,47.09590274651058,6.387272021730695,100.09902828495389,48.560995234263785,2.46,17.95350415747497,9186,54.91396235131077,45.08603764868923,6.44159566844494,98.96273530541683,49.161224228454344
5630500005,2014-11-20,2,1.5,1140,14373,1.0,0,0,3,7,1140,0,1949,1996,98011,47.7354,-122.219,2140,9860,2014,11,3,1,0,0,7980,0,0,65,124418,2.46,15.247978855721392,13329,65.2180746561886,34.781925343811395,6.342825237297599,99.00660763248978,39.452510450847306,2.46,15.129648719371977,13089,66.21599871237727,33.78400128762273,7.092279579716767,99.87127028642361,40.38435014482093
3342100785,2014-08-26,2,1.0,820,5100,1.0,0,0,4,6,820,0,1954,0,98056,47.5175,-122.205,2270,5100,2014,8,1,0,0,0,4920,0,0,60,102196,2.51,19.700650139315567,13893,51.64368244502423,48.356317554975774,6.624963057826815,97.99134991266739,42.58920402561757,2.56,20.747436492907926,13631,51.246200607902736,48.753799392097264,7.454338464584468,97.1547942343848,43.680802172550656
9547205610,2014-09-29,4,2.75,2210,3400,1.5,0,0,5,7,1470,740,1926,0,98115,47.6826,-122.311,1500,3400,2014,9,0,0,0,0,15470,0,1,88,141013,2.36,20.038971348841685,22085,62.56938184923383,37.430618150766165,5.07985950029823,99.48958702950569,21.213527308458662,2.32,19.346653198985,21778,62.75248864405142,37.24751135594858,5.230427913543313,99.63049016040087,21.893457996248916
1773100123,2014-10-02,3,1.75,1100,1307,2.0,0,0,3,7,780,320,2008,0,98106,47.5601,-122.363,1170,4800,2014,10,3,0,0,0,7700,0,1,6,94762,2.43,20.256740681998416,10747,46.417630200612706,53.58236979938729,9.329466197085837,100.42269832078749,44.035900405327155,2.5,19.96174407768895,10674,48.08038392321536,51.91961607678465,9.873452927270199,101.05257103416542,44.05843782353618
3353400092,2014-12-23,5,2.5,2406,7093,2.0,0,0,3,8,2406,0,2006,0,98001,47.2615,-122.252,1767,7093,2014,12,1,0,0,0,19248,0,0,8,103338,2.88,16.70823899612418,11853,78.03582680709334,21.964173192906653,7.520990889060918,99.03689573349462,55.469222537570374,2.84,16.314553990610328,11718,77.66858997475659,22.33141002524342,8.275337739049068,97.7865131732884,55.145303944967004
217500015,2015-02-24,3,1.5,1730,7800,1.0,0,0,3,7,1330,400,1958,0,98133,47.7365,-122.337,1780,8309,2015,2,1,0,0,0,12110,0,1,57,85059,2.18,19.780409147977647,22049,47.43003034828267,52.56996965171733,6.900681086745005,98.7952152014652,40.53628663003663,2.2,19.916468960063266,21780,48.4259846747035,51.57401532529649,9.163212725439678,98.85203345832132,41.53446783963081
3649100031,2015-03-05,4,1.0,2020,18150,1.0,0,0,4,7,2020,0,1955,0,98028,47.739,-122.249,1530,11970,2015,3,3,0,0,0,14140,0,0,60,132191,2.67,13.599013968775678,8536,72.67970599227607,27.320294007723934,6.275532377227293,98.3883964544722,35.38812785388128,2.64,14.729697547035009,8635,73.22834645669292,26.77165354330709,7.076760377192209,98.22348793056686,36.54054787089775
7896300150,2014-09-29,3,1.75,1670,6034,1.0,0,0,3,7,990,680,1957,0,98118,47.5209,-122.286,1230,6034,2014,9,0,0,0,0,11690,0,1,57,106930,2.75,18.80646044347112,17060,56.44829520663217,43.551704793367826,9.809241901003125,97.62032677053377,37.58809215308283,2.76,18.663888888888888,16861,55.8023285244242,44.1976714755758,10.945570971184631,97.02670100740065,37.2020995663939
623049185,2014-07-02,5,1.0,1590,6700,1.5,0,0,3,6,1090,500,1942,0,98146,47.5075,-122.35,1370,8040,2014,7,2,0,0,0,9540,0,1,72,101051,2.8,20.73438156114403,10239,60.939156243375024,39.060843756624976,7.612875658738072,98.09803704114451,45.38649218143507,2.71,20.303089178162036,10155,59.27780144865786,40.72219855134214,9.27133130522961,98.80675038354451,49.75282686516279
1773100430,2015-04-24,2,1.5,1270,1282,2.0,0,0,3,8,1000,270,2006,0,98106,47.5581,-122.363,1270,1325,2015,4,4,0,0,0,10160,0,1,9,94762,2.43,20.256740681998416,10747,46.417630200612706,53.58236979938729,9.329466197085837,100.42269832078749,44.035900405327155,2.5,19.96174407768895,10674,48.08038392321536,51.91961607678465,9.873452927270199,101.05257103416542,44.05843782353618
1781500220,2015-01-31,3,2.5,2590,4961,2.0,0,0,3,9,2590,0,1944,2007,98126,47.5271,-122.381,1230,4961,2015,1,5,1,0,0,23310,0,0,71,108072,2.36,17.374538643750345,10242,56.54861693210393,43.45138306789606,4.653176915203527,100.23680854939583,34.264375493351146,2.27,16.627794527561296,10016,55.87763397154776,44.12236602845224,5.641737426518615,99.87504685742846,36.67374734474572
3395380200,2014-10-17,2,2.5,1370,3438,2.0,0,0,3,7,1370,0,1987,0,98188,47.4606,-122.283,1370,2308,2014,10,4,0,0,0,9590,0,0,27,77722,2.57,21.355714002772828,10041,42.85119667013528,57.14880332986473,8.525003709749221,99.28014754000833,56.91593789041585,2.5,21.801283022680202,10236,44.501647446457994,55.498352553542006,9.433817315817777,98.1617870838152,56.87503804248585
2424059170,2015-02-19,5,6.0,4830,40806,2.0,0,4,3,12,5480,1640,2007,0,98006,47.5451,-122.114,3440,36859,2015,2,3,0,0,1,85440,0,1,8,185991,2.82,14.267360653577546,13727,77.46436154079466,22.535638459205337,6.640385009215646,100.15012703056432,27.042112556778815,2.81,13.709650387155165,13558,77.95756373072813,22.042436269271867,7.3147711184521,100.43854542632049,26.78619940233632
4389200765,2014-06-25,4,3.25,4250,8570,2.0,0,0,3,9,4250,0,2004,0,98004,47.6154,-122.21,2830,12821,2014,6,2,0,0,0,38250,0,0,10,157784,2.09,16.09075919420747,17462,44.548266529191906,55.451733470808094,6.039425544695026,99.71498371335505,20.39087947882736,2.11,16.54254118709095,16773,45.298507462686565,54.701492537313435,6.137602970182156,99.6095090971507,22.202197047717128
1543000060,2014-06-07,4,2.5,3070,6432,2.0,0,0,3,9,3070,0,2006,0,98055,47.4487,-122.205,2910,5106,2014,6,5,0,0,0,27630,0,0,8,90525,2.52,17.770148765734834,9457,52.904097253489425,47.09590274651058,6.387272021730695,100.09902828495389,48.560995234263785,2.46,17.95350415747497,9186,54.91396235131077,45.08603764868923,6.44159566844494,98.96273530541683,49.161224228454344
6154900005,2014-09-24,4,2.75,2420,7102,1.0,0,0,5,7,1670,750,1946,0,98177,47.7042,-122.371,1620,7102,2014,9,2,0,0,0,16940,0,1,68,153542,2.43,13.07924984875983,8212,79.67166859048352,20.32833140951648,5.038420387121875,99.43356309288201,27.4619531836484,2.43,12.346137193047566,8127,81.14840062926062,18.85159937073938,4.7893884163628995,99.46581196581197,26.716524216524217
2902200240,2014-06-10,2,2.25,1060,1208,2.0,0,0,3,8,940,120,2005,0,98102,47.6371,-122.327,1300,1169,2014,6,1,0,0,0,8480,0,1,9,114026,1.64,32.88064183586572,15038,28.637943015983318,71.36205698401668,4.007043005015473,99.6177954441217,19.624929929164754,1.61,33.5729757131665,14696,28.04420202592619,71.9557979740738,4.6355078809106836,99.60608964122218,19.620994357500265
1442880640,2014-07-15,4,2.75,2910,7467,2.0,0,0,3,8,2910,0,2013,0,98045,47.4841,-121.772,2790,7868,2014,7,1,0,0,0,23280,0,0,1,154803,2.6,11.896235479081142,5848,76.05357142857143,23.946428571428573,4.146459747817652,98.97304236200257,46.04522563444257,2.62,12.452140619561435,5880,76.65285534137993,23.34714465862007,4.789620468048987,98.46000993541976,46.656731246895184
8562770490,2015-03-30,3,2.5,2140,2867,2.0,0,0,3,8,1960,180,2005,0,98027,47.5357,-122.073,2280,2836,2015,3,0,0,0,0,17120,0,1,10,140556,2.54,13.249890206411946,11360,71.30082050336497,28.699179496635015,4.680932365303783,100.03016439595798,34.07571263385451,2.48,13.001025458112265,11363,70.81061096219614,29.189389037803863,5.410590943975442,99.23960116829488,32.964044717494204
2768300655,2015-03-17,3,3.0,1880,2200,2.0,0,0,3,8,1520,360,2007,0,98107,47.6666,-122.367,1500,1426,2015,3,1,0,0,0,15040,0,1,8,131559,1.93,23.823613629855874,12707,35.71075197889182,64.28924802110818,5.1404627006610015,99.34580861098434,21.74552462092398,1.92,23.06289432176656,12416,34.91419393017161,65.0858060698284,6.3046647230320705,99.24250394529194,22.530247238295633
3432501315,2014-08-27,3,1.0,1140,8144,1.0,0,0,3,7,1140,0,1956,0,98155,47.7464,-122.317,1150,8144,2014,8,2,0,0,0,7980,0,0,58,124531,2.48,16.52716001821175,13838,68.1508643268727,31.849135673127293,8.176812638295683,98.1925078457077,38.148015731140504,2.48,17.143465606587636,13823,68.9590238023501,31.040976197649893,9.775827429417362,98.56964422418308,37.801684193561385
5035300570,2014-09-23,3,2.0,2300,5000,1.0,0,0,4,8,1150,1150,1938,0,98199,47.6521,-122.413,2300,5000,2014,9,1,0,0,0,18400,0,1,76,168132,2.27,15.401888530631044,9920,62.062574948217595,37.937425051782405,4.147350993377484,99.1690635985938,22.416107382550337,2.24,15.287600188590286,9908,63.396185047138786,36.603814952861214,4.887626368117638,99.1062108559499,21.711899791231733
3626039028,2014-08-18,3,1.0,1160,7491,1.0,0,0,4,6,1160,0,1917,0,98177,47.7024,-122.359,1800,2267,2014,8,0,0,0,0,6960,0,0,97,153542,2.43,13.07924984875983,8212,79.67166859048352,20.32833140951648,5.038420387121875,99.43356309288201,27.4619531836484,2.43,12.346137193047566,8127,81.14840062926062,18.85159937073938,4.7893884163628995,99.46581196581197,26.716524216524217
3876540780,2014-06-19,3,2.25,1640,7350,1.0,0,0,3,7,1140,500,1984,0,98003,47.2625,-122.3,1480,8041,2014,6,3,0,0,0,11480,0,1,30,67547,2.55,19.24448767833982,19289,48.22101062334889,51.77898937665112,8.09211372700373,97.76363151579788,55.309292094387416,2.53,17.855201652353518,19279,47.96962879640045,52.03037120359954,8.922079628575183,97.993265993266,55.535353535353536
327000100,2014-10-22,4,2.5,2960,26742,1.0,0,3,3,8,1480,1480,1949,1996,98115,47.6846,-122.268,2500,9460,2014,10,2,1,0,0,23680,0,1,65,141013,2.36,20.038971348841685,22085,62.56938184923383,37.430618150766165,5.07985950029823,99.48958702950569,21.213527308458662,2.32,19.346653198985,21778,62.75248864405142,37.24751135594858,5.230427913543313,99.63049016040087,21.893457996248916
7551300065,2014-06-09,2,1.0,910,4635,1.0,0,0,4,6,910,0,1905,0,98107,47.675,-122.393,1740,5000,2014,6,0,0,0,0,5460,0,0,109,131559,1.93,23.823613629855874,12707,35.71075197889182,64.28924802110818,5.1404627006610015,99.34580861098434,21.74552462092398,1.92,23.06289432176656,12416,34.91419393017161,65.0858060698284,6.3046647230320705,99.24250394529194,22.530247238295633
1312920060,2014-12-12,3,2.25,1630,10969,2.0,0,0,3,7,1630,0,1991,0,98001,47.3305,-122.285,1410,7920,2014,12,4,0,0,0,11410,0,0,23,103338,2.88,16.70823899612418,11853,78.03582680709334,21.964173192906653,7.520990889060918,99.03689573349462,55.469222537570374,2.84,16.314553990610328,11718,77.66858997475659,22.33141002524342,8.275337739049068,97.7865131732884,55.145303944967004
2215901230,2015-05-07,3,2.0,1470,7694,1.0,0,0,4,7,1470,0,1992,0,98038,47.3539,-122.054,1580,7480,2015,5,3,0,0,0,10290,0,0,23,135304,2.86,12.556807332442238,12545,84.88178488178488,15.118215118215117,8.23751596956063,99.08171413361725,51.89424185963978,2.88,13.27901930178551,12318,84.63165017339085,15.368349826609151,8.409014463504876,99.04576700434153,54.23299565846599
6306800010,2014-08-11,4,2.5,2692,8392,2.0,0,0,3,9,2692,0,2014,0,98030,47.3519,-122.197,2574,14446,2014,8,0,0,0,0,24228,0,0,0,85188,3.09,19.65576092087585,12484,47.11751662971175,52.88248337028825,8.260646485377118,97.17440872714266,52.62663745696785,3.0,17.600482618203756,12534,46.087481666810454,53.91251833318954,8.848456113317134,97.94284650470073,53.155543144373084
2767700022,2015-01-13,3,3.25,1520,1500,3.0,0,0,3,7,1520,0,2000,0,98107,47.67,-122.389,1520,1323,2015,1,1,0,0,0,10640,0,0,15,131559,1.93,23.823613629855874,12707,35.71075197889182,64.28924802110818,5.1404627006610015,99.34580861098434,21.74552462092398,1.92,23.06289432176656,12416,34.91419393017161,65.0858060698284,6.3046647230320705,99.24250394529194,22.530247238295633
5589900610,2014-09-18,5,3.0,2730,9519,1.0,0,0,3,8,1670,1060,2014,0,98155,47.7504,-122.307,1150,9519,2014,9,3,0,0,0,21840,0,1,0,124531,2.48,16.52716001821175,13838,68.1508643268727,31.849135673127293,8.176812638295683,98.1925078457077,38.148015731140504,2.48,17.143465606587636,13823,68.9590238023501,31.040976197649893,9.775827429417362,98.56964422418308,37.801684193561385
4320200020,2014-09-22,4,3.0,1986,6000,2.0,0,2,4,8,1746,240,1922,0,98136,47.5374,-122.39,1930,6200,2014,9,0,0,0,0,15888,0,1,92,144659,2.13,15.69451876767831,7483,65.10981373366694,34.89018626633305,3.7052720728350628,99.55093555093555,32.71517671517671,2.14,17.20172866183053,7488,65.71508929827029,34.284910701729714,5.032728833565833,98.98634497780012,33.358465276032504
5249804655,2014-10-17,4,2.25,2010,7200,1.0,0,1,4,8,1010,1000,1950,0,98118,47.5591,-122.267,2010,7200,2014,10,4,0,0,0,16080,0,1,64,106930,2.75,18.80646044347112,17060,56.44829520663217,43.551704793367826,9.809241901003125,97.62032677053377,37.58809215308283,2.76,18.663888888888888,16861,55.8023285244242,44.1976714755758,10.945570971184631,97.02670100740065,37.2020995663939
9238500480,2014-05-23,4,2.75,2430,20720,1.0,0,0,3,7,2430,0,1967,0,98072,47.775,-122.139,2580,26950,2014,5,4,0,0,0,17010,0,0,47,157963,2.6,13.507779349363508,9217,75.10030952653904,24.899690473460964,4.844401668270773,98.9697933227345,34.97615262321145,2.6,13.562575408577382,9093,75.71628232005591,24.283717679944093,4.9586119070359755,99.31105530873737,35.92814371257485
3885806565,2015-01-30,4,3.5,2980,6349,2.0,0,3,3,9,2980,0,1998,0,98033,47.6819,-122.208,2870,6349,2015,1,4,0,0,0,26820,0,0,17,163786,2.29,14.715707890692858,16640,64.64853771164701,35.351462288353005,6.13177729151471,100.35475872592028,25.88212855235552,2.3,14.803502341681938,16431,65.22136010953903,34.77863989046098,6.479481641468683,100.68666848737857,27.48234559712848
7905200205,2014-10-21,3,1.0,1230,7020,1.0,0,0,3,7,1090,140,1924,0,98116,47.5719,-122.39,1390,5850,2014,10,1,0,0,0,8610,0,1,90,129924,2.05,15.481481481481483,12313,56.0263408716749,43.9736591283251,3.855525297405762,99.08641444539983,26.660576096302663,2.06,16.790914094161206,12217,55.1675732584664,44.8324267415336,4.419769214021336,99.34274850624661,28.636610537751224
5727500102,2015-04-26,3,1.0,1280,6967,1.5,0,0,3,7,1280,0,1949,0,98155,47.7512,-122.329,1280,7245,2015,4,6,0,0,0,8960,0,0,66,124531,2.48,16.52716001821175,13838,68.1508643268727,31.849135673127293,8.176812638295683,98.1925078457077,38.148015731140504,2.48,17.143465606587636,13823,68.9590238023501,31.040976197649893,9.775827429417362,98.56964422418308,37.801684193561385
3585220070,2015-04-23,3,1.0,1300,5880,1.0,0,0,3,7,1300,0,1968,0,98052,47.6937,-122.113,1300,7700,2015,4,3,0,0,0,9100,0,0,47,158457,2.49,16.67975909924064,26354,53.58728109111451,46.41271890888548,5.135890711012479,99.32081320083873,22.76187437323366,2.43,16.793908754119162,26472,53.10328204716185,46.896717952838145,5.753945061367621,99.18121641257467,25.27158244343474
2078500210,2014-10-31,4,2.5,2620,10016,2.0,0,0,3,8,2620,0,1996,0,98056,47.5295,-122.179,2620,10016,2014,10,4,0,0,0,20960,0,0,18,102196,2.51,19.700650139315567,13893,51.64368244502423,48.356317554975774,6.624963057826815,97.99134991266739,42.58920402561757,2.56,20.747436492907926,13631,51.246200607902736,48.753799392097264,7.454338464584468,97.1547942343848,43.680802172550656
1839920050,2015-04-14,3,2.0,1270,10713,1.0,0,0,4,7,1270,0,1969,0,98034,47.7247,-122.181,1620,8250,2015,4,1,0,0,0,8890,0,0,46,119806,2.43,16.05333943799004,18001,61.237125332716126,38.76287466728388,6.750954198473283,99.64536699635606,34.17816241540864,2.44,17.057790319329666,18171,60.109001406469766,39.89099859353024,7.7933415340661085,99.85536782591545,35.227795674183156
534000080,2014-06-11,2,1.0,720,6686,1.0,0,0,3,6,720,0,1942,0,98117,47.7003,-122.362,1200,6686,2014,6,2,0,0,0,4320,0,0,72,166029,2.29,15.29702030745872,14220,69.81104756388909,30.18895243611091,4.762847806713536,99.83316649983317,23.652819486152822,2.32,15.579379562043796,14093,70.67265234030027,29.327347659699736,4.742001293725432,99.6292707587311,24.463917091460587
856000255,2015-02-03,3,1.0,1270,6500,1.0,0,0,4,7,1270,0,1956,0,98033,47.6874,-122.214,2260,7200,2015,2,1,0,0,0,8890,0,0,59,163786,2.29,14.715707890692858,16640,64.64853771164701,35.351462288353005,6.13177729151471,100.35475872592028,25.88212855235552,2.3,14.803502341681938,16431,65.22136010953903,34.77863989046098,6.479481641468683,100.68666848737857,27.48234559712848
4141010110,2014-08-08,4,3.5,4330,15335,2.0,0,0,4,11,3230,1100,1988,0,98040,47.5315,-122.231,3840,14311,2014,8,4,0,0,1,47630,0,1,26,190985,2.51,9.818010174647295,10179,71.95032870708546,28.049671292914535,5.143830092302178,100.51344885932669,15.986930392671683,2.49,9.62381105055039,10139,74.13847948255751,25.861520517442475,4.498525073746313,100.2252118769632,17.157589047590825
9558040820,2014-07-09,6,3.75,4000,6015,2.0,0,2,3,10,3080,920,2004,0,98058,47.453,-122.118,3180,5700,2014,7,2,0,0,0,40000,0,1,10,106611,2.78,15.935921408835924,16692,73.01956836343044,26.980431636569556,5.35431150140261,97.63669462323647,42.85157011897796,2.74,16.106225715036956,16367,72.2486806538808,27.751319346119192,6.590114827758363,97.51918859649122,44.01041666666667
7768700315,2014-06-30,3,1.75,2200,14630,1.5,0,1,3,8,2200,0,1948,2003,98004,47.6074,-122.213,2850,15803,2014,6,0,1,0,0,17600,0,0,66,157784,2.09,16.09075919420747,17462,44.548266529191906,55.451733470808094,6.039425544695026,99.71498371335505,20.39087947882736,2.11,16.54254118709095,16773,45.298507462686565,54.701492537313435,6.137602970182156,99.6095090971507,22.202197047717128
2796100640,2015-04-24,4,2.5,2040,7000,1.0,0,0,3,7,1250,790,1979,0,98031,47.4056,-122.176,1900,7378,2015,4,4,0,0,0,14280,0,1,36,98657,2.97,17.82141658274589,12676,64.00824742268041,35.99175257731959,8.799066842478954,97.82912276247302,50.04020143032457,2.99,17.766172506738545,12903,63.46782097353806,36.53217902646194,10.101061398608502,97.60154576385098,48.943588020330154
1922059010,2015-01-21,2,1.0,1080,6052,1.0,0,0,5,6,1080,0,1908,0,98030,47.3857,-122.215,1810,7830,2015,1,2,0,0,0,6480,0,0,107,85188,3.09,19.65576092087585,12484,47.11751662971175,52.88248337028825,8.260646485377118,97.17440872714266,52.62663745696785,3.0,17.600482618203756,12534,46.087481666810454,53.91251833318954,8.848456113317134,97.94284650470073,53.155543144373084
3448000542,2014-08-11,2,1.5,1076,1060,3.0,0,0,3,7,1076,0,2006,0,98125,47.7167,-122.298,1076,1060,2014,8,0,0,0,0,7532,0,0,8,89983,2.18,19.775984583885343,18882,47.03408836061897,52.96591163938103,6.25,100.80028203772255,32.942005993301606,2.12,19.175038337558288,18728,45.79247434435576,54.20752565564424,6.600554974298321,100.34034541438865,33.71592019986242
3883100220,2015-01-20,3,1.75,2010,8065,1.0,0,0,4,7,1090,920,1984,0,98031,47.4171,-122.202,1560,8065,2015,1,1,0,0,0,14070,0,1,31,98657,2.97,17.82141658274589,12676,64.00824742268041,35.99175257731959,8.799066842478954,97.82912276247302,50.04020143032457,2.99,17.766172506738545,12903,63.46782097353806,36.53217902646194,10.101061398608502,97.60154576385098,48.943588020330154
7237301210,2014-11-18,3,2.5,1810,4113,2.0,0,0,3,7,1810,0,2004,0,98042,47.3715,-122.126,1880,4465,2014,11,1,0,0,0,12670,0,0,10,122709,2.84,14.728895746087723,16573,81.84237202230106,18.157627977698937,5.7493896195951795,98.46322368633011,50.75872289700055,2.8,15.359349774536549,16818,82.74386406544997,17.25613593455003,6.523882775213978,98.58030168589174,52.2264944625193
3893100456,2014-08-13,3,2.5,3210,8630,2.0,0,0,4,10,2530,680,1990,0,98033,47.6939,-122.189,2630,8630,2014,8,2,0,0,0,32100,0,1,24,163786,2.29,14.715707890692858,16640,64.64853771164701,35.351462288353005,6.13177729151471,100.35475872592028,25.88212855235552,2.3,14.803502341681938,16431,65.22136010953903,34.77863989046098,6.479481641468683,100.68666848737857,27.48234559712848
9578501110,2014-10-03,4,3.5,2584,5005,2.0,0,0,3,8,2584,0,2014,0,98023,47.29600000000001,-122.35,2767,5201,2014,10,4,0,0,0,20672,0,0,0,98057,2.84,17.422428414646312,18530,66.81093394077449,33.18906605922551,7.981084030556566,98.90960038986356,53.08845029239766,2.81,18.088104608353433,18625,64.76571428571428,35.23428571428571,8.736678507992895,98.46469418199901,51.54462953754351
6145601995,2014-09-24,3,1.5,1560,6774,1.0,0,0,4,6,1060,500,1927,0,98133,47.7024,-122.35,1320,3844,2014,9,2,0,0,0,9360,0,1,87,85059,2.18,19.780409147977647,22049,47.43003034828267,52.56996965171733,6.900681086745005,98.7952152014652,40.53628663003663,2.2,19.916468960063266,21780,48.4259846747035,51.57401532529649,9.163212725439678,98.85203345832132,41.53446783963081
4024100120,2014-06-25,3,1.0,1110,8593,1.0,0,0,3,7,1110,0,1979,0,98155,47.7595,-122.309,1780,8593,2014,6,2,0,0,0,7770,0,0,35,124531,2.48,16.52716001821175,13838,68.1508643268727,31.849135673127293,8.176812638295683,98.1925078457077,38.148015731140504,2.48,17.143465606587636,13823,68.9590238023501,31.040976197649893,9.775827429417362,98.56964422418308,37.801684193561385
8899000050,2015-03-25,4,2.5,2660,9030,1.0,0,0,4,7,1450,1210,1977,0,98055,47.4558,-122.212,1870,9030,2015,3,2,0,0,0,18620,0,1,38,90525,2.52,17.770148765734834,9457,52.904097253489425,47.09590274651058,6.387272021730695,100.09902828495389,48.560995234263785,2.46,17.95350415747497,9186,54.91396235131077,45.08603764868923,6.44159566844494,98.96273530541683,49.161224228454344
3396820010,2015-02-23,3,2.25,2220,12056,2.0,0,0,3,8,2220,0,1985,0,98052,47.7148,-122.101,2320,12025,2015,2,0,0,0,0,17760,0,0,30,158457,2.49,16.67975909924064,26354,53.58728109111451,46.41271890888548,5.135890711012479,99.32081320083873,22.76187437323366,2.43,16.793908754119162,26472,53.10328204716185,46.896717952838145,5.753945061367621,99.18121641257467,25.27158244343474
6749700117,2015-04-23,3,2.25,1190,1022,3.0,0,0,3,8,1190,0,1998,0,98103,47.6972,-122.349,1210,1171,2015,4,3,0,0,0,9520,0,0,17,122656,2.11,22.87456037514654,24340,48.11213812347401,51.88786187652599,3.97510133178923,99.1585414718846,18.936823827968478,2.08,23.163301875522638,24335,48.10872624912034,51.89127375087966,4.7532645230375685,99.01151866677559,19.094300574571793
1954400060,2014-05-06,3,2.5,1790,7167,2.0,0,0,3,8,1790,0,1989,0,98074,47.6176,-122.045,1680,7418,2014,5,1,0,0,0,14320,0,0,25,229104,3.02,10.366720845184885,9070,87.03577124629757,12.96422875370244,4.483074107959744,100.24147476294245,16.24359502915366,3.03,10.087027329635095,8959,87.40808823529412,12.591911764705882,4.416132562138502,100.35249133707731,17.803799737125104
3303970100,2015-03-06,4,2.5,3260,26772,2.0,0,0,3,9,3260,0,2007,0,98027,47.5115,-122.031,3260,14491,2015,3,4,0,0,0,29340,0,0,8,140556,2.54,13.249890206411946,11360,71.30082050336497,28.699179496635015,4.680932365303783,100.03016439595798,34.07571263385451,2.48,13.001025458112265,11363,70.81061096219614,29.189389037803863,5.410590943975442,99.23960116829488,32.964044717494204
2540850070,2015-03-20,4,2.75,2020,7357,1.0,0,0,3,7,1350,670,1986,0,98034,47.7145,-122.225,1690,7804,2015,3,4,0,0,0,14140,0,1,29,119806,2.43,16.05333943799004,18001,61.237125332716126,38.76287466728388,6.750954198473283,99.64536699635606,34.17816241540864,2.44,17.057790319329666,18171,60.109001406469766,39.89099859353024,7.7933415340661085,99.85536782591545,35.227795674183156
3797000745,2015-02-09,3,1.0,1370,3500,1.5,0,0,3,7,1370,0,1905,1985,98103,47.6857,-122.348,1590,4500,2015,2,0,1,0,0,9590,0,0,110,122656,2.11,22.87456037514654,24340,48.11213812347401,51.88786187652599,3.97510133178923,99.1585414718846,18.936823827968478,2.08,23.163301875522638,24335,48.10872624912034,51.89127375087966,4.7532645230375685,99.01151866677559,19.094300574571793
7883603700,2014-08-22,2,1.0,1010,7500,1.0,0,0,3,7,1010,0,1941,0,98108,47.5283,-122.32,1220,6000,2014,8,4,0,0,0,7070,0,0,73,90179,3.03,19.908830157754558,8612,54.59848578875513,45.40151421124488,8.936391301120759,96.30263002712583,38.9019931595707,3.04,20.018841262364578,8329,53.53791529292417,46.46208470707583,9.09441233140655,96.94831433568542,39.52716965201134
3438501452,2014-05-20,4,2.5,1600,6765,1.0,0,0,3,7,830,770,1947,2011,98106,47.5469,-122.365,1600,8942,2014,5,1,1,0,0,11200,0,1,67,94762,2.43,20.256740681998416,10747,46.417630200612706,53.58236979938729,9.329466197085837,100.42269832078749,44.035900405327155,2.5,19.96174407768895,10674,48.08038392321536,51.91961607678465,9.873452927270199,101.05257103416542,44.05843782353618
3530210260,2014-10-27,3,2.5,3030,45004,2.0,0,0,3,9,3030,0,1987,0,98077,47.7721,-122.093,3080,35781,2014,10,0,0,0,0,27270,0,0,27,169573,2.96,13.307618129218902,4923,94.13233458177278,5.867665418227216,4.543605045436051,99.69715956558062,31.47451963241437,2.98,14.185654756627361,4928,92.30282581189371,7.697174188106285,5.255087817117368,99.70955249569707,33.04647160068847
3598600049,2014-10-03,1,0.75,840,7203,1.5,0,0,3,6,840,0,1949,0,98168,47.4756,-122.301,1560,8603,2014,10,4,0,0,0,5040,0,0,65,77935,2.8,20.49963262307127,12139,52.17844124283978,47.82155875716022,8.562583961217218,96.41425186805176,54.26006925460178,2.89,20.8829290342022,12234,50.7457509538675,49.2542490461325,11.205219182785854,97.16754897968418,53.68535360390933
731500170,2015-04-22,4,2.25,1964,3541,2.0,0,0,3,9,1964,0,2013,0,98030,47.3594,-122.201,1757,3547,2015,4,2,0,0,0,17676,0,0,2,85188,3.09,19.65576092087585,12484,47.11751662971175,52.88248337028825,8.260646485377118,97.17440872714266,52.62663745696785,3.0,17.600482618203756,12534,46.087481666810454,53.91251833318954,8.848456113317134,97.94284650470073,53.155543144373084
7129304375,2014-07-14,1,0.75,590,5650,1.0,0,0,3,6,590,0,1944,0,98118,47.5181,-122.267,980,5650,2014,7,0,0,0,0,3540,0,0,70,106930,2.75,18.80646044347112,17060,56.44829520663217,43.551704793367826,9.809241901003125,97.62032677053377,37.58809215308283,2.76,18.663888888888888,16861,55.8023285244242,44.1976714755758,10.945570971184631,97.02670100740065,37.2020995663939
263000006,2014-12-16,3,2.5,1530,1131,3.0,0,0,3,8,1530,0,2009,0,98103,47.6993,-122.346,1530,1445,2014,12,1,0,0,0,12240,0,0,5,122656,2.11,22.87456037514654,24340,48.11213812347401,51.88786187652599,3.97510133178923,99.1585414718846,18.936823827968478,2.08,23.163301875522638,24335,48.10872624912034,51.89127375087966,4.7532645230375685,99.01151866677559,19.094300574571793
7212660560,2014-08-26,3,2.5,2370,6752,2.0,0,0,3,8,2370,0,1994,0,98003,47.2703,-122.312,1870,7455,2014,8,1,0,0,0,18960,0,0,20,67547,2.55,19.24448767833982,19289,48.22101062334889,51.77898937665112,8.09211372700373,97.76363151579788,55.309292094387416,2.53,17.855201652353518,19279,47.96962879640045,52.03037120359954,8.922079628575183,97.993265993266,55.535353535353536
1112700010,2014-06-19,3,2.25,1600,10240,1.0,0,0,3,7,1090,510,1979,0,98034,47.7281,-122.232,1520,9394,2014,6,3,0,0,0,11200,0,1,35,119806,2.43,16.05333943799004,18001,61.237125332716126,38.76287466728388,6.750954198473283,99.64536699635606,34.17816241540864,2.44,17.057790319329666,18171,60.109001406469766,39.89099859353024,7.7933415340661085,99.85536782591545,35.227795674183156
3420069060,2014-11-07,3,2.5,2640,211729,1.5,0,3,3,10,2640,0,1996,0,98022,47.1795,-122.036,1500,560617,2014,11,4,0,0,0,26400,0,0,18,112818,2.51,14.782116581777025,9214,71.14731044181414,28.85268955818587,6.198934280639431,94.7731755424063,59.927679158448385,2.52,13.98300218215229,9049,70.50333969465649,29.496660305343514,7.5844202251206,95.85578394199428,61.64438235881061
2473000470,2014-07-08,3,2.25,2760,10160,1.0,0,0,3,8,2760,0,1969,0,98058,47.4504,-122.15,2760,9600,2014,7,1,0,0,0,22080,0,0,45,106611,2.78,15.935921408835924,16692,73.01956836343044,26.980431636569556,5.35431150140261,97.63669462323647,42.85157011897796,2.74,16.106225715036956,16367,72.2486806538808,27.751319346119192,6.590114827758363,97.51918859649122,44.01041666666667
8691390980,2014-09-02,4,2.5,3290,5951,2.0,0,0,3,9,3290,0,2003,0,98075,47.5999,-121.976,3240,6159,2014,9,1,0,0,0,29610,0,0,11,234261,3.16,10.383283441920526,7595,87.0674447007735,12.93255529922649,3.5686033224927485,99.95167414566794,21.139109423541594,3.16,11.460327261500463,7356,87.72919605077574,12.270803949224259,4.311893639956881,99.93420090656528,21.340839303991814
6184700100,2014-09-26,2,1.0,1550,7713,1.0,0,0,3,7,1550,0,1930,1979,98117,47.7005,-122.358,1340,6350,2014,9,4,1,0,0,10850,0,0,84,166029,2.29,15.29702030745872,14220,69.81104756388909,30.18895243611091,4.762847806713536,99.83316649983317,23.652819486152822,2.32,15.579379562043796,14093,70.67265234030027,29.327347659699736,4.742001293725432,99.6292707587311,24.463917091460587
4476400275,2015-01-14,3,1.75,2100,8298,1.0,0,0,4,7,1230,870,1952,0,98166,47.4601,-122.36,1700,10830,2015,1,2,0,0,0,14700,0,1,63,105013,2.51,15.282996712071395,8765,64.0529896168994,35.94701038310061,5.573970690858339,97.8699402786994,44.95686794956868,2.46,14.673185495605612,8880,63.30851558864589,36.69148441135412,6.493621545003543,97.69518681462999,45.590649418871884
2968801240,2014-05-12,3,1.5,1350,7620,1.0,0,0,5,6,1350,0,1941,0,98166,47.4565,-122.35,1350,7620,2014,5,0,0,0,0,8100,0,0,73,105013,2.51,15.282996712071395,8765,64.0529896168994,35.94701038310061,5.573970690858339,97.8699402786994,44.95686794956868,2.46,14.673185495605612,8880,63.30851558864589,36.69148441135412,6.493621545003543,97.69518681462999,45.590649418871884
1529300160,2014-06-19,2,1.0,1260,4377,1.0,0,0,4,7,1260,0,1947,0,98103,47.6988,-122.354,1420,6376,2014,6,3,0,0,0,8820,0,0,67,122656,2.11,22.87456037514654,24340,48.11213812347401,51.88786187652599,3.97510133178923,99.1585414718846,18.936823827968478,2.08,23.163301875522638,24335,48.10872624912034,51.89127375087966,4.7532645230375685,99.01151866677559,19.094300574571793
7640400070,2014-09-15,4,2.5,2080,8100,1.0,0,2,5,8,1220,860,1952,0,98177,47.7228,-122.369,2090,8100,2014,9,0,0,0,0,16640,0,1,62,153542,2.43,13.07924984875983,8212,79.67166859048352,20.32833140951648,5.038420387121875,99.43356309288201,27.4619531836484,2.43,12.346137193047566,8127,81.14840062926062,18.85159937073938,4.7893884163628995,99.46581196581197,26.716524216524217
7016100380,2015-04-23,4,2.5,1910,8947,1.0,0,0,4,8,1160,750,1970,0,98011,47.7374,-122.183,1920,7350,2015,4,3,0,0,0,15280,0,1,45,124418,2.46,15.247978855721392,13329,65.2180746561886,34.781925343811395,6.342825237297599,99.00660763248978,39.452510450847306,2.46,15.129648719371977,13089,66.21599871237727,33.78400128762273,7.092279579716767,99.87127028642361,40.38435014482093
2172000890,2014-11-20,4,2.5,2560,6238,2.0,0,0,3,8,2560,0,2007,0,98178,47.4899,-122.255,2560,6240,2014,11,3,0,0,0,20480,0,0,7,96875,2.82,20.090596844044004,9752,59.93050885451693,40.06949114548308,5.811326633948742,99.90720334067974,49.350423384758145,2.76,19.902357951594475,9374,62.577187463590825,37.42281253640918,7.69108659417414,99.64886790168302,47.354401259232354
4035900015,2014-06-19,4,3.0,2620,18362,1.0,0,0,4,8,1870,750,1956,0,98006,47.5646,-122.184,2630,16792,2014,6,3,0,0,0,20960,0,1,58,185991,2.82,14.267360653577546,13727,77.46436154079466,22.535638459205337,6.640385009215646,100.15012703056432,27.042112556778815,2.81,13.709650387155165,13558,77.95756373072813,22.042436269271867,7.3147711184521,100.43854542632049,26.78619940233632
9528104660,2014-08-27,4,3.5,2980,3000,2.0,0,0,3,9,2340,640,2008,0,98115,47.6768,-122.326,1810,4545,2014,8,2,0,0,0,26820,0,1,6,141013,2.36,20.038971348841685,22085,62.56938184923383,37.430618150766165,5.07985950029823,99.48958702950569,21.213527308458662,2.32,19.346653198985,21778,62.75248864405142,37.24751135594858,5.230427913543313,99.63049016040087,21.893457996248916
507100005,2015-03-10,4,2.0,2120,6865,1.0,0,0,3,7,1060,1060,1954,0,98133,47.7775,-122.337,1460,7780,2015,3,1,0,0,0,14840,0,1,61,85059,2.18,19.780409147977647,22049,47.43003034828267,52.56996965171733,6.900681086745005,98.7952152014652,40.53628663003663,2.2,19.916468960063266,21780,48.4259846747035,51.57401532529649,9.163212725439678,98.85203345832132,41.53446783963081
2783100160,2014-05-15,4,1.75,1890,8000,1.0,0,0,4,7,1250,640,1960,0,98133,47.7576,-122.333,1870,8270,2014,5,3,0,0,0,13230,0,1,54,85059,2.18,19.780409147977647,22049,47.43003034828267,52.56996965171733,6.900681086745005,98.7952152014652,40.53628663003663,2.2,19.916468960063266,21780,48.4259846747035,51.57401532529649,9.163212725439678,98.85203345832132,41.53446783963081
3629921140,2014-10-30,5,3.25,3620,5500,2.0,0,2,3,9,3620,0,2003,0,98029,47.5442,-121.996,3260,5500,2014,10,3,0,0,0,32580,0,0,11,156427,2.51,10.307103610675039,11144,68.2339558251967,31.766044174803298,6.658926376178117,99.6974697469747,23.432343234323433,2.49,9.80519156992676,11047,66.38615281629531,33.6138471837047,7.2508398656215,99.70228064262442,25.536456577912592
1099750610,2014-07-10,3,2.25,1630,7900,1.0,0,0,4,7,1130,500,1973,0,98023,47.3076,-122.377,1630,8200,2014,7,3,0,0,0,11410,0,1,41,98057,2.84,17.422428414646312,18530,66.81093394077449,33.18906605922551,7.981084030556566,98.90960038986356,53.08845029239766,2.81,18.088104608353433,18625,64.76571428571428,35.23428571428571,8.736678507992895,98.46469418199901,51.54462953754351
1330300451,2014-12-17,3,1.75,2190,8500,1.0,0,0,4,9,2190,0,1957,0,98112,47.64,-122.285,2850,8868,2014,12,2,0,0,0,19710,0,0,57,153204,2.12,20.965110771983372,10930,55.615488345212874,44.38451165478713,5.323420074349442,99.23632488752072,17.546767700686715,2.12,21.08649789029536,11036,54.353054353054354,45.646945646945646,6.614844158756259,99.30969930969931,17.801567801567803
2757000030,2014-09-22,4,2.75,2270,10460,2.0,0,0,3,9,2270,0,1965,0,98040,47.5603,-122.222,2610,10180,2014,9,0,0,0,0,20430,0,0,49,190985,2.51,9.818010174647295,10179,71.95032870708546,28.049671292914535,5.143830092302178,100.51344885932669,15.986930392671683,2.49,9.62381105055039,10139,74.13847948255751,25.861520517442475,4.498525073746313,100.2252118769632,17.157589047590825
2114700190,2014-12-12,4,3.25,1790,2460,2.0,0,0,4,7,1100,690,2000,0,98106,47.534,-122.346,1260,4040,2014,12,4,0,0,0,12530,0,1,14,94762,2.43,20.256740681998416,10747,46.417630200612706,53.58236979938729,9.329466197085837,100.42269832078749,44.035900405327155,2.5,19.96174407768895,10674,48.08038392321536,51.91961607678465,9.873452927270199,101.05257103416542,44.05843782353618
2050000020,2014-06-24,4,3.75,3820,53574,1.0,0,0,3,10,3820,0,1994,0,98072,47.7337,-122.121,3140,54014,2014,6,1,0,0,0,38200,0,0,20,157963,2.6,13.507779349363508,9217,75.10030952653904,24.899690473460964,4.844401668270773,98.9697933227345,34.97615262321145,2.6,13.562575408577382,9093,75.71628232005591,24.283717679944093,4.9586119070359755,99.31105530873737,35.92814371257485
3832500790,2015-04-20,4,2.0,2240,9240,1.0,0,0,3,7,1120,1120,1968,0,98032,47.3666,-122.288,2040,8250,2015,4,0,0,0,0,15680,0,1,47,76683,2.63,20.094158674803836,14675,41.234807247781674,58.76519275221833,8.654155495978552,95.5773532954741,50.64963001204612,2.59,19.588287488908605,14852,40.70385126162019,59.29614873837982,10.4185119574845,96.6791786266284,51.459483329653345
2612000390,2014-06-15,3,2.5,1890,4838,2.0,0,0,3,8,1730,160,2002,0,98168,47.4802,-122.279,1910,7409,2014,6,6,0,0,0,15120,0,1,12,77935,2.8,20.49963262307127,12139,52.17844124283978,47.82155875716022,8.562583961217218,96.41425186805176,54.26006925460178,2.89,20.8829290342022,12234,50.7457509538675,49.2542490461325,11.205219182785854,97.16754897968418,53.68535360390933
1483300430,2014-11-25,2,1.0,820,3700,1.0,0,0,5,7,820,0,1968,0,98040,47.588,-122.251,1750,9000,2014,11,1,0,0,0,5740,0,0,46,190985,2.51,9.818010174647295,10179,71.95032870708546,28.049671292914535,5.143830092302178,100.51344885932669,15.986930392671683,2.49,9.62381105055039,10139,74.13847948255751,25.861520517442475,4.498525073746313,100.2252118769632,17.157589047590825
8899200720,2015-03-31,3,2.25,1470,7857,1.0,0,0,4,7,1180,290,1973,0,98055,47.4547,-122.209,1900,7600,2015,3,1,0,0,0,10290,0,1,42,90525,2.52,17.770148765734834,9457,52.904097253489425,47.09590274651058,6.387272021730695,100.09902828495389,48.560995234263785,2.46,17.95350415747497,9186,54.91396235131077,45.08603764868923,6.44159566844494,98.96273530541683,49.161224228454344
9183700470,2014-05-27,4,2.0,2330,6250,1.0,0,0,4,7,1400,930,1941,0,98030,47.3782,-122.228,2050,9000,2014,5,1,0,0,0,16310,0,1,73,85188,3.09,19.65576092087585,12484,47.11751662971175,52.88248337028825,8.260646485377118,97.17440872714266,52.62663745696785,3.0,17.600482618203756,12534,46.087481666810454,53.91251833318954,8.848456113317134,97.94284650470073,53.155543144373084
3530490031,2014-09-24,2,1.75,1330,2159,1.0,0,0,4,8,1330,0,1979,0,98198,47.3822,-122.32,1220,3679,2014,9,2,0,0,0,10640,0,0,35,76062,2.67,22.07152903355435,14123,54.47965869267103,45.52034130732896,7.476339026066727,96.01030110935024,51.96909667194929,2.66,22.372788556958557,14108,54.52003727865797,45.479962721342034,9.229583126824165,96.58536585365853,50.707716913234705
7857001225,2015-04-03,3,1.0,1630,5000,1.0,0,0,3,7,930,700,1954,0,98108,47.5497,-122.295,1630,5480,2015,4,4,0,0,0,11410,0,1,61,90179,3.03,19.908830157754558,8612,54.59848578875513,45.40151421124488,8.936391301120759,96.30263002712583,38.9019931595707,3.04,20.018841262364578,8329,53.53791529292417,46.46208470707583,9.09441233140655,96.94831433568542,39.52716965201134
7920100083,2015-04-14,3,1.5,1040,1824,1.0,0,0,3,6,1040,0,1925,0,98115,47.6793,-122.3,1010,5100,2015,4,1,0,0,0,6240,0,0,90,141013,2.36,20.038971348841685,22085,62.56938184923383,37.430618150766165,5.07985950029823,99.48958702950569,21.213527308458662,2.32,19.346653198985,21778,62.75248864405142,37.24751135594858,5.230427913543313,99.63049016040087,21.893457996248916
2254501620,2015-04-09,2,1.0,930,3200,1.0,0,0,3,7,930,0,1904,0,98122,47.609,-122.314,1690,3840,2015,4,3,0,0,0,6510,0,0,111,94548,1.96,34.44654683065279,17551,33.21537815630061,66.7846218436994,4.870675176352032,98.85230330853253,23.880006332119677,1.95,33.01648693828051,17176,33.65877772971637,66.34122227028362,6.536089637800748,98.60956388992037,25.23827206337418
3303000130,2015-01-16,3,2.25,1770,7667,1.0,0,0,3,8,1270,500,1966,0,98177,47.7724,-122.362,2180,8103,2015,1,4,0,0,0,14160,0,1,49,153542,2.43,13.07924984875983,8212,79.67166859048352,20.32833140951648,5.038420387121875,99.43356309288201,27.4619531836484,2.43,12.346137193047566,8127,81.14840062926062,18.85159937073938,4.7893884163628995,99.46581196581197,26.716524216524217
3876200070,2015-05-08,3,3.0,1520,7500,1.0,0,0,3,7,1180,340,1967,0,98034,47.7276,-122.181,2080,8000,2015,5,4,0,0,0,10640,0,1,48,119806,2.43,16.05333943799004,18001,61.237125332716126,38.76287466728388,6.750954198473283,99.64536699635606,34.17816241540864,2.44,17.057790319329666,18171,60.109001406469766,39.89099859353024,7.7933415340661085,99.85536782591545,35.227795674183156
369000365,2015-04-22,1,1.0,680,6600,1.0,0,0,3,5,480,200,1916,0,98199,47.6567,-122.392,1170,5500,2015,4,2,0,0,0,3400,0,1,99,168132,2.27,15.401888530631044,9920,62.062574948217595,37.937425051782405,4.147350993377484,99.1690635985938,22.416107382550337,2.24,15.287600188590286,9908,63.396185047138786,36.603814952861214,4.887626368117638,99.1062108559499,21.711899791231733
3052700385,2015-04-14,4,2.25,2030,2222,2.0,0,0,3,9,1610,420,2015,0,98117,47.679,-122.375,1420,2222,2015,4,1,0,0,0,18270,0,1,0,166029,2.29,15.29702030745872,14220,69.81104756388909,30.18895243611091,4.762847806713536,99.83316649983317,23.652819486152822,2.32,15.579379562043796,14093,70.67265234030027,29.327347659699736,4.742001293725432,99.6292707587311,24.463917091460587
7856550240,2014-07-10,5,2.25,3480,9200,2.0,0,0,3,8,3480,0,1979,0,98006,47.5585,-122.153,3130,9200,2014,7,3,0,0,0,27840,0,0,35,185991,2.82,14.267360653577546,13727,77.46436154079466,22.535638459205337,6.640385009215646,100.15012703056432,27.042112556778815,2.81,13.709650387155165,13558,77.95756373072813,22.042436269271867,7.3147711184521,100.43854542632049,26.78619940233632
7300410110,2014-05-19,4,2.5,2490,8290,2.0,0,0,3,9,2490,0,1999,0,98092,47.3305,-122.171,2690,7008,2014,5,0,0,0,0,22410,0,0,15,112735,2.77,17.21767115272089,16100,70.074142116659,29.92585788334099,8.37161127623165,98.55946766114585,47.855654272238674,2.7,17.027911100241507,15769,70.4232874883162,29.5767125116838,8.278795811518325,98.43809669288933,49.83960895134805
7201800300,2014-09-09,3,1.75,1300,8480,1.0,0,0,3,7,1300,0,1969,0,98052,47.6991,-122.13,1740,7280,2014,9,1,0,0,0,9100,0,0,45,158457,2.49,16.67975909924064,26354,53.58728109111451,46.41271890888548,5.135890711012479,99.32081320083873,22.76187437323366,2.43,16.793908754119162,26472,53.10328204716185,46.896717952838145,5.753945061367621,99.18121641257467,25.27158244343474
1695900060,2015-05-11,4,1.0,1610,2982,1.5,0,0,4,7,1610,0,1925,0,98144,47.587,-122.294,1610,4040,2015,5,0,0,0,0,11270,0,0,90,97953,2.26,24.435394298408,13211,47.05356417134033,52.94643582865967,4.982979222913488,99.13933472900675,31.98883461270063,2.24,23.04151393743074,12994,47.69384193467963,52.306158065320375,6.687801012009999,99.23316558830577,31.929067816918284
9429500146,2014-07-14,3,2.5,3200,18750,1.0,0,0,2,9,2660,540,1967,1996,98027,47.5717,-122.12,3200,22475,2014,7,0,1,0,0,28800,0,1,47,140556,2.54,13.249890206411946,11360,71.30082050336497,28.699179496635015,4.680932365303783,100.03016439595798,34.07571263385451,2.48,13.001025458112265,11363,70.81061096219614,29.189389037803863,5.410590943975442,99.23960116829488,32.964044717494204
3629910240,2014-05-05,3,2.5,2490,4343,2.0,0,0,3,9,2490,0,2003,0,98029,47.5493,-121.993,2130,4106,2014,5,0,0,0,0,22410,0,0,11,156427,2.51,10.307103610675039,11144,68.2339558251967,31.766044174803298,6.658926376178117,99.6974697469747,23.432343234323433,2.49,9.80519156992676,11047,66.38615281629531,33.6138471837047,7.2508398656215,99.70228064262442,25.536456577912592
8805400090,2014-05-13,3,1.0,1090,7315,1.0,0,0,5,6,1090,0,1981,0,98056,47.494,-122.165,1090,5800,2014,5,1,0,0,0,6540,0,0,33,102196,2.51,19.700650139315567,13893,51.64368244502423,48.356317554975774,6.624963057826815,97.99134991266739,42.58920402561757,2.56,20.747436492907926,13631,51.246200607902736,48.753799392097264,7.454338464584468,97.1547942343848,43.680802172550656
1022069050,2015-02-27,3,1.75,1180,21275,1.0,0,0,4,6,1180,0,1958,0,98038,47.4018,-122.037,1490,35100,2015,2,4,0,0,0,7080,0,0,57,135304,2.86,12.556807332442238,12545,84.88178488178488,15.118215118215117,8.23751596956063,99.08171413361725,51.89424185963978,2.88,13.27901930178551,12318,84.63165017339085,15.368349826609151,8.409014463504876,99.04576700434153,54.23299565846599
1138010530,2015-04-29,3,1.0,1340,7191,1.0,0,0,3,7,1340,0,1974,0,98034,47.7148,-122.212,1340,7215,2015,4,2,0,0,0,9380,0,0,41,119806,2.43,16.05333943799004,18001,61.237125332716126,38.76287466728388,6.750954198473283,99.64536699635606,34.17816241540864,2.44,17.057790319329666,18171,60.109001406469766,39.89099859353024,7.7933415340661085,99.85536782591545,35.227795674183156
7877400266,2015-04-07,3,1.0,970,9360,1.0,0,0,4,5,970,0,1942,0,98002,47.2808,-122.225,1050,11348,2015,4,1,0,0,0,4850,0,0,73,68040,2.64,18.596016244440147,13738,50.49263025143848,49.50736974856152,8.921506062539885,96.5053019824804,61.71046565237437,2.61,18.7400560648534,13981,49.973103819257666,50.026896180742334,11.200844877927564,96.62962288212789,60.11568591728912
7974200452,2014-06-25,5,3.0,2620,5477,2.0,0,0,3,10,2620,0,2009,0,98115,47.6804,-122.288,1680,5217,2014,6,2,0,0,0,26200,0,0,5,141013,2.36,20.038971348841685,22085,62.56938184923383,37.430618150766165,5.07985950029823,99.48958702950569,21.213527308458662,2.32,19.346653198985,21778,62.75248864405142,37.24751135594858,5.230427913543313,99.63049016040087,21.893457996248916
2126049265,2014-10-21,3,1.75,1770,10080,1.0,0,0,3,8,1770,0,1968,0,98125,47.7218,-122.306,1860,10456,2014,10,1,0,0,0,14160,0,0,46,89983,2.18,19.775984583885343,18882,47.03408836061897,52.96591163938103,6.25,100.80028203772255,32.942005993301606,2.12,19.175038337558288,18728,45.79247434435576,54.20752565564424,6.600554974298321,100.34034541438865,33.71592019986242
9547204350,2014-05-19,3,2.0,1610,5100,1.5,0,0,5,8,1610,0,1940,0,98115,47.6825,-122.307,1740,5100,2014,5,0,0,0,0,12880,0,0,74,141013,2.36,20.038971348841685,22085,62.56938184923383,37.430618150766165,5.07985950029823,99.48958702950569,21.213527308458662,2.32,19.346653198985,21778,62.75248864405142,37.24751135594858,5.230427913543313,99.63049016040087,21.893457996248916
5560000680,2014-12-26,2,1.0,1010,10057,1.0,0,0,3,6,1010,0,1961,0,98023,47.3286,-122.336,1040,8591,2014,12,4,0,0,0,6060,0,0,53,98057,2.84,17.422428414646312,18530,66.81093394077449,33.18906605922551,7.981084030556566,98.90960038986356,53.08845029239766,2.81,18.088104608353433,18625,64.76571428571428,35.23428571428571,8.736678507992895,98.46469418199901,51.54462953754351
3793500550,2014-08-08,3,2.5,1670,6186,2.0,0,0,3,7,1670,0,2002,0,98038,47.3668,-122.031,2390,6924,2014,8,4,0,0,0,11690,0,0,12,135304,2.86,12.556807332442238,12545,84.88178488178488,15.118215118215117,8.23751596956063,99.08171413361725,51.89424185963978,2.88,13.27901930178551,12318,84.63165017339085,15.368349826609151,8.409014463504876,99.04576700434153,54.23299565846599
4217401195,2015-03-03,5,2.25,2730,6000,1.5,0,0,3,8,2130,600,1927,0,98105,47.6571,-122.281,2730,6000,2015,3,1,0,0,0,21840,0,1,88,75214,2.39,34.427767354596625,16374,36.709440879926674,63.29055912007333,10.222291797119599,99.00454237943366,17.87474630327631,2.36,35.428375934705045,16197,36.734693877551024,63.26530612244898,9.713006949079345,99.13663286818593,17.643810862363214
1826049408,2015-04-27,3,1.5,1600,8040,1.0,0,0,4,7,1050,550,1965,0,98133,47.7471,-122.337,1810,7819,2015,4,0,0,0,0,11200,0,1,50,85059,2.18,19.780409147977647,22049,47.43003034828267,52.56996965171733,6.900681086745005,98.7952152014652,40.53628663003663,2.2,19.916468960063266,21780,48.4259846747035,51.57401532529649,9.163212725439678,98.85203345832132,41.53446783963081
3905100210,2014-07-23,3,2.5,1530,3840,2.0,0,0,3,8,1530,0,1994,0,98029,47.5691,-122.007,1720,3985,2014,7,2,0,0,0,12240,0,0,20,156427,2.51,10.307103610675039,11144,68.2339558251967,31.766044174803298,6.658926376178117,99.6974697469747,23.432343234323433,2.49,9.80519156992676,11047,66.38615281629531,33.6138471837047,7.2508398656215,99.70228064262442,25.536456577912592
7695370160,2014-08-11,5,2.5,3361,6983,2.0,0,0,3,10,3361,0,2006,0,98092,47.3427,-122.169,3112,6920,2014,8,0,0,0,0,33610,0,0,8,112735,2.77,17.21767115272089,16100,70.074142116659,29.92585788334099,8.37161127623165,98.55946766114585,47.855654272238674,2.7,17.027911100241507,15769,70.4232874883162,29.5767125116838,8.278795811518325,98.43809669288933,49.83960895134805
3210400060,2014-12-24,3,1.0,1580,8206,1.0,0,0,3,7,1100,480,1962,0,98198,47.3676,-122.312,1600,8196,2014,12,2,0,0,0,11060,0,1,52,76062,2.67,22.07152903355435,14123,54.47965869267103,45.52034130732896,7.476339026066727,96.01030110935024,51.96909667194929,2.66,22.372788556958557,14108,54.52003727865797,45.479962721342034,9.229583126824165,96.58536585365853,50.707716913234705
6146600170,2014-07-03,2,0.75,660,5240,1.0,0,0,4,4,660,0,1912,0,98032,47.3881,-122.234,850,5080,2014,7,3,0,0,0,2640,0,0,102,76683,2.63,20.094158674803836,14675,41.234807247781674,58.76519275221833,8.654155495978552,95.5773532954741,50.64963001204612,2.59,19.588287488908605,14852,40.70385126162019,59.29614873837982,10.4185119574845,96.6791786266284,51.459483329653345
2767601750,2014-08-15,3,1.5,1220,962,3.0,0,0,3,8,1220,0,2014,0,98107,47.674,-122.387,1510,2501,2014,8,4,0,0,0,9760,0,0,0,131559,1.93,23.823613629855874,12707,35.71075197889182,64.28924802110818,5.1404627006610015,99.34580861098434,21.74552462092398,1.92,23.06289432176656,12416,34.91419393017161,65.0858060698284,6.3046647230320705,99.24250394529194,22.530247238295633
1773100926,2014-06-03,3,3.25,1530,1602,2.0,0,0,3,8,1140,390,2013,0,98106,47.5555,-122.362,1450,1198,2014,6,1,0,0,0,12240,0,1,1,94762,2.43,20.256740681998416,10747,46.417630200612706,53.58236979938729,9.329466197085837,100.42269832078749,44.035900405327155,2.5,19.96174407768895,10674,48.08038392321536,51.91961607678465,9.873452927270199,101.05257103416542,44.05843782353618
5700002125,2014-06-10,4,1.75,2320,4322,1.0,0,0,3,7,1140,1180,1910,0,98144,47.5755,-122.289,1820,4322,2014,6,1,0,0,0,16240,0,1,104,97953,2.26,24.435394298408,13211,47.05356417134033,52.94643582865967,4.982979222913488,99.13933472900675,31.98883461270063,2.24,23.04151393743074,12994,47.69384193467963,52.306158065320375,6.687801012009999,99.23316558830577,31.929067816918284
1951100100,2014-11-13,3,1.0,940,11055,1.5,0,0,4,7,940,0,1959,0,98032,47.3732,-122.295,1420,9100,2014,11,3,0,0,0,6580,0,0,55,76683,2.63,20.094158674803836,14675,41.234807247781674,58.76519275221833,8.654155495978552,95.5773532954741,50.64963001204612,2.59,19.588287488908605,14852,40.70385126162019,59.29614873837982,10.4185119574845,96.6791786266284,51.459483329653345
1402200340,2014-08-13,3,1.75,1800,18000,1.0,0,0,3,8,1200,600,1968,0,98058,47.4406,-122.146,1800,18000,2014,8,2,0,0,0,14400,0,1,46,106611,2.78,15.935921408835924,16692,73.01956836343044,26.980431636569556,5.35431150140261,97.63669462323647,42.85157011897796,2.74,16.106225715036956,16367,72.2486806538808,27.751319346119192,6.590114827758363,97.51918859649122,44.01041666666667
8044200200,2015-02-26,2,1.5,1260,2625,2.0,0,0,4,7,1260,0,1983,0,98052,47.6747,-122.151,1260,2625,2015,2,3,0,0,0,8820,0,0,32,158457,2.49,16.67975909924064,26354,53.58728109111451,46.41271890888548,5.135890711012479,99.32081320083873,22.76187437323366,2.43,16.793908754119162,26472,53.10328204716185,46.896717952838145,5.753945061367621,99.18121641257467,25.27158244343474
66000070,2015-04-06,2,1.0,630,6550,1.0,0,0,3,5,630,0,1918,0,98126,47.5486,-122.38,1420,6550,2015,4,0,0,0,0,3150,0,0,97,108072,2.36,17.374538643750345,10242,56.54861693210393,43.45138306789606,4.653176915203527,100.23680854939583,34.264375493351146,2.27,16.627794527561296,10016,55.87763397154776,44.12236602845224,5.641737426518615,99.87504685742846,36.67374734474572
5083100065,2014-09-16,3,1.0,1190,9083,1.0,0,0,3,7,1190,0,1955,0,98198,47.4116,-122.293,1190,9450,2014,9,1,0,0,0,8330,0,0,59,76062,2.67,22.07152903355435,14123,54.47965869267103,45.52034130732896,7.476339026066727,96.01030110935024,51.96909667194929,2.66,22.372788556958557,14108,54.52003727865797,45.479962721342034,9.229583126824165,96.58536585365853,50.707716913234705
4027701284,2014-06-05,3,2.25,1710,11500,1.0,0,0,3,7,1210,500,1978,0,98028,47.7675,-122.267,1800,11500,2014,6,3,0,0,0,11970,0,1,36,132191,2.67,13.599013968775678,8536,72.67970599227607,27.320294007723934,6.275532377227293,98.3883964544722,35.38812785388128,2.64,14.729697547035009,8635,73.22834645669292,26.77165354330709,7.076760377192209,98.22348793056686,36.54054787089775
5693501100,2014-07-31,3,3.0,1560,1466,3.0,0,0,3,8,1560,0,2006,0,98103,47.6604,-122.352,1530,2975,2014,7,3,0,0,0,12480,0,0,8,122656,2.11,22.87456037514654,24340,48.11213812347401,51.88786187652599,3.97510133178923,99.1585414718846,18.936823827968478,2.08,23.163301875522638,24335,48.10872624912034,51.89127375087966,4.7532645230375685,99.01151866677559,19.094300574571793
3600072,2015-03-30,4,2.75,2220,5310,1.0,0,0,5,7,1170,1050,1951,0,98144,47.5801,-122.294,1540,4200,2015,3,0,0,0,0,15540,0,1,64,97953,2.26,24.435394298408,13211,47.05356417134033,52.94643582865967,4.982979222913488,99.13933472900675,31.98883461270063,2.24,23.04151393743074,12994,47.69384193467963,52.306158065320375,6.687801012009999,99.23316558830577,31.929067816918284
8078550250,2014-12-29,4,2.75,2520,6964,1.0,0,0,4,7,1260,1260,1987,0,98031,47.4038,-122.175,1930,6949,2014,12,0,0,0,0,17640,0,1,27,98657,2.97,17.82141658274589,12676,64.00824742268041,35.99175257731959,8.799066842478954,97.82912276247302,50.04020143032457,2.99,17.766172506738545,12903,63.46782097353806,36.53217902646194,10.101061398608502,97.60154576385098,48.943588020330154
1922059046,2014-10-29,3,1.0,1980,39150,1.5,0,0,3,6,1580,400,1932,0,98030,47.3818,-122.225,1860,11811,2014,10,2,0,0,0,11880,0,1,82,85188,3.09,19.65576092087585,12484,47.11751662971175,52.88248337028825,8.260646485377118,97.17440872714266,52.62663745696785,3.0,17.600482618203756,12534,46.087481666810454,53.91251833318954,8.848456113317134,97.94284650470073,53.155543144373084
2902200016,2014-11-12,2,2.5,1680,1240,2.0,0,0,3,8,1120,560,2014,0,98102,47.6372,-122.324,2060,3630,2014,11,2,0,0,0,13440,0,1,0,114026,1.64,32.88064183586572,15038,28.637943015983318,71.36205698401668,4.007043005015473,99.6177954441217,19.624929929164754,1.61,33.5729757131665,14696,28.04420202592619,71.9557979740738,4.6355078809106836,99.60608964122218,19.620994357500265
9183700845,2014-12-18,2,1.0,800,7150,1.0,0,0,3,5,800,0,1933,0,98030,47.3788,-122.224,1220,8019,2014,12,3,0,0,0,4000,0,0,81,85188,3.09,19.65576092087585,12484,47.11751662971175,52.88248337028825,8.260646485377118,97.17440872714266,52.62663745696785,3.0,17.600482618203756,12534,46.087481666810454,53.91251833318954,8.848456113317134,97.94284650470073,53.155543144373084
3333001997,2014-07-25,3,2.0,1620,5101,1.0,0,0,3,7,590,1030,2006,0,98118,47.5448,-122.288,1700,7750,2014,7,4,0,0,0,11340,0,1,8,106930,2.75,18.80646044347112,17060,56.44829520663217,43.551704793367826,9.809241901003125,97.62032677053377,37.58809215308283,2.76,18.663888888888888,16861,55.8023285244242,44.1976714755758,10.945570971184631,97.02670100740065,37.2020995663939
1432400525,2015-03-06,3,1.5,1430,7560,1.0,0,0,5,6,1430,0,1958,0,98058,47.4518,-122.179,1150,7560,2015,3,4,0,0,0,8580,0,0,57,106611,2.78,15.935921408835924,16692,73.01956836343044,26.980431636569556,5.35431150140261,97.63669462323647,42.85157011897796,2.74,16.106225715036956,16367,72.2486806538808,27.751319346119192,6.590114827758363,97.51918859649122,44.01041666666667
2824059128,2014-10-09,3,2.0,1990,7405,1.0,0,0,5,7,1990,0,1971,0,98006,47.5421,-122.172,2120,6462,2014,10,3,0,0,0,13930,0,0,43,185991,2.82,14.267360653577546,13727,77.46436154079466,22.535638459205337,6.640385009215646,100.15012703056432,27.042112556778815,2.81,13.709650387155165,13558,77.95756373072813,22.042436269271867,7.3147711184521,100.43854542632049,26.78619940233632
6453550090,2015-05-05,4,2.5,3650,7090,2.0,0,0,3,10,3650,0,2008,0,98074,47.606,-122.052,3860,7272,2015,5,1,0,0,0,36500,0,0,7,229104,3.02,10.366720845184885,9070,87.03577124629757,12.96422875370244,4.483074107959744,100.24147476294245,16.24359502915366,3.03,10.087027329635095,8959,87.40808823529412,12.591911764705882,4.416132562138502,100.35249133707731,17.803799737125104
6202600070,2014-11-06,5,2.5,3890,27311,2.0,0,2,3,10,3890,0,1950,1990,98177,47.7291,-122.363,3160,22641,2014,11,3,1,0,0,38900,0,0,64,153542,2.43,13.07924984875983,8212,79.67166859048352,20.32833140951648,5.038420387121875,99.43356309288201,27.4619531836484,2.43,12.346137193047566,8127,81.14840062926062,18.85159937073938,4.7893884163628995,99.46581196581197,26.716524216524217
7524100280,2014-06-12,4,1.5,1490,7560,2.0,0,0,3,7,1490,0,1966,0,98198,47.3684,-122.318,1490,7689,2014,6,3,0,0,0,10430,0,0,48,76062,2.67,22.07152903355435,14123,54.47965869267103,45.52034130732896,7.476339026066727,96.01030110935024,51.96909667194929,2.66,22.372788556958557,14108,54.52003727865797,45.479962721342034,9.229583126824165,96.58536585365853,50.707716913234705
3524039224,2014-05-13,4,2.5,3520,6773,2.5,0,0,3,9,2650,870,2006,0,98136,47.5317,-122.391,2930,6458,2014,5,1,0,0,0,31680,0,1,8,144659,2.13,15.69451876767831,7483,65.10981373366694,34.89018626633305,3.7052720728350628,99.55093555093555,32.71517671517671,2.14,17.20172866183053,7488,65.71508929827029,34.284910701729714,5.032728833565833,98.98634497780012,33.358465276032504
5739601300,2015-03-30,2,1.0,860,6510,1.0,0,0,3,7,860,0,1952,0,98004,47.6021,-122.202,1740,10800,2015,3,0,0,0,0,6020,0,0,63,157784,2.09,16.09075919420747,17462,44.548266529191906,55.451733470808094,6.039425544695026,99.71498371335505,20.39087947882736,2.11,16.54254118709095,16773,45.298507462686565,54.701492537313435,6.137602970182156,99.6095090971507,22.202197047717128
2473000410,2015-04-08,4,2.25,2570,11070,2.0,0,0,4,8,2570,0,1966,0,98058,47.4507,-122.152,2210,9600,2015,4,2,0,0,0,20560,0,0,49,106611,2.78,15.935921408835924,16692,73.01956836343044,26.980431636569556,5.35431150140261,97.63669462323647,42.85157011897796,2.74,16.106225715036956,16367,72.2486806538808,27.751319346119192,6.590114827758363,97.51918859649122,44.01041666666667
421059018,2014-11-04,3,1.75,1397,18000,1.0,0,0,3,7,1397,0,1965,2014,98092,47.3388,-122.166,1950,31294,2014,11,1,1,0,0,9779,0,0,49,112735,2.77,17.21767115272089,16100,70.074142116659,29.92585788334099,8.37161127623165,98.55946766114585,47.855654272238674,2.7,17.027911100241507,15769,70.4232874883162,29.5767125116838,8.278795811518325,98.43809669288933,49.83960895134805
4232901120,2014-05-20,3,1.5,1570,1050,2.0,0,0,3,8,1570,0,1915,0,98109,47.6358,-122.356,2070,3600,2014,5,1,0,0,0,12560,0,0,99,124408,1.7,27.800957442136237,15202,28.230758246465797,71.7692417535342,3.0450204638472034,99.08156134571229,20.355395827093943,1.67,27.266207687894433,14434,30.246109023997548,69.75389097600245,3.8523274478330656,99.60608676883228,22.17785452190805
5559600140,2015-05-05,3,2.0,1490,7651,1.0,0,0,3,7,1490,0,1988,0,98003,47.3211,-122.325,1590,7795,2015,5,1,0,0,0,10430,0,0,27,67547,2.55,19.24448767833982,19289,48.22101062334889,51.77898937665112,8.09211372700373,97.76363151579788,55.309292094387416,2.53,17.855201652353518,19279,47.96962879640045,52.03037120359954,8.922079628575183,97.993265993266,55.535353535353536
3797310150,2015-02-18,4,2.5,1800,9229,2.0,0,0,3,7,1800,0,1994,0,98022,47.1927,-122.015,1970,9231,2015,2,2,0,0,0,12600,0,0,21,112818,2.51,14.782116581777025,9214,71.14731044181414,28.85268955818587,6.198934280639431,94.7731755424063,59.927679158448385,2.52,13.98300218215229,9049,70.50333969465649,29.496660305343514,7.5844202251206,95.85578394199428,61.64438235881061
7986400265,2014-10-29,5,3.0,2370,6000,1.5,0,2,3,8,1340,1030,1926,2003,98107,47.6645,-122.358,1350,4500,2014,10,2,1,0,0,18960,0,1,88,131559,1.93,23.823613629855874,12707,35.71075197889182,64.28924802110818,5.1404627006610015,99.34580861098434,21.74552462092398,1.92,23.06289432176656,12416,34.91419393017161,65.0858060698284,6.3046647230320705,99.24250394529194,22.530247238295633
3025300095,2014-10-09,4,4.5,4300,19844,2.0,0,0,3,11,4300,0,1985,1999,98039,47.6218,-122.237,3070,19845,2014,10,3,1,0,1,47300,0,0,29,244740,2.87,9.791666666666666,1266,91.62833486660533,8.371665133394664,2.4007386888273317,99.69984992496248,13.256628314157078,2.92,7.837127845884413,1214,90.13282732447819,9.867172675521822,2.1998166819431715,100.0,14.598168870803663
7524950830,2014-05-27,3,1.75,1850,7735,1.0,0,0,4,8,1850,0,1983,0,98027,47.5608,-122.082,2220,7639,2014,5,1,0,0,0,14800,0,0,31,140556,2.54,13.249890206411946,11360,71.30082050336497,28.699179496635015,4.680932365303783,100.03016439595798,34.07571263385451,2.48,13.001025458112265,11363,70.81061096219614,29.189389037803863,5.410590943975442,99.23960116829488,32.964044717494204
9407100730,2015-01-29,3,1.75,1230,10725,1.0,0,0,3,7,1230,0,1980,0,98045,47.4431,-121.772,1250,10170,2015,1,3,0,0,0,8610,0,0,35,154803,2.6,11.896235479081142,5848,76.05357142857143,23.946428571428573,4.146459747817652,98.97304236200257,46.04522563444257,2.62,12.452140619561435,5880,76.65285534137993,23.34714465862007,4.789620468048987,98.46000993541976,46.656731246895184
3812400854,2014-10-28,4,2.0,2080,6360,1.0,0,0,3,7,1330,750,1960,0,98118,47.5392,-122.278,2080,6741,2014,10,1,0,0,0,14560,0,1,54,106930,2.75,18.80646044347112,17060,56.44829520663217,43.551704793367826,9.809241901003125,97.62032677053377,37.58809215308283,2.76,18.663888888888888,16861,55.8023285244242,44.1976714755758,10.945570971184631,97.02670100740065,37.2020995663939
6002400030,2014-08-14,4,1.75,2320,9240,1.0,0,0,3,7,1160,1160,1959,2014,98178,47.4909,-122.257,2130,7320,2014,8,3,1,0,0,16240,0,1,55,96875,2.82,20.090596844044004,9752,59.93050885451693,40.06949114548308,5.811326633948742,99.90720334067974,49.350423384758145,2.76,19.902357951594475,9374,62.577187463590825,37.42281253640918,7.69108659417414,99.64886790168302,47.354401259232354
2212200090,2015-02-09,3,1.0,1610,7140,1.0,0,0,3,7,1080,530,1976,0,98031,47.3943,-122.189,1800,7600,2015,2,0,0,0,0,11270,0,1,39,98657,2.97,17.82141658274589,12676,64.00824742268041,35.99175257731959,8.799066842478954,97.82912276247302,50.04020143032457,2.99,17.766172506738545,12903,63.46782097353806,36.53217902646194,10.101061398608502,97.60154576385098,48.943588020330154
7202330610,2014-07-21,3,2.5,2020,5613,2.0,0,0,3,7,2020,0,2003,0,98053,47.6835,-122.035,2020,4609,2014,7,0,0,0,0,14140,0,0,11,171822,2.69,9.269278791842558,8377,85.93194514982224,14.068054850177756,4.442119280890326,99.83973288814691,26.8313856427379,2.67,10.823743185947912,8200,82.85419620987496,17.145803790125047,5.704032486542639,99.89091900736297,26.56803926915735
7300400170,2014-09-10,4,2.5,2310,6200,2.0,0,0,3,8,2310,0,1998,0,98092,47.3321,-122.172,2480,6200,2014,9,2,0,0,0,18480,0,0,16,112735,2.77,17.21767115272089,16100,70.074142116659,29.92585788334099,8.37161127623165,98.55946766114585,47.855654272238674,2.7,17.027911100241507,15769,70.4232874883162,29.5767125116838,8.278795811518325,98.43809669288933,49.83960895134805
8965000110,2014-11-14,3,1.75,1300,9600,1.0,0,0,4,7,1300,0,1969,0,98052,47.6388,-122.103,2070,9775,2014,11,4,0,0,0,9100,0,0,45,158457,2.49,16.67975909924064,26354,53.58728109111451,46.41271890888548,5.135890711012479,99.32081320083873,22.76187437323366,2.43,16.793908754119162,26472,53.10328204716185,46.896717952838145,5.753945061367621,99.18121641257467,25.27158244343474
3996900125,2014-12-01,3,1.0,1060,10228,1.0,0,0,3,7,1060,0,1948,0,98155,47.7481,-122.3,1570,10228,2014,12,0,0,0,0,7420,0,0,66,124531,2.48,16.52716001821175,13838,68.1508643268727,31.849135673127293,8.176812638295683,98.1925078457077,38.148015731140504,2.48,17.143465606587636,13823,68.9590238023501,31.040976197649893,9.775827429417362,98.56964422418308,37.801684193561385
2221000100,2014-05-07,3,1.75,1840,10723,1.0,0,0,4,7,1220,620,1974,0,98058,47.429,-122.154,1590,9820,2014,5,2,0,0,0,12880,0,1,40,106611,2.78,15.935921408835924,16692,73.01956836343044,26.980431636569556,5.35431150140261,97.63669462323647,42.85157011897796,2.74,16.106225715036956,16367,72.2486806538808,27.751319346119192,6.590114827758363,97.51918859649122,44.01041666666667
1524079088,2014-05-09,3,1.5,1390,48257,1.0,0,0,3,6,1390,0,1922,2013,98024,47.5603,-121.894,1440,45302,2014,5,4,1,0,0,8340,0,0,92,149044,2.94,13.445557212870233,2174,84.03826787512588,15.96173212487412,7.395069953364423,96.60600098376783,35.75996064928677,2.91,12.2533748701973,2228,80.73929961089495,19.26070038910506,5.3954629061925194,95.25729191368272,37.680815745790845
1133000036,2015-04-21,3,1.0,1330,5000,1.0,0,0,3,7,1120,210,1957,0,98125,47.7211,-122.308,1920,7790,2015,4,1,0,0,0,9310,0,1,58,89983,2.18,19.775984583885343,18882,47.03408836061897,52.96591163938103,6.25,100.80028203772255,32.942005993301606,2.12,19.175038337558288,18728,45.79247434435576,54.20752565564424,6.600554974298321,100.34034541438865,33.71592019986242
1868901190,2014-08-07,4,2.25,2100,2500,3.0,0,0,3,8,2100,0,2001,0,98115,47.6726,-122.298,1660,4000,2014,8,3,0,0,0,16800,0,0,13,141013,2.36,20.038971348841685,22085,62.56938184923383,37.430618150766165,5.07985950029823,99.48958702950569,21.213527308458662,2.32,19.346653198985,21778,62.75248864405142,37.24751135594858,5.230427913543313,99.63049016040087,21.893457996248916
4037200530,2015-03-17,3,1.75,1830,7371,1.0,0,0,3,7,1830,0,1957,0,98008,47.6059,-122.121,1600,7700,2015,3,1,0,0,0,12810,0,0,58,164219,2.69,15.393666045690754,9357,72.43788819875776,27.562111801242235,6.570794767842117,99.65975011155734,31.626506024096386,2.69,15.761031234506692,9349,72.46019286835613,27.53980713164387,7.243693589446886,99.19940949352714,32.716329775153305
2095500120,2014-07-18,4,2.5,2380,6124,2.0,0,0,3,8,2380,0,1997,0,98030,47.3662,-122.175,2170,6097,2014,7,4,0,0,0,19040,0,0,17,85188,3.09,19.65576092087585,12484,47.11751662971175,52.88248337028825,8.260646485377118,97.17440872714266,52.62663745696785,3.0,17.600482618203756,12534,46.087481666810454,53.91251833318954,8.848456113317134,97.94284650470073,53.155543144373084
1995200338,2014-10-29,4,2.5,2830,5010,2.0,0,0,3,9,2170,660,2000,0,98115,47.6952,-122.327,1880,5739,2014,10,2,0,0,0,25470,0,1,14,141013,2.36,20.038971348841685,22085,62.56938184923383,37.430618150766165,5.07985950029823,99.48958702950569,21.213527308458662,2.32,19.346653198985,21778,62.75248864405142,37.24751135594858,5.230427913543313,99.63049016040087,21.893457996248916
8820902350,2014-12-03,4,3.5,3470,7396,2.0,0,3,3,8,2520,950,1979,0,98125,47.7146,-122.279,2360,10541,2014,12,2,0,0,0,27760,0,1,35,89983,2.18,19.775984583885343,18882,47.03408836061897,52.96591163938103,6.25,100.80028203772255,32.942005993301606,2.12,19.175038337558288,18728,45.79247434435576,54.20752565564424,6.600554974298321,100.34034541438865,33.71592019986242
7459810210,2014-10-02,4,2.25,2050,26000,2.0,0,0,4,8,2050,0,1977,0,98042,47.3423,-122.063,2330,31100,2014,10,3,0,0,0,16400,0,0,37,122709,2.84,14.728895746087723,16573,81.84237202230106,18.157627977698937,5.7493896195951795,98.46322368633011,50.75872289700055,2.8,15.359349774536549,16818,82.74386406544997,17.25613593455003,6.523882775213978,98.58030168589174,52.2264944625193
9536600010,2014-12-23,4,0.75,1960,8277,1.0,1,4,4,7,1320,640,1923,1986,98198,47.3648,-122.325,1940,8402,2014,12,1,1,0,0,13720,1960,1,91,76062,2.67,22.07152903355435,14123,54.47965869267103,45.52034130732896,7.476339026066727,96.01030110935024,51.96909667194929,2.66,22.372788556958557,14108,54.52003727865797,45.479962721342034,9.229583126824165,96.58536585365853,50.707716913234705
8085400586,2014-11-01,4,2.75,3560,8975,2.0,0,0,3,10,3560,0,2014,0,98004,47.6322,-122.209,3440,12825,2014,11,5,0,0,0,35600,0,0,0,157784,2.09,16.09075919420747,17462,44.548266529191906,55.451733470808094,6.039425544695026,99.71498371335505,20.39087947882736,2.11,16.54254118709095,16773,45.298507462686565,54.701492537313435,6.137602970182156,99.6095090971507,22.202197047717128
7518503065,2014-06-23,1,1.0,720,5100,1.0,0,0,3,6,720,0,1907,0,98117,47.6821,-122.38,1320,5100,2014,6,0,0,0,0,4320,0,0,107,166029,2.29,15.29702030745872,14220,69.81104756388909,30.18895243611091,4.762847806713536,99.83316649983317,23.652819486152822,2.32,15.579379562043796,14093,70.67265234030027,29.327347659699736,4.742001293725432,99.6292707587311,24.463917091460587
8682320350,2014-07-09,2,2.5,2150,5760,1.0,0,0,3,8,2150,0,2010,0,98053,47.7094,-122.018,1640,4680,2014,7,2,0,0,0,17200,0,0,4,171822,2.69,9.269278791842558,8377,85.93194514982224,14.068054850177756,4.442119280890326,99.83973288814691,26.8313856427379,2.67,10.823743185947912,8200,82.85419620987496,17.145803790125047,5.704032486542639,99.89091900736297,26.56803926915735
3179100790,2014-09-15,2,1.75,2230,6930,1.0,0,0,4,8,1530,700,1947,0,98105,47.6705,-122.277,1970,6930,2014,9,0,0,0,0,17840,0,1,67,75214,2.39,34.427767354596625,16374,36.709440879926674,63.29055912007333,10.222291797119599,99.00454237943366,17.87474630327631,2.36,35.428375934705045,16197,36.734693877551024,63.26530612244898,9.713006949079345,99.13663286818593,17.643810862363214
9828702666,2014-07-28,4,2.25,1490,956,2.0,0,0,3,7,1020,470,2005,0,98122,47.6184,-122.301,1510,1350,2014,7,0,0,0,0,10430,0,1,9,94548,1.96,34.44654683065279,17551,33.21537815630061,66.7846218436994,4.870675176352032,98.85230330853253,23.880006332119677,1.95,33.01648693828051,17176,33.65877772971637,66.34122227028362,6.536089637800748,98.60956388992037,25.23827206337418
6713700250,2014-06-04,5,3.0,2920,11440,2.0,0,0,3,8,2920,0,2003,0,98133,47.7607,-122.354,1720,9348,2014,6,2,0,0,0,23360,0,0,11,85059,2.18,19.780409147977647,22049,47.43003034828267,52.56996965171733,6.900681086745005,98.7952152014652,40.53628663003663,2.2,19.916468960063266,21780,48.4259846747035,51.57401532529649,9.163212725439678,98.85203345832132,41.53446783963081
2141330700,2014-05-22,4,2.25,2350,8140,1.0,0,0,4,8,1430,920,1977,0,98006,47.5579,-122.129,2640,8700,2014,5,3,0,0,0,18800,0,1,37,185991,2.82,14.267360653577546,13727,77.46436154079466,22.535638459205337,6.640385009215646,100.15012703056432,27.042112556778815,2.81,13.709650387155165,13558,77.95756373072813,22.042436269271867,7.3147711184521,100.43854542632049,26.78619940233632
7519001990,2014-10-27,2,1.0,840,3860,1.0,0,0,4,6,840,0,1909,0,98117,47.6842,-122.365,1390,3860,2014,10,0,0,0,0,5040,0,0,105,166029,2.29,15.29702030745872,14220,69.81104756388909,30.18895243611091,4.762847806713536,99.83316649983317,23.652819486152822,2.32,15.579379562043796,14093,70.67265234030027,29.327347659699736,4.742001293725432,99.6292707587311,24.463917091460587
3223069019,2014-10-29,3,1.0,1410,81021,1.0,0,0,3,7,1410,0,1949,1981,98058,47.4303,-122.067,2000,81021,2014,10,2,1,0,0,9870,0,0,65,106611,2.78,15.935921408835924,16692,73.01956836343044,26.980431636569556,5.35431150140261,97.63669462323647,42.85157011897796,2.74,16.106225715036956,16367,72.2486806538808,27.751319346119192,6.590114827758363,97.51918859649122,44.01041666666667
7994700030,2014-10-23,5,1.75,1660,78408,1.5,0,0,3,6,1660,0,1915,0,98065,47.529,-121.837,1660,78408,2014,10,3,0,0,0,9960,0,0,99,175750,2.93,10.615415255925114,4953,79.75811584977721,20.241884150222788,4.1850514774702505,99.11081471601645,30.999221962876515,2.91,8.78239184647078,4755,78.93797411869701,21.06202588130299,4.645161290322581,99.65219477092828,32.369872871192136
2592300450,2014-06-27,3,2.5,1630,7950,1.0,0,0,3,8,1320,310,1985,0,98042,47.4224,-122.159,1650,7952,2014,6,4,0,0,0,13040,0,1,29,122709,2.84,14.728895746087723,16573,81.84237202230106,18.157627977698937,5.7493896195951795,98.46322368633011,50.75872289700055,2.8,15.359349774536549,16818,82.74386406544997,17.25613593455003,6.523882775213978,98.58030168589174,52.2264944625193
2792000010,2015-04-23,4,2.5,2660,8887,1.0,0,0,4,8,1880,780,1967,0,98166,47.43899999999999,-122.342,1910,9620,2015,4,3,0,0,0,21280,0,1,48,105013,2.51,15.282996712071395,8765,64.0529896168994,35.94701038310061,5.573970690858339,97.8699402786994,44.95686794956868,2.46,14.673185495605612,8880,63.30851558864589,36.69148441135412,6.493621545003543,97.69518681462999,45.590649418871884
173000025,2014-08-25,3,1.0,1130,7200,1.5,0,0,4,6,1130,0,1942,0,98133,47.7298,-122.355,1350,1358,2014,8,0,0,0,0,6780,0,0,72,85059,2.18,19.780409147977647,22049,47.43003034828267,52.56996965171733,6.900681086745005,98.7952152014652,40.53628663003663,2.2,19.916468960063266,21780,48.4259846747035,51.57401532529649,9.163212725439678,98.85203345832132,41.53446783963081
7203150330,2014-07-17,4,2.5,2470,4945,2.0,0,0,3,8,2470,0,2012,0,98053,47.6898,-122.015,2510,4988,2014,7,3,0,0,0,19760,0,0,2,171822,2.69,9.269278791842558,8377,85.93194514982224,14.068054850177756,4.442119280890326,99.83973288814691,26.8313856427379,2.67,10.823743185947912,8200,82.85419620987496,17.145803790125047,5.704032486542639,99.89091900736297,26.56803926915735
3305100210,2014-10-21,5,3.0,3070,8474,2.0,0,0,3,9,3070,0,2011,0,98033,47.6852,-122.184,3070,8527,2014,10,1,0,0,0,27630,0,0,3,163786,2.29,14.715707890692858,16640,64.64853771164701,35.351462288353005,6.13177729151471,100.35475872592028,25.88212855235552,2.3,14.803502341681938,16431,65.22136010953903,34.77863989046098,6.479481641468683,100.68666848737857,27.48234559712848
2581300055,2014-11-21,3,3.25,2640,16090,1.0,0,2,4,8,1960,680,1976,0,98040,47.5374,-122.213,3690,15000,2014,11,4,0,0,0,21120,0,1,38,190985,2.51,9.818010174647295,10179,71.95032870708546,28.049671292914535,5.143830092302178,100.51344885932669,15.986930392671683,2.49,9.62381105055039,10139,74.13847948255751,25.861520517442475,4.498525073746313,100.2252118769632,17.157589047590825
6613000750,2014-10-01,4,2.75,3680,5000,2.0,0,3,3,9,2480,1200,1936,0,98105,47.6599,-122.269,3200,5000,2014,10,2,0,0,0,33120,0,1,78,75214,2.39,34.427767354596625,16374,36.709440879926674,63.29055912007333,10.222291797119599,99.00454237943366,17.87474630327631,2.36,35.428375934705045,16197,36.734693877551024,63.26530612244898,9.713006949079345,99.13663286818593,17.643810862363214
7015200685,2014-07-31,3,1.75,1800,5700,1.0,0,0,4,8,1000,800,1941,0,98119,47.6491,-122.367,1680,5350,2014,7,3,0,0,0,14400,0,1,73,112865,1.9,25.481150100191062,12166,40.59950184660311,59.40049815339689,4.838109415705247,98.6912347167212,21.78979392686987,1.89,25.428950611432366,12075,40.114135206321336,59.885864793678664,5.074963929489995,99.02767835838702,20.561918396564067
1323089184,2014-05-02,3,2.5,2430,88426,1.0,0,0,4,7,1570,860,1985,0,98045,47.4828,-121.718,1560,56827,2014,5,4,0,0,0,17010,0,1,29,154803,2.6,11.896235479081142,5848,76.05357142857143,23.946428571428573,4.146459747817652,98.97304236200257,46.04522563444257,2.62,12.452140619561435,5880,76.65285534137993,23.34714465862007,4.789620468048987,98.46000993541976,46.656731246895184
3793500510,2015-05-02,4,2.5,3200,6691,2.0,0,0,3,7,3200,0,2002,0,98038,47.367,-122.031,2610,6510,2015,5,5,0,0,0,22400,0,0,13,135304,2.86,12.556807332442238,12545,84.88178488178488,15.118215118215117,8.23751596956063,99.08171413361725,51.89424185963978,2.88,13.27901930178551,12318,84.63165017339085,15.368349826609151,8.409014463504876,99.04576700434153,54.23299565846599
2225079030,2014-12-12,2,1.0,960,87991,1.5,0,0,3,5,960,0,1946,0,98014,47.63,-121.9,1940,392040,2014,12,4,0,0,0,4800,0,0,68,149028,2.67,15.914655473941938,2760,80.12255840674071,19.877441593259288,5.053892215568863,98.49246231155779,41.447236180904525,2.71,16.475644699140403,2796,80.17309205350118,19.82690794649882,5.778769841269842,97.50727046115496,41.29621936019942
3578400710,2015-02-06,3,2.0,1010,14183,1.0,0,0,3,8,1010,0,1982,0,98074,47.6232,-122.043,1750,11700,2015,2,4,0,0,0,8080,0,0,33,229104,3.02,10.366720845184885,9070,87.03577124629757,12.96422875370244,4.483074107959744,100.24147476294245,16.24359502915366,3.03,10.087027329635095,8959,87.40808823529412,12.591911764705882,4.416132562138502,100.35249133707731,17.803799737125104
8100000090,2014-11-11,3,2.5,1480,7200,2.0,0,0,5,7,1480,0,1995,0,98010,47.3126,-122.023,1350,7200,2014,11,1,0,0,0,10360,0,0,19,141579,2.57,13.38701560140916,2023,89.75431259801358,10.245687401986409,4.837398373983739,98.27384435342306,56.31948507899356,2.54,11.838658983761132,1978,90.11689691817216,9.883103081827842,4.036620890553475,98.94736842105263,61.702786377708975
2095500040,2014-06-13,3,2.5,2070,8337,2.0,0,0,3,8,2070,0,1997,0,98030,47.3658,-122.176,2030,7248,2014,6,4,0,0,0,16560,0,0,17,85188,3.09,19.65576092087585,12484,47.11751662971175,52.88248337028825,8.260646485377118,97.17440872714266,52.62663745696785,3.0,17.600482618203756,12534,46.087481666810454,53.91251833318954,8.848456113317134,97.94284650470073,53.155543144373084
8682281710,2014-06-20,2,2.5,2770,7781,2.0,0,0,3,8,2770,0,2006,0,98053,47.7072,-122.017,1870,5984,2014,6,4,0,0,0,22160,0,0,8,171822,2.69,9.269278791842558,8377,85.93194514982224,14.068054850177756,4.442119280890326,99.83973288814691,26.8313856427379,2.67,10.823743185947912,8200,82.85419620987496,17.145803790125047,5.704032486542639,99.89091900736297,26.56803926915735
6163901380,2014-11-14,2,1.0,960,8450,1.0,0,0,5,6,960,0,1950,0,98155,47.755,-122.316,1090,8450,2014,11,4,0,0,0,5760,0,0,64,124531,2.48,16.52716001821175,13838,68.1508643268727,31.849135673127293,8.176812638295683,98.1925078457077,38.148015731140504,2.48,17.143465606587636,13823,68.9590238023501,31.040976197649893,9.775827429417362,98.56964422418308,37.801684193561385
6918720080,2015-04-02,6,3.0,2480,12000,2.0,0,0,3,8,2480,0,1972,0,98007,47.6131,-122.145,2220,8580,2015,4,3,0,0,0,19840,0,0,43,118634,2.48,20.499565396404225,11154,35.96800304732883,64.03199695267118,5.613278442135529,98.00031408679266,22.378683976338795,2.46,20.650383547461058,10912,35.5564209911401,64.4435790088599,7.187732216442614,98.34565872363737,24.130375239660367
6914700130,2014-06-15,3,2.0,1900,8100,1.0,0,0,4,7,950,950,1940,0,98115,47.6997,-122.319,1400,6380,2014,6,6,0,0,0,13300,0,1,74,141013,2.36,20.038971348841685,22085,62.56938184923383,37.430618150766165,5.07985950029823,99.48958702950569,21.213527308458662,2.32,19.346653198985,21778,62.75248864405142,37.24751135594858,5.230427913543313,99.63049016040087,21.893457996248916
1205000215,2015-04-29,2,1.5,1090,6750,1.0,0,0,3,7,950,140,1942,0,98117,47.6836,-122.397,1640,6750,2015,4,2,0,0,0,7630,0,1,73,166029,2.29,15.29702030745872,14220,69.81104756388909,30.18895243611091,4.762847806713536,99.83316649983317,23.652819486152822,2.32,15.579379562043796,14093,70.67265234030027,29.327347659699736,4.742001293725432,99.6292707587311,24.463917091460587
3800008,2015-02-24,5,1.5,1990,18200,1.0,0,0,3,7,1990,0,1960,0,98178,47.4938,-122.262,1860,8658,2015,2,1,0,0,0,13930,0,0,55,96875,2.82,20.090596844044004,9752,59.93050885451693,40.06949114548308,5.811326633948742,99.90720334067974,49.350423384758145,2.76,19.902357951594475,9374,62.577187463590825,37.42281253640918,7.69108659417414,99.64886790168302,47.354401259232354
6150200180,2014-07-21,2,1.0,850,6800,1.0,0,0,3,7,850,0,1948,0,98133,47.7282,-122.337,870,6800,2014,7,0,0,0,0,5950,0,0,66,85059,2.18,19.780409147977647,22049,47.43003034828267,52.56996965171733,6.900681086745005,98.7952152014652,40.53628663003663,2.2,19.916468960063266,21780,48.4259846747035,51.57401532529649,9.163212725439678,98.85203345832132,41.53446783963081
1223089066,2014-08-14,4,3.0,3400,211729,2.0,0,0,3,10,3400,0,1998,0,98045,47.4883,-121.725,1760,69696,2014,8,3,0,0,0,34000,0,0,16,154803,2.6,11.896235479081142,5848,76.05357142857143,23.946428571428573,4.146459747817652,98.97304236200257,46.04522563444257,2.62,12.452140619561435,5880,76.65285534137993,23.34714465862007,4.789620468048987,98.46000993541976,46.656731246895184
7768800290,2015-03-04,4,3.5,2890,5911,2.0,0,0,3,9,2370,520,2014,0,98075,47.5754,-122.071,3490,6093,2015,3,2,0,0,0,26010,0,1,1,234261,3.16,10.383283441920526,7595,87.0674447007735,12.93255529922649,3.5686033224927485,99.95167414566794,21.139109423541594,3.16,11.460327261500463,7356,87.72919605077574,12.270803949224259,4.311893639956881,99.93420090656528,21.340839303991814
9285800330,2014-07-02,3,3.75,2670,6517,2.5,0,4,4,8,2020,650,1977,0,98126,47.5702,-122.38,2010,6073,2014,7,2,0,0,0,21360,0,1,37,108072,2.36,17.374538643750345,10242,56.54861693210393,43.45138306789606,4.653176915203527,100.23680854939583,34.264375493351146,2.27,16.627794527561296,10016,55.87763397154776,44.12236602845224,5.641737426518615,99.87504685742846,36.67374734474572
1974300020,2015-02-18,4,2.5,2270,11500,1.0,0,0,3,8,1540,730,1967,0,98034,47.7089,-122.241,2020,10918,2015,2,2,0,0,0,18160,0,1,48,119806,2.43,16.05333943799004,18001,61.237125332716126,38.76287466728388,6.750954198473283,99.64536699635606,34.17816241540864,2.44,17.057790319329666,18171,60.109001406469766,39.89099859353024,7.7933415340661085,99.85536782591545,35.227795674183156
7628700050,2015-03-09,3,2.5,3020,4120,2.0,0,0,3,9,2360,660,2008,0,98126,47.5714,-122.373,2280,4120,2015,3,0,0,0,0,27180,0,1,7,108072,2.36,17.374538643750345,10242,56.54861693210393,43.45138306789606,4.653176915203527,100.23680854939583,34.264375493351146,2.27,16.627794527561296,10016,55.87763397154776,44.12236602845224,5.641737426518615,99.87504685742846,36.67374734474572
9376301800,2015-03-24,4,1.75,1960,4340,1.0,0,0,5,8,980,980,1912,0,98117,47.6847,-122.37,1630,4360,2015,3,1,0,0,0,15680,0,1,103,166029,2.29,15.29702030745872,14220,69.81104756388909,30.18895243611091,4.762847806713536,99.83316649983317,23.652819486152822,2.32,15.579379562043796,14093,70.67265234030027,29.327347659699736,4.742001293725432,99.6292707587311,24.463917091460587
8651430220,2014-07-25,3,1.0,870,5200,1.0,0,0,5,6,870,0,1969,0,98042,47.3702,-122.078,870,5200,2014,7,4,0,0,0,5220,0,0,45,122709,2.84,14.728895746087723,16573,81.84237202230106,18.157627977698937,5.7493896195951795,98.46322368633011,50.75872289700055,2.8,15.359349774536549,16818,82.74386406544997,17.25613593455003,6.523882775213978,98.58030168589174,52.2264944625193
629810350,2014-05-21,4,2.75,3488,9614,2.0,0,0,3,10,3488,0,1998,0,98074,47.6055,-122.013,3600,10891,2014,5,2,0,0,0,34880,0,0,16,229104,3.02,10.366720845184885,9070,87.03577124629757,12.96422875370244,4.483074107959744,100.24147476294245,16.24359502915366,3.03,10.087027329635095,8959,87.40808823529412,12.591911764705882,4.416132562138502,100.35249133707731,17.803799737125104
5016002180,2014-07-08,2,2.5,2560,2500,2.0,0,0,5,8,1690,870,1901,0,98112,47.6233,-122.3,1890,5000,2014,7,1,0,0,0,20480,0,1,113,153204,2.12,20.965110771983372,10930,55.615488345212874,44.38451165478713,5.323420074349442,99.23632488752072,17.546767700686715,2.12,21.08649789029536,11036,54.353054353054354,45.646945646945646,6.614844158756259,99.30969930969931,17.801567801567803
9558010230,2014-05-09,4,2.5,1940,3784,2.0,0,0,3,8,1940,0,2003,0,98058,47.4513,-122.119,1940,4499,2014,5,4,0,0,0,15520,0,0,11,106611,2.78,15.935921408835924,16692,73.01956836343044,26.980431636569556,5.35431150140261,97.63669462323647,42.85157011897796,2.74,16.106225715036956,16367,72.2486806538808,27.751319346119192,6.590114827758363,97.51918859649122,44.01041666666667
8732000390,2014-05-29,3,1.5,1270,11600,1.0,0,0,4,7,1270,0,1964,0,98031,47.4075,-122.196,1380,9945,2014,5,3,0,0,0,8890,0,0,50,98657,2.97,17.82141658274589,12676,64.00824742268041,35.99175257731959,8.799066842478954,97.82912276247302,50.04020143032457,2.99,17.766172506738545,12903,63.46782097353806,36.53217902646194,10.101061398608502,97.60154576385098,48.943588020330154
7899800586,2015-04-09,4,1.0,2300,7680,1.0,0,0,3,7,1270,1030,1959,0,98106,47.524,-122.359,1840,5120,2015,4,3,0,0,0,16100,0,1,56,94762,2.43,20.256740681998416,10747,46.417630200612706,53.58236979938729,9.329466197085837,100.42269832078749,44.035900405327155,2.5,19.96174407768895,10674,48.08038392321536,51.91961607678465,9.873452927270199,101.05257103416542,44.05843782353618
5249802460,2014-12-10,3,1.0,1800,7200,1.0,0,0,3,7,1020,780,1964,0,98118,47.5616,-122.275,1740,5475,2014,12,2,0,0,0,12600,0,1,50,106930,2.75,18.80646044347112,17060,56.44829520663217,43.551704793367826,9.809241901003125,97.62032677053377,37.58809215308283,2.76,18.663888888888888,16861,55.8023285244242,44.1976714755758,10.945570971184631,97.02670100740065,37.2020995663939
1446300020,2014-05-31,4,2.5,2550,6256,2.0,0,0,3,9,2550,0,1992,0,98072,47.7742,-122.166,2460,8256,2014,5,5,0,0,0,22950,0,0,22,157963,2.6,13.507779349363508,9217,75.10030952653904,24.899690473460964,4.844401668270773,98.9697933227345,34.97615262321145,2.6,13.562575408577382,9093,75.71628232005591,24.283717679944093,4.9586119070359755,99.31105530873737,35.92814371257485
7785380150,2014-12-15,4,2.75,2720,6427,1.0,0,0,3,8,1650,1070,2008,0,98146,47.4931,-122.354,2720,8484,2014,12,0,0,0,0,21760,0,1,6,101051,2.8,20.73438156114403,10239,60.939156243375024,39.060843756624976,7.612875658738072,98.09803704114451,45.38649218143507,2.71,20.303089178162036,10155,59.27780144865786,40.72219855134214,9.27133130522961,98.80675038354451,49.75282686516279
1245500950,2015-05-04,4,2.5,2190,6300,1.0,0,3,3,7,1240,950,1960,0,98033,47.6918,-122.216,2730,14659,2015,5,0,0,0,0,15330,0,1,55,163786,2.29,14.715707890692858,16640,64.64853771164701,35.351462288353005,6.13177729151471,100.35475872592028,25.88212855235552,2.3,14.803502341681938,16431,65.22136010953903,34.77863989046098,6.479481641468683,100.68666848737857,27.48234559712848
3362400640,2015-05-12,3,1.75,2010,3090,1.5,0,0,5,7,1510,500,1926,0,98103,47.682,-122.348,1600,3150,2015,5,1,0,0,0,14070,0,1,89,122656,2.11,22.87456037514654,24340,48.11213812347401,51.88786187652599,3.97510133178923,99.1585414718846,18.936823827968478,2.08,23.163301875522638,24335,48.10872624912034,51.89127375087966,4.7532645230375685,99.01151866677559,19.094300574571793
7578200310,2014-11-12,4,2.0,2208,5000,3.0,0,0,5,8,2208,0,1917,0,98116,47.5711,-122.383,1760,5000,2014,11,2,0,0,0,17664,0,0,97,129924,2.05,15.481481481481483,12313,56.0263408716749,43.9736591283251,3.855525297405762,99.08641444539983,26.660576096302663,2.06,16.790914094161206,12217,55.1675732584664,44.8324267415336,4.419769214021336,99.34274850624661,28.636610537751224
4137020910,2015-05-07,3,1.75,1980,9220,2.0,0,0,3,8,1980,0,1987,0,98092,47.2602,-122.219,2080,8305,2015,5,3,0,0,0,15840,0,0,28,112735,2.77,17.21767115272089,16100,70.074142116659,29.92585788334099,8.37161127623165,98.55946766114585,47.855654272238674,2.7,17.027911100241507,15769,70.4232874883162,29.5767125116838,8.278795811518325,98.43809669288933,49.83960895134805
11520640,2014-08-01,4,2.75,3010,10450,2.0,0,0,3,9,3010,0,1996,0,98052,47.6979,-122.112,3010,10530,2014,8,4,0,0,0,27090,0,0,18,158457,2.49,16.67975909924064,26354,53.58728109111451,46.41271890888548,5.135890711012479,99.32081320083873,22.76187437323366,2.43,16.793908754119162,26472,53.10328204716185,46.896717952838145,5.753945061367621,99.18121641257467,25.27158244343474
7972601995,2014-06-16,2,1.0,1200,4880,1.0,0,0,3,6,980,220,1943,0,98106,47.5276,-122.346,1040,4880,2014,6,0,0,0,0,7200,0,1,71,94762,2.43,20.256740681998416,10747,46.417630200612706,53.58236979938729,9.329466197085837,100.42269832078749,44.035900405327155,2.5,19.96174407768895,10674,48.08038392321536,51.91961607678465,9.873452927270199,101.05257103416542,44.05843782353618
8122100160,2014-10-23,3,0.75,1330,7020,1.0,0,0,5,7,1330,0,1924,0,98126,47.5377,-122.376,1410,5802,2014,10,3,0,0,0,9310,0,0,90,108072,2.36,17.374538643750345,10242,56.54861693210393,43.45138306789606,4.653176915203527,100.23680854939583,34.264375493351146,2.27,16.627794527561296,10016,55.87763397154776,44.12236602845224,5.641737426518615,99.87504685742846,36.67374734474572
9456200450,2015-04-27,4,2.5,1900,21780,1.5,0,0,3,7,1900,0,1940,1987,98198,47.3776,-122.314,1240,9166,2015,4,0,1,0,0,13300,0,0,75,76062,2.67,22.07152903355435,14123,54.47965869267103,45.52034130732896,7.476339026066727,96.01030110935024,51.96909667194929,2.66,22.372788556958557,14108,54.52003727865797,45.479962721342034,9.229583126824165,96.58536585365853,50.707716913234705
1328320760,2014-12-18,3,2.5,1810,7350,1.0,0,0,3,8,1310,500,1984,0,98058,47.4434,-122.125,2240,7350,2014,12,3,0,0,0,14480,0,1,30,106611,2.78,15.935921408835924,16692,73.01956836343044,26.980431636569556,5.35431150140261,97.63669462323647,42.85157011897796,2.74,16.106225715036956,16367,72.2486806538808,27.751319346119192,6.590114827758363,97.51918859649122,44.01041666666667
4025300285,2014-10-29,4,1.0,1190,8875,1.5,0,0,4,7,1190,0,1946,0,98155,47.7487,-122.303,1190,8875,2014,10,2,0,0,0,8330,0,0,68,124531,2.48,16.52716001821175,13838,68.1508643268727,31.849135673127293,8.176812638295683,98.1925078457077,38.148015731140504,2.48,17.143465606587636,13823,68.9590238023501,31.040976197649893,9.775827429417362,98.56964422418308,37.801684193561385
2721600125,2015-02-05,5,2.75,2560,5618,1.5,0,2,3,8,2220,340,1923,0,98109,47.6416,-122.355,2740,4000,2015,2,3,0,0,0,20480,0,1,92,124408,1.7,27.800957442136237,15202,28.230758246465797,71.7692417535342,3.0450204638472034,99.08156134571229,20.355395827093943,1.67,27.266207687894433,14434,30.246109023997548,69.75389097600245,3.8523274478330656,99.60608676883228,22.17785452190805
1123049027,2015-03-19,3,1.0,1100,27008,1.0,0,0,3,6,960,140,1935,0,98178,47.4963,-122.249,1280,8890,2015,3,3,0,0,0,6600,0,1,80,96875,2.82,20.090596844044004,9752,59.93050885451693,40.06949114548308,5.811326633948742,99.90720334067974,49.350423384758145,2.76,19.902357951594475,9374,62.577187463590825,37.42281253640918,7.69108659417414,99.64886790168302,47.354401259232354
3542300060,2015-03-11,3,1.0,860,11725,1.0,0,0,4,6,860,0,1943,0,98056,47.5093,-122.184,1300,9514,2015,3,2,0,0,0,5160,0,0,72,102196,2.51,19.700650139315567,13893,51.64368244502423,48.356317554975774,6.624963057826815,97.99134991266739,42.58920402561757,2.56,20.747436492907926,13631,51.246200607902736,48.753799392097264,7.454338464584468,97.1547942343848,43.680802172550656
291310340,2014-07-08,3,3.5,2490,3582,2.0,0,0,3,8,1720,770,2005,0,98027,47.5338,-122.067,1445,1590,2014,7,1,0,0,0,19920,0,1,9,140556,2.54,13.249890206411946,11360,71.30082050336497,28.699179496635015,4.680932365303783,100.03016439595798,34.07571263385451,2.48,13.001025458112265,11363,70.81061096219614,29.189389037803863,5.410590943975442,99.23960116829488,32.964044717494204
8651720420,2015-04-28,4,2.5,1930,8040,1.0,0,0,3,7,1380,550,1978,0,98034,47.7283,-122.218,2080,7200,2015,4,1,0,0,0,13510,0,1,37,119806,2.43,16.05333943799004,18001,61.237125332716126,38.76287466728388,6.750954198473283,99.64536699635606,34.17816241540864,2.44,17.057790319329666,18171,60.109001406469766,39.89099859353024,7.7933415340661085,99.85536782591545,35.227795674183156
3298200790,2014-08-12,3,1.0,1270,8000,1.0,0,0,4,6,1270,0,1959,0,98008,47.6175,-122.118,1210,7875,2014,8,1,0,0,0,7620,0,0,55,164219,2.69,15.393666045690754,9357,72.43788819875776,27.562111801242235,6.570794767842117,99.65975011155734,31.626506024096386,2.69,15.761031234506692,9349,72.46019286835613,27.53980713164387,7.243693589446886,99.19940949352714,32.716329775153305
4037200585,2014-07-23,3,2.5,1090,7700,1.0,0,0,4,7,1090,0,1957,0,98008,47.607,-122.12,1740,7700,2014,7,2,0,0,0,7630,0,0,57,164219,2.69,15.393666045690754,9357,72.43788819875776,27.562111801242235,6.570794767842117,99.65975011155734,31.626506024096386,2.69,15.761031234506692,9349,72.46019286835613,27.53980713164387,7.243693589446886,99.19940949352714,32.716329775153305
1329000090,2014-12-19,4,3.5,3930,39098,2.0,0,0,3,12,3930,0,1999,0,98005,47.6399,-122.158,4250,38682,2014,12,4,0,0,1,47160,0,0,15,151297,2.35,15.897297661567492,8146,56.48061808978287,43.51938191021713,7.278904560897765,100.07012622720896,23.796166432912578,2.35,15.411255411255413,8229,55.90447288560496,44.09552711439504,8.25257574211976,99.94462463412704,24.04081955541492
9279700013,2014-07-10,3,3.0,3460,5353,2.0,0,0,3,10,2850,610,2007,0,98116,47.5858,-122.393,2460,6325,2014,7,3,0,0,0,34600,0,1,7,129924,2.05,15.481481481481483,12313,56.0263408716749,43.9736591283251,3.855525297405762,99.08641444539983,26.660576096302663,2.06,16.790914094161206,12217,55.1675732584664,44.8324267415336,4.419769214021336,99.34274850624661,28.636610537751224
4151800265,2015-03-06,3,1.0,1010,6120,1.0,0,0,3,6,1010,0,1942,0,98033,47.6648,-122.204,1260,5977,2015,3,4,0,0,0,6060,0,0,73,163786,2.29,14.715707890692858,16640,64.64853771164701,35.351462288353005,6.13177729151471,100.35475872592028,25.88212855235552,2.3,14.803502341681938,16431,65.22136010953903,34.77863989046098,6.479481641468683,100.68666848737857,27.48234559712848
7760400210,2015-02-24,3,2.0,1310,8454,1.0,0,0,3,7,1310,0,1994,0,98042,47.3697,-122.075,1310,8454,2015,2,1,0,0,0,9170,0,0,21,122709,2.84,14.728895746087723,16573,81.84237202230106,18.157627977698937,5.7493896195951795,98.46322368633011,50.75872289700055,2.8,15.359349774536549,16818,82.74386406544997,17.25613593455003,6.523882775213978,98.58030168589174,52.2264944625193
5029450110,2015-03-27,3,1.5,1410,8415,1.0,0,0,4,7,780,630,1982,0,98023,47.2914,-122.368,1440,7361,2015,3,4,0,0,0,9870,0,1,33,98057,2.84,17.422428414646312,18530,66.81093394077449,33.18906605922551,7.981084030556566,98.90960038986356,53.08845029239766,2.81,18.088104608353433,18625,64.76571428571428,35.23428571428571,8.736678507992895,98.46469418199901,51.54462953754351
9492500160,2014-07-23,4,2.75,3080,7242,2.0,0,0,3,9,3080,0,2014,0,98033,47.6948,-122.178,3010,7205,2014,7,2,0,0,0,27720,0,0,0,163786,2.29,14.715707890692858,16640,64.64853771164701,35.351462288353005,6.13177729151471,100.35475872592028,25.88212855235552,2.3,14.803502341681938,16431,65.22136010953903,34.77863989046098,6.479481641468683,100.68666848737857,27.48234559712848
3578400270,2014-06-23,3,1.75,1300,12731,1.0,0,0,3,8,1300,0,1981,0,98074,47.6236,-122.04,1700,13556,2014,6,0,0,0,0,10400,0,0,33,229104,3.02,10.366720845184885,9070,87.03577124629757,12.96422875370244,4.483074107959744,100.24147476294245,16.24359502915366,3.03,10.087027329635095,8959,87.40808823529412,12.591911764705882,4.416132562138502,100.35249133707731,17.803799737125104
7606200090,2015-03-27,2,1.0,1160,5750,1.0,0,0,4,6,1160,0,1924,0,98065,47.5322,-121.829,1160,8250,2015,3,4,0,0,0,6960,0,0,91,175750,2.93,10.615415255925114,4953,79.75811584977721,20.241884150222788,4.1850514774702505,99.11081471601645,30.999221962876515,2.91,8.78239184647078,4755,78.93797411869701,21.06202588130299,4.645161290322581,99.65219477092828,32.369872871192136
3682000050,2014-10-13,4,2.5,2632,4117,2.0,0,0,3,8,2632,0,2013,0,98001,47.3428,-122.278,2040,5195,2014,10,0,0,0,0,21056,0,0,1,103338,2.88,16.70823899612418,11853,78.03582680709334,21.964173192906653,7.520990889060918,99.03689573349462,55.469222537570374,2.84,16.314553990610328,11718,77.66858997475659,22.33141002524342,8.275337739049068,97.7865131732884,55.145303944967004
1250200415,2014-06-09,2,1.75,1060,1241,2.0,0,0,3,7,960,100,2008,0,98144,47.5999,-122.3,1170,1400,2014,6,0,0,0,0,7420,0,1,6,97953,2.26,24.435394298408,13211,47.05356417134033,52.94643582865967,4.982979222913488,99.13933472900675,31.98883461270063,2.24,23.04151393743074,12994,47.69384193467963,52.306158065320375,6.687801012009999,99.23316558830577,31.929067816918284
629811600,2014-07-24,4,2.5,2740,10533,2.0,0,0,3,9,2740,0,1997,0,98074,47.6095,-122.006,2760,8603,2014,7,3,0,0,0,24660,0,0,17,229104,3.02,10.366720845184885,9070,87.03577124629757,12.96422875370244,4.483074107959744,100.24147476294245,16.24359502915366,3.03,10.087027329635095,8959,87.40808823529412,12.591911764705882,4.416132562138502,100.35249133707731,17.803799737125104
1839500115,2014-07-12,4,1.5,2220,6811,1.0,0,0,4,7,1270,950,1961,0,98056,47.5059,-122.193,1800,7350,2014,7,5,0,0,0,15540,0,1,53,102196,2.51,19.700650139315567,13893,51.64368244502423,48.356317554975774,6.624963057826815,97.99134991266739,42.58920402561757,2.56,20.747436492907926,13631,51.246200607902736,48.753799392097264,7.454338464584468,97.1547942343848,43.680802172550656
1176001293,2014-06-17,3,3.25,4340,4947,2.0,0,3,3,11,3060,1280,1993,0,98107,47.6709,-122.406,1680,5250,2014,6,1,0,0,1,47740,0,1,21,131559,1.93,23.823613629855874,12707,35.71075197889182,64.28924802110818,5.1404627006610015,99.34580861098434,21.74552462092398,1.92,23.06289432176656,12416,34.91419393017161,65.0858060698284,6.3046647230320705,99.24250394529194,22.530247238295633
3013300409,2015-03-12,2,1.0,1220,6300,1.0,0,0,3,7,760,460,1942,0,98136,47.5299,-122.387,1850,4886,2015,3,3,0,0,0,8540,0,1,73,144659,2.13,15.69451876767831,7483,65.10981373366694,34.89018626633305,3.7052720728350628,99.55093555093555,32.71517671517671,2.14,17.20172866183053,7488,65.71508929827029,34.284910701729714,5.032728833565833,98.98634497780012,33.358465276032504
7853280370,2014-11-14,5,4.5,4600,7810,2.0,0,0,3,9,3200,1400,2006,0,98065,47.5381,-121.86,4480,6324,2014,11,4,0,0,0,41400,0,1,8,175750,2.93,10.615415255925114,4953,79.75811584977721,20.241884150222788,4.1850514774702505,99.11081471601645,30.999221962876515,2.91,8.78239184647078,4755,78.93797411869701,21.06202588130299,4.645161290322581,99.65219477092828,32.369872871192136
3275780030,2015-03-11,4,2.25,2190,9009,2.0,0,0,4,8,1840,350,1977,0,98033,47.6916,-122.188,2190,10251,2015,3,2,0,0,0,17520,0,1,38,163786,2.29,14.715707890692858,16640,64.64853771164701,35.351462288353005,6.13177729151471,100.35475872592028,25.88212855235552,2.3,14.803502341681938,16431,65.22136010953903,34.77863989046098,6.479481641468683,100.68666848737857,27.48234559712848
3336001946,2015-03-07,2,1.0,900,4500,1.0,0,0,3,7,900,0,1951,0,98118,47.5273,-122.265,1175,5320,2015,3,5,0,0,0,6300,0,0,64,106930,2.75,18.80646044347112,17060,56.44829520663217,43.551704793367826,9.809241901003125,97.62032677053377,37.58809215308283,2.76,18.663888888888888,16861,55.8023285244242,44.1976714755758,10.945570971184631,97.02670100740065,37.2020995663939
5456000110,2015-04-16,5,3.0,2830,8854,1.0,0,0,4,8,1500,1330,1979,0,98040,47.5743,-122.209,2260,8604,2015,4,3,0,0,0,22640,0,1,36,190985,2.51,9.818010174647295,10179,71.95032870708546,28.049671292914535,5.143830092302178,100.51344885932669,15.986930392671683,2.49,9.62381105055039,10139,74.13847948255751,25.861520517442475,4.498525073746313,100.2252118769632,17.157589047590825
2473250400,2014-09-24,4,2.0,1780,10622,1.0,0,0,4,7,900,880,1976,0,98058,47.4573,-122.158,1550,8900,2014,9,2,0,0,0,12460,0,1,38,106611,2.78,15.935921408835924,16692,73.01956836343044,26.980431636569556,5.35431150140261,97.63669462323647,42.85157011897796,2.74,16.106225715036956,16367,72.2486806538808,27.751319346119192,6.590114827758363,97.51918859649122,44.01041666666667
5393601635,2014-12-29,5,2.0,2220,6000,1.5,0,0,4,7,1390,830,1925,0,98144,47.5822,-122.295,1600,6000,2014,12,0,0,0,0,15540,0,1,89,97953,2.26,24.435394298408,13211,47.05356417134033,52.94643582865967,4.982979222913488,99.13933472900675,31.98883461270063,2.24,23.04151393743074,12994,47.69384193467963,52.306158065320375,6.687801012009999,99.23316558830577,31.929067816918284
8820902905,2014-08-22,3,1.5,1240,7733,1.0,0,0,3,6,790,450,1941,0,98125,47.714,-122.283,1130,7733,2014,8,4,0,0,0,7440,0,1,73,89983,2.18,19.775984583885343,18882,47.03408836061897,52.96591163938103,6.25,100.80028203772255,32.942005993301606,2.12,19.175038337558288,18728,45.79247434435576,54.20752565564424,6.600554974298321,100.34034541438865,33.71592019986242
1245001659,2014-08-21,3,2.5,1980,7807,2.0,0,0,4,9,1980,0,1989,0,98033,47.6884,-122.204,1590,7579,2014,8,3,0,0,0,17820,0,0,25,163786,2.29,14.715707890692858,16640,64.64853771164701,35.351462288353005,6.13177729151471,100.35475872592028,25.88212855235552,2.3,14.803502341681938,16431,65.22136010953903,34.77863989046098,6.479481641468683,100.68666848737857,27.48234559712848
1523069215,2014-06-03,3,1.75,2220,132858,1.0,0,0,3,7,1110,1110,1988,0,98027,47.4853,-122.034,2130,77536,2014,6,1,0,0,0,15540,0,1,26,140556,2.54,13.249890206411946,11360,71.30082050336497,28.699179496635015,4.680932365303783,100.03016439595798,34.07571263385451,2.48,13.001025458112265,11363,70.81061096219614,29.189389037803863,5.410590943975442,99.23960116829488,32.964044717494204
930000234,2015-04-21,4,2.0,2260,7680,1.0,0,0,4,7,1130,1130,1947,0,98177,47.7193,-122.361,1800,7680,2015,4,1,0,0,0,15820,0,1,68,153542,2.43,13.07924984875983,8212,79.67166859048352,20.32833140951648,5.038420387121875,99.43356309288201,27.4619531836484,2.43,12.346137193047566,8127,81.14840062926062,18.85159937073938,4.7893884163628995,99.46581196581197,26.716524216524217
4083301645,2014-10-24,3,1.0,1550,6840,1.5,0,0,3,7,1550,0,1918,0,98103,47.6572,-122.335,2370,4560,2014,10,4,0,0,0,10850,0,0,96,122656,2.11,22.87456037514654,24340,48.11213812347401,51.88786187652599,3.97510133178923,99.1585414718846,18.936823827968478,2.08,23.163301875522638,24335,48.10872624912034,51.89127375087966,4.7532645230375685,99.01151866677559,19.094300574571793
4055700778,2014-11-14,4,2.5,3180,20870,2.0,0,0,3,8,2120,1060,1967,0,98034,47.7176,-122.241,2700,14190,2014,11,4,0,0,0,25440,0,1,47,119806,2.43,16.05333943799004,18001,61.237125332716126,38.76287466728388,6.750954198473283,99.64536699635606,34.17816241540864,2.44,17.057790319329666,18171,60.109001406469766,39.89099859353024,7.7933415340661085,99.85536782591545,35.227795674183156
2781230080,2015-04-08,4,2.5,3040,6000,2.0,0,0,3,9,3040,0,2007,0,98038,47.3473,-122.03,2640,6000,2015,4,2,0,0,0,27360,0,0,8,135304,2.86,12.556807332442238,12545,84.88178488178488,15.118215118215117,8.23751596956063,99.08171413361725,51.89424185963978,2.88,13.27901930178551,12318,84.63165017339085,15.368349826609151,8.409014463504876,99.04576700434153,54.23299565846599
3629910210,2014-11-03,3,2.5,2510,4106,2.0,0,0,3,9,2510,0,2003,0,98029,47.5494,-121.994,2470,4106,2014,11,0,0,0,0,22590,0,0,11,156427,2.51,10.307103610675039,11144,68.2339558251967,31.766044174803298,6.658926376178117,99.6974697469747,23.432343234323433,2.49,9.80519156992676,11047,66.38615281629531,33.6138471837047,7.2508398656215,99.70228064262442,25.536456577912592
7856700060,2015-04-13,6,2.5,2820,8600,1.0,0,0,5,8,1430,1390,1967,0,98006,47.565,-122.144,2070,8900,2015,4,0,0,0,0,22560,0,1,48,185991,2.82,14.267360653577546,13727,77.46436154079466,22.535638459205337,6.640385009215646,100.15012703056432,27.042112556778815,2.81,13.709650387155165,13558,77.95756373072813,22.042436269271867,7.3147711184521,100.43854542632049,26.78619940233632
7589700055,2014-06-11,2,1.25,1240,2150,2.0,0,0,3,8,1240,0,2014,0,98117,47.6884,-122.374,1340,5289,2014,6,2,0,0,0,9920,0,0,0,166029,2.29,15.29702030745872,14220,69.81104756388909,30.18895243611091,4.762847806713536,99.83316649983317,23.652819486152822,2.32,15.579379562043796,14093,70.67265234030027,29.327347659699736,4.742001293725432,99.6292707587311,24.463917091460587
3888100043,2014-05-07,3,1.0,1010,9360,1.0,0,0,3,6,1010,0,1981,0,98033,47.6874,-122.168,1470,9360,2014,5,2,0,0,0,6060,0,0,33,163786,2.29,14.715707890692858,16640,64.64853771164701,35.351462288353005,6.13177729151471,100.35475872592028,25.88212855235552,2.3,14.803502341681938,16431,65.22136010953903,34.77863989046098,6.479481641468683,100.68666848737857,27.48234559712848
6381501636,2014-08-20,3,1.0,1780,6840,2.0,0,0,4,6,1780,0,1947,0,98125,47.727,-122.3,1410,7200,2014,8,2,0,0,0,10680,0,0,67,89983,2.18,19.775984583885343,18882,47.03408836061897,52.96591163938103,6.25,100.80028203772255,32.942005993301606,2.12,19.175038337558288,18728,45.79247434435576,54.20752565564424,6.600554974298321,100.34034541438865,33.71592019986242
3303951150,2015-02-04,4,2.5,2480,8563,2.0,0,0,3,8,2480,0,1992,0,98038,47.381,-122.033,2460,8660,2015,2,2,0,0,0,19840,0,0,23,135304,2.86,12.556807332442238,12545,84.88178488178488,15.118215118215117,8.23751596956063,99.08171413361725,51.89424185963978,2.88,13.27901930178551,12318,84.63165017339085,15.368349826609151,8.409014463504876,99.04576700434153,54.23299565846599
8638500170,2015-04-22,3,1.0,1980,8505,1.0,0,0,3,7,1030,950,1965,0,98106,47.538,-122.353,1830,8505,2015,4,2,0,0,0,13860,0,1,50,94762,2.43,20.256740681998416,10747,46.417630200612706,53.58236979938729,9.329466197085837,100.42269832078749,44.035900405327155,2.5,19.96174407768895,10674,48.08038392321536,51.91961607678465,9.873452927270199,101.05257103416542,44.05843782353618
5635100050,2014-11-21,4,3.25,2864,8035,3.0,0,0,3,8,2864,0,2014,0,98030,47.3746,-122.189,2419,8984,2014,11,4,0,0,0,22912,0,0,0,85188,3.09,19.65576092087585,12484,47.11751662971175,52.88248337028825,8.260646485377118,97.17440872714266,52.62663745696785,3.0,17.600482618203756,12534,46.087481666810454,53.91251833318954,8.848456113317134,97.94284650470073,53.155543144373084
8820901792,2014-07-11,4,2.75,3040,7274,2.0,0,3,3,9,2320,720,1986,0,98125,47.7184,-122.28,2830,10080,2014,7,4,0,0,0,27360,0,1,28,89983,2.18,19.775984583885343,18882,47.03408836061897,52.96591163938103,6.25,100.80028203772255,32.942005993301606,2.12,19.175038337558288,18728,45.79247434435576,54.20752565564424,6.600554974298321,100.34034541438865,33.71592019986242
5456000025,2014-12-01,5,3.5,3420,8000,2.0,0,0,3,10,3420,0,2006,0,98040,47.5736,-122.212,1900,8000,2014,12,0,0,0,0,34200,0,0,8,190985,2.51,9.818010174647295,10179,71.95032870708546,28.049671292914535,5.143830092302178,100.51344885932669,15.986930392671683,2.49,9.62381105055039,10139,74.13847948255751,25.861520517442475,4.498525073746313,100.2252118769632,17.157589047590825
985001275,2014-06-20,1,1.0,800,16306,1.0,0,0,2,6,680,120,1931,0,98168,47.4916,-122.308,1270,8666,2014,6,4,0,0,0,4800,0,1,83,77935,2.8,20.49963262307127,12139,52.17844124283978,47.82155875716022,8.562583961217218,96.41425186805176,54.26006925460178,2.89,20.8829290342022,12234,50.7457509538675,49.2542490461325,11.205219182785854,97.16754897968418,53.68535360390933
9560500105,2015-04-24,4,2.25,2860,11545,1.0,0,0,4,8,1430,1430,1966,0,98005,47.588,-122.168,2190,11396,2015,4,4,0,0,0,22880,0,1,49,151297,2.35,15.897297661567492,8146,56.48061808978287,43.51938191021713,7.278904560897765,100.07012622720896,23.796166432912578,2.35,15.411255411255413,8229,55.90447288560496,44.09552711439504,8.25257574211976,99.94462463412704,24.04081955541492
1421069117,2015-04-17,3,1.5,1460,13503,1.0,0,0,4,6,1460,0,1977,0,98010,47.3119,-122.015,1460,13394,2015,4,4,0,0,0,8760,0,0,38,141579,2.57,13.38701560140916,2023,89.75431259801358,10.245687401986409,4.837398373983739,98.27384435342306,56.31948507899356,2.54,11.838658983761132,1978,90.11689691817216,9.883103081827842,4.036620890553475,98.94736842105263,61.702786377708975
4154300296,2015-03-18,3,1.0,960,5030,1.0,0,0,3,7,960,0,1955,0,98118,47.5611,-122.28,1460,5400,2015,3,2,0,0,0,6720,0,0,60,106930,2.75,18.80646044347112,17060,56.44829520663217,43.551704793367826,9.809241901003125,97.62032677053377,37.58809215308283,2.76,18.663888888888888,16861,55.8023285244242,44.1976714755758,10.945570971184631,97.02670100740065,37.2020995663939
795000620,2014-12-15,3,1.0,1080,6250,1.0,0,0,2,5,1080,0,1950,0,98168,47.5045,-122.33,1070,6250,2014,12,0,0,0,0,5400,0,0,64,77935,2.8,20.49963262307127,12139,52.17844124283978,47.82155875716022,8.562583961217218,96.41425186805176,54.26006925460178,2.89,20.8829290342022,12234,50.7457509538675,49.2542490461325,11.205219182785854,97.16754897968418,53.68535360390933
9828702335,2015-02-12,2,2.0,1140,690,2.0,0,0,3,8,760,380,2014,0,98112,47.6205,-122.3,1480,1171,2015,2,3,0,0,0,9120,0,1,1,153204,2.12,20.965110771983372,10930,55.615488345212874,44.38451165478713,5.323420074349442,99.23632488752072,17.546767700686715,2.12,21.08649789029536,11036,54.353054353054354,45.646945646945646,6.614844158756259,99.30969930969931,17.801567801567803
1250202145,2014-08-28,2,2.25,3900,14864,1.0,0,3,3,8,1950,1950,1947,0,98144,47.5884,-122.291,2580,5184,2014,8,3,0,0,0,31200,0,1,67,97953,2.26,24.435394298408,13211,47.05356417134033,52.94643582865967,4.982979222913488,99.13933472900675,31.98883461270063,2.24,23.04151393743074,12994,47.69384193467963,52.306158065320375,6.687801012009999,99.23316558830577,31.929067816918284
1163400070,2014-11-12,3,1.0,1660,21514,1.0,0,0,4,7,1660,0,1973,0,98022,47.2159,-121.964,1660,21600,2014,11,2,0,0,0,11620,0,0,41,112818,2.51,14.782116581777025,9214,71.14731044181414,28.85268955818587,6.198934280639431,94.7731755424063,59.927679158448385,2.52,13.98300218215229,9049,70.50333969465649,29.496660305343514,7.5844202251206,95.85578394199428,61.64438235881061
5652600065,2014-10-10,5,1.75,2660,10637,1.5,0,0,5,7,1670,990,1922,0,98115,47.6945,-122.292,1570,6825,2014,10,4,0,0,0,18620,0,1,92,141013,2.36,20.038971348841685,22085,62.56938184923383,37.430618150766165,5.07985950029823,99.48958702950569,21.213527308458662,2.32,19.346653198985,21778,62.75248864405142,37.24751135594858,5.230427913543313,99.63049016040087,21.893457996248916
1042700050,2014-07-23,5,2.75,3010,5398,2.0,0,0,3,9,3010,0,2014,0,98074,47.6067,-122.053,3360,5407,2014,7,2,0,0,0,27090,0,0,0,229104,3.02,10.366720845184885,9070,87.03577124629757,12.96422875370244,4.483074107959744,100.24147476294245,16.24359502915366,3.03,10.087027329635095,8959,87.40808823529412,12.591911764705882,4.416132562138502,100.35249133707731,17.803799737125104
8899210320,2014-08-20,3,2.25,2200,8000,2.0,0,0,3,8,2200,0,1981,0,98055,47.4522,-122.208,2170,8000,2014,8,2,0,0,0,17600,0,0,33,90525,2.52,17.770148765734834,9457,52.904097253489425,47.09590274651058,6.387272021730695,100.09902828495389,48.560995234263785,2.46,17.95350415747497,9186,54.91396235131077,45.08603764868923,6.44159566844494,98.96273530541683,49.161224228454344
1651800030,2014-08-29,4,2.25,2920,20400,1.0,0,0,4,11,2920,0,1966,0,98004,47.6237,-122.228,3080,20400,2014,8,4,0,0,1,32120,0,0,48,157784,2.09,16.09075919420747,17462,44.548266529191906,55.451733470808094,6.039425544695026,99.71498371335505,20.39087947882736,2.11,16.54254118709095,16773,45.298507462686565,54.701492537313435,6.137602970182156,99.6095090971507,22.202197047717128
2919201365,2014-06-16,4,2.75,2610,4160,3.0,0,0,5,8,1910,700,1910,0,98103,47.6901,-122.357,1470,4140,2014,6,0,0,0,0,20880,0,1,104,122656,2.11,22.87456037514654,24340,48.11213812347401,51.88786187652599,3.97510133178923,99.1585414718846,18.936823827968478,2.08,23.163301875522638,24335,48.10872624912034,51.89127375087966,4.7532645230375685,99.01151866677559,19.094300574571793
4365200895,2015-04-17,4,1.0,1210,7740,1.5,0,0,3,7,1210,0,1922,0,98126,47.5216,-122.374,1100,7740,2015,4,4,0,0,0,8470,0,0,93,108072,2.36,17.374538643750345,10242,56.54861693210393,43.45138306789606,4.653176915203527,100.23680854939583,34.264375493351146,2.27,16.627794527561296,10016,55.87763397154776,44.12236602845224,5.641737426518615,99.87504685742846,36.67374734474572
6841700100,2014-09-29,3,3.5,2420,4000,2.0,0,0,5,9,1820,600,1907,0,98122,47.6054,-122.295,2030,4550,2014,9,0,0,0,0,21780,0,1,107,94548,1.96,34.44654683065279,17551,33.21537815630061,66.7846218436994,4.870675176352032,98.85230330853253,23.880006332119677,1.95,33.01648693828051,17176,33.65877772971637,66.34122227028362,6.536089637800748,98.60956388992037,25.23827206337418
7376300060,2014-05-15,3,1.5,1260,10350,1.0,0,0,3,7,1260,0,1959,0,98008,47.6357,-122.123,1800,10350,2014,5,3,0,0,0,8820,0,0,55,164219,2.69,15.393666045690754,9357,72.43788819875776,27.562111801242235,6.570794767842117,99.65975011155734,31.626506024096386,2.69,15.761031234506692,9349,72.46019286835613,27.53980713164387,7.243693589446886,99.19940949352714,32.716329775153305
7852090180,2014-08-04,3,3.5,2500,4270,2.0,0,0,3,8,2500,0,2000,0,98065,47.536,-121.877,2420,4205,2014,8,0,0,0,0,20000,0,0,14,175750,2.93,10.615415255925114,4953,79.75811584977721,20.241884150222788,4.1850514774702505,99.11081471601645,30.999221962876515,2.91,8.78239184647078,4755,78.93797411869701,21.06202588130299,4.645161290322581,99.65219477092828,32.369872871192136
9222400565,2014-10-17,2,1.0,1100,3500,1.0,0,0,5,7,1100,0,1908,0,98115,47.6741,-122.323,2050,4000,2014,10,4,0,0,0,7700,0,0,106,141013,2.36,20.038971348841685,22085,62.56938184923383,37.430618150766165,5.07985950029823,99.48958702950569,21.213527308458662,2.32,19.346653198985,21778,62.75248864405142,37.24751135594858,5.230427913543313,99.63049016040087,21.893457996248916
9542400075,2014-06-06,4,2.0,2230,9900,1.5,0,0,5,9,2230,0,1959,0,98005,47.5979,-122.173,2510,11041,2014,6,4,0,0,0,20070,0,0,55,151297,2.35,15.897297661567492,8146,56.48061808978287,43.51938191021713,7.278904560897765,100.07012622720896,23.796166432912578,2.35,15.411255411255413,8229,55.90447288560496,44.09552711439504,8.25257574211976,99.94462463412704,24.04081955541492
7338000150,2015-01-29,2,1.0,1070,4200,1.0,0,0,4,6,1070,0,1983,0,98002,47.3336,-122.215,1150,4200,2015,1,3,0,0,0,6420,0,0,32,68040,2.64,18.596016244440147,13738,50.49263025143848,49.50736974856152,8.921506062539885,96.5053019824804,61.71046565237437,2.61,18.7400560648534,13981,49.973103819257666,50.026896180742334,11.200844877927564,96.62962288212789,60.11568591728912
4322500110,2015-03-03,3,1.75,2160,5760,1.0,0,0,4,8,1260,900,1954,0,98136,47.5346,-122.391,2090,5760,2015,3,1,0,0,0,17280,0,1,61,144659,2.13,15.69451876767831,7483,65.10981373366694,34.89018626633305,3.7052720728350628,99.55093555093555,32.71517671517671,2.14,17.20172866183053,7488,65.71508929827029,34.284910701729714,5.032728833565833,98.98634497780012,33.358465276032504
7694200070,2014-05-21,4,2.5,2220,4228,2.0,0,0,3,8,2220,0,2014,0,98146,47.5014,-122.341,2220,4157,2014,5,2,0,0,0,17760,0,0,0,101051,2.8,20.73438156114403,10239,60.939156243375024,39.060843756624976,7.612875658738072,98.09803704114451,45.38649218143507,2.71,20.303089178162036,10155,59.27780144865786,40.72219855134214,9.27133130522961,98.80675038354451,49.75282686516279
9321010130,2015-03-12,3,1.75,1390,8980,1.0,0,0,4,8,1390,0,1985,0,98022,47.2015,-122.005,1770,9085,2015,3,3,0,0,0,11120,0,0,30,112818,2.51,14.782116581777025,9214,71.14731044181414,28.85268955818587,6.198934280639431,94.7731755424063,59.927679158448385,2.52,13.98300218215229,9049,70.50333969465649,29.496660305343514,7.5844202251206,95.85578394199428,61.64438235881061
3204300455,2014-08-22,3,2.25,2930,6000,2.0,0,2,3,11,1920,1010,2000,0,98112,47.6301,-122.301,1870,5040,2014,8,4,0,0,1,32230,0,1,14,153204,2.12,20.965110771983372,10930,55.615488345212874,44.38451165478713,5.323420074349442,99.23632488752072,17.546767700686715,2.12,21.08649789029536,11036,54.353054353054354,45.646945646945646,6.614844158756259,99.30969930969931,17.801567801567803
6706000040,2015-04-23,4,2.25,2000,10679,1.0,0,0,3,7,1350,650,1960,0,98148,47.4238,-122.329,1650,8875,2015,4,3,0,0,0,14000,0,1,55,81431,2.49,20.801797540208135,4634,39.694835680751176,60.305164319248824,5.8074923821473385,96.5266676355181,52.01278883883157,2.46,21.21500893388922,4554,42.75695284159613,57.24304715840387,8.75373527860784,96.37251998815518,55.13769618004146
